timestamp_utc,checkpoint,coin,p1_sentiment,p2_dma,p3_rsi,p4_rvol,p5_volz,p6_funding,p7_oi,p8_stables,p9_mvrv,p10_fg,bullish,bearish,state,notes
2026-08-02T19:29:44Z,2026-08-02 PM,AAVE,Neutral,Neutral,Neutral,Neutral,Neutral,Bullish,Neutral,Bearish,Bullish,Neutral,2,1,none,"p1 Neutral: no Grok/X sentiment source wired at inception; mechanical labels reviewed, no overrides"
2026-08-02T19:29:44Z,2026-08-02 PM,ADA,Neutral,Neutral,Bullish,Neutral,Bullish,Bullish,Bullish,Bearish,Bullish,Neutral,5,1,none,"p1 Neutral: no Grok/X sentiment source wired at inception; mechanical labels reviewed, no overrides"
2026-08-02T19:29:44Z,2026-08-02 PM,ARB,Neutral,Bearish,Neutral,Neutral,Neutral,Bullish,Neutral,Bearish,Bullish,Neutral,2,2,none,"p1 Neutral: no Grok/X sentiment source wired at inception; mechanical labels reviewed, no overrides"
2026-08-02T19:29:44Z,2026-08-02 PM,BCH,Neutral,Bearish,Neutral,Neutral,Neutral,Bullish,Neutral,Bearish,Bullish,Neutral,2,2,none,"p1 Neutral: no Grok/X sentiment source wired at inception; mechanical labels reviewed, no overrides"
2026-08-02T19:29:44Z,2026-08-02 PM,BNB,Neutral,Neutral,Bullish,Bullish,Neutral,Bullish,Neutral,Bearish,Bullish,Neutral,4,1,none,"p1 Neutral: no Grok/X sentiment source wired at inception; mechanical labels reviewed, no overrides"
2026-08-02T19:29:44Z,2026-08-02 PM,BTC,Neutral,Bearish,Neutral,Neutral,Neutral,Bullish,Neutral,Bearish,Bullish,Neutral,2,2,none,"p1 Neutral: no Grok/X sentiment source wired at inception; mechanical labels reviewed, no overrides"
2026-08-02T19:29:44Z,2026-08-02 PM,CAKE,Neutral,Neutral,Bullish,Bullish,Neutral,Bullish,Neutral,Bearish,Bullish,Neutral,4,1,none,"p1 Neutral: no Grok/X sentiment source wired at inception; mechanical labels reviewed, no overrides"
2026-08-02T19:29:44Z,2026-08-02 PM,DOGE,Neutral,Bearish,Bearish,Neutral,Neutral,Bullish,Neutral,Bearish,Bullish,Neutral,2,3,none,"p1 Neutral: no Grok/X sentiment source wired at inception; mechanical labels reviewed, no overrides"
2026-08-02T19:29:44Z,2026-08-02 PM,ENA,Neutral,Neutral,Bullish,Bearish,Bullish,Bullish,Neutral,Bearish,Bullish,Neutral,4,2,none,"p1 Neutral: no Grok/X sentiment source wired at inception; mechanical labels reviewed, no overrides"
2026-08-02T19:29:44Z,2026-08-02 PM,ETH,Neutral,Neutral,Neutral,Neutral,Neutral,Bullish,Neutral,Bearish,Bullish,Neutral,2,1,none,"p1 Neutral: no Grok/X sentiment source wired at inception; mechanical labels reviewed, no overrides"
2026-08-02T19:29:44Z,2026-08-02 PM,ETHFI,Neutral,Neutral,Neutral,Bullish,Neutral,Bullish,Neutral,Bearish,Bullish,Neutral,3,1,none,"p1 Neutral: no Grok/X sentiment source wired at inception; mechanical labels reviewed, no overrides"
2026-08-02T19:29:44Z,2026-08-02 PM,FIL,Neutral,Bearish,Neutral,Bearish,Neutral,Bullish,Neutral,Bearish,Bullish,Neutral,2,3,none,"p1 Neutral: no Grok/X sentiment source wired at inception; mechanical labels reviewed, no overrides"
2026-08-02T19:29:44Z,2026-08-02 PM,HBAR,Neutral,Bearish,Neutral,Bullish,Neutral,Bullish,Neutral,Bearish,Bullish,Neutral,3,2,none,"p1 Neutral: no Grok/X sentiment source wired at inception; mechanical labels reviewed, no overrides"
2026-08-02T19:29:44Z,2026-08-02 PM,JUP,Neutral,Neutral,Neutral,Neutral,Neutral,Bullish,Neutral,Bearish,Bullish,Neutral,2,1,none,"p1 Neutral: no Grok/X sentiment source wired at inception; mechanical labels reviewed, no overrides"
2026-08-02T19:29:44Z,2026-08-02 PM,LINK,Neutral,Neutral,Neutral,Neutral,Neutral,Bullish,Neutral,Bearish,Bullish,Neutral,2,1,none,"p1 Neutral: no Grok/X sentiment source wired at inception; mechanical labels reviewed, no overrides"
2026-08-02T19:29:44Z,2026-08-02 PM,LTC,Neutral,Neutral,Neutral,Neutral,Neutral,Bullish,Neutral,Bearish,Bullish,Neutral,2,1,none,"p1 Neutral: no Grok/X sentiment source wired at inception; mechanical labels reviewed, no overrides"
2026-08-02T19:29:44Z,2026-08-02 PM,MORPHO,Neutral,Neutral,Neutral,Bullish,Neutral,Bullish,Neutral,Bearish,Bullish,Neutral,3,1,none,"p1 Neutral: no Grok/X sentiment source wired at inception; mechanical labels reviewed, no overrides"
2026-08-02T19:29:44Z,2026-08-02 PM,ONDO,Neutral,Bullish,Neutral,Bullish,Neutral,Bullish,Neutral,Bearish,Bullish,Neutral,4,1,none,"p1 Neutral: no Grok/X sentiment source wired at inception; mechanical labels reviewed, no overrides"
2026-08-02T19:29:44Z,2026-08-02 PM,PEPE,Neutral,Bearish,Bullish,Neutral,Neutral,Neutral,Neutral,Bearish,Bullish,Neutral,2,2,none,"p1 Neutral: no Grok/X sentiment source wired at inception; mechanical labels reviewed, no overrides"
2026-08-02T19:29:44Z,2026-08-02 PM,PUMP,Neutral,Bearish,Bullish,Neutral,Neutral,Bullish,Bullish,Bearish,Bullish,Neutral,4,2,none,"p1 Neutral: no Grok/X sentiment source wired at inception; mechanical labels reviewed, no overrides"
2026-08-02T19:29:44Z,2026-08-02 PM,RENDER,Neutral,Bearish,Bearish,Neutral,Neutral,Bullish,Neutral,Bearish,Bullish,Neutral,2,3,none,"p1 Neutral: no Grok/X sentiment source wired at inception; mechanical labels reviewed, no overrides"
2026-08-02T19:29:44Z,2026-08-02 PM,SHIB,Neutral,Neutral,Bullish,Neutral,Neutral,Neutral,Neutral,Bearish,Bullish,Neutral,2,1,none,"p1 Neutral: no Grok/X sentiment source wired at inception; mechanical labels reviewed, no overrides"
2026-08-02T19:29:44Z,2026-08-02 PM,SOL,Neutral,Bearish,Neutral,Neutral,Neutral,Bullish,Neutral,Bearish,Bullish,Neutral,2,2,none,"p1 Neutral: no Grok/X sentiment source wired at inception; mechanical labels reviewed, no overrides"
2026-08-02T19:29:44Z,2026-08-02 PM,TAO,Neutral,Bearish,Bearish,Neutral,Neutral,Bullish,Neutral,Bearish,Bullish,Neutral,2,3,none,"p1 Neutral: no Grok/X sentiment source wired at inception; mechanical labels reviewed, no overrides"
2026-08-02T19:29:44Z,2026-08-02 PM,TRX,Neutral,Bullish,Neutral,Neutral,Neutral,Bullish,Neutral,Bearish,Bullish,Neutral,3,1,none,"p1 Neutral: no Grok/X sentiment source wired at inception; mechanical labels reviewed, no overrides"
2026-08-02T19:29:44Z,2026-08-02 PM,UNI,Neutral,Neutral,Bullish,Bullish,Neutral,Bullish,Bullish,Bearish,Bullish,Neutral,5,1,none,"p1 Neutral: no Grok/X sentiment source wired at inception; mechanical labels reviewed, no overrides"
2026-08-02T19:29:44Z,2026-08-02 PM,VIRTUAL,Neutral,Bearish,Bearish,Bullish,Neutral,Bullish,Neutral,Bearish,Bullish,Neutral,3,3,none,"p1 Neutral: no Grok/X sentiment source wired at inception; mechanical labels reviewed, no overrides"
2026-08-02T19:29:44Z,2026-08-02 PM,XLM,Neutral,Bearish,Bearish,Neutral,Neutral,Bullish,Neutral,Bearish,Bullish,Neutral,2,3,none,"p1 Neutral: no Grok/X sentiment source wired at inception; mechanical labels reviewed, no overrides"
2026-08-02T19:29:44Z,2026-08-02 PM,XRP,Neutral,Bearish,Neutral,Neutral,Neutral,Bullish,Neutral,Bearish,Bullish,Neutral,2,2,none,"p1 Neutral: no Grok/X sentiment source wired at inception; mechanical labels reviewed, no overrides"
2026-08-02T19:29:44Z,2026-08-02 PM,ZEC,Neutral,Neutral,Neutral,Bullish,Neutral,Bullish,Neutral,Bearish,Bullish,Neutral,3,1,none,"p1 Neutral: no Grok/X sentiment source wired at inception; mechanical labels reviewed, no overrides"
2026-08-04T07:10:06Z,2026-08-04 AM,AAVE,Neutral,Neutral,Neutral,Neutral,Neutral,Bullish,Neutral,Bearish,Bullish,Neutral,2,1,none,"p1 Neutral: mechanical count <5 and no holdings, so sentiment.py not triggered per Section 0 amendment; no overrides to mechanical p2-10 labels on review"
2026-08-04T07:10:06Z,2026-08-04 AM,ADA,Neutral,Neutral,Bullish,Neutral,Neutral,Bullish,Neutral,Bearish,Bullish,Neutral,3,1,none,"p1 Neutral: mechanical count <5 and no holdings, so sentiment.py not triggered per Section 0 amendment; no overrides to mechanical p2-10 labels on review"
2026-08-04T07:10:06Z,2026-08-04 AM,ARB,Neutral,Bearish,Neutral,Bullish,Neutral,Bullish,Neutral,Bearish,Bullish,Neutral,3,2,none,"p1 Neutral: mechanical count <5 and no holdings, so sentiment.py not triggered per Section 0 amendment; no overrides to mechanical p2-10 labels on review"
2026-08-04T07:10:06Z,2026-08-04 AM,BCH,Neutral,Bearish,Neutral,Neutral,Neutral,Bullish,Neutral,Bearish,Bullish,Neutral,2,2,none,"p1 Neutral: mechanical count <5 and no holdings, so sentiment.py not triggered per Section 0 amendment; no overrides to mechanical p2-10 labels on review"
2026-08-04T07:10:06Z,2026-08-04 AM,BNB,Neutral,Neutral,Bullish,Bullish,Neutral,Bullish,Neutral,Bearish,Bullish,Neutral,4,1,none,"p1 Neutral: mechanical count <5 and no holdings, so sentiment.py not triggered per Section 0 amendment; no overrides to mechanical p2-10 labels on review"
2026-08-04T07:10:06Z,2026-08-04 AM,BTC,Neutral,Neutral,Neutral,Neutral,Neutral,Bullish,Neutral,Bearish,Bullish,Neutral,2,1,none,"p1 Neutral: mechanical count <5 and no holdings, so sentiment.py not triggered per Section 0 amendment; no overrides to mechanical p2-10 labels on review"
2026-08-04T07:10:06Z,2026-08-04 AM,CAKE,Neutral,Neutral,Neutral,Bullish,Neutral,Bullish,Neutral,Bearish,Bullish,Neutral,3,1,none,"p1 Neutral: mechanical count <5 and no holdings, so sentiment.py not triggered per Section 0 amendment; no overrides to mechanical p2-10 labels on review"
2026-08-04T07:10:06Z,2026-08-04 AM,DOGE,Neutral,Bearish,Bearish,Bullish,Neutral,Bullish,Neutral,Bearish,Bullish,Neutral,3,3,none,"p1 Neutral: mechanical count <5 and no holdings, so sentiment.py not triggered per Section 0 amendment; no overrides to mechanical p2-10 labels on review"
2026-08-04T07:10:06Z,2026-08-04 AM,ENA,Neutral,Neutral,Bullish,Bullish,Bearish,Bullish,Neutral,Bearish,Bullish,Neutral,4,2,none,"p1 Neutral: mechanical count <5 and no holdings, so sentiment.py not triggered per Section 0 amendment; no overrides to mechanical p2-10 labels on review"
2026-08-04T07:10:06Z,2026-08-04 AM,ETH,Neutral,Neutral,Neutral,Bullish,Neutral,Bullish,Neutral,Bearish,Bullish,Neutral,3,1,none,"p1 Neutral: mechanical count <5 and no holdings, so sentiment.py not triggered per Section 0 amendment; no overrides to mechanical p2-10 labels on review"
2026-08-04T07:10:06Z,2026-08-04 AM,ETHFI,Neutral,Neutral,Neutral,Bullish,Neutral,Bullish,Neutral,Bearish,Bullish,Neutral,3,1,none,"p1 Neutral: mechanical count <5 and no holdings, so sentiment.py not triggered per Section 0 amendment; no overrides to mechanical p2-10 labels on review"
2026-08-04T07:10:06Z,2026-08-04 AM,FIL,Neutral,Bearish,Neutral,Neutral,Neutral,Bullish,Neutral,Bearish,Bullish,Neutral,2,2,none,"p1 Neutral: mechanical count <5 and no holdings, so sentiment.py not triggered per Section 0 amendment; no overrides to mechanical p2-10 labels on review"
2026-08-04T07:10:06Z,2026-08-04 AM,HBAR,Neutral,Bearish,Neutral,Bullish,Neutral,Bullish,Neutral,Bearish,Bullish,Neutral,3,2,none,"p1 Neutral: mechanical count <5 and no holdings, so sentiment.py not triggered per Section 0 amendment; no overrides to mechanical p2-10 labels on review"
2026-08-04T07:10:06Z,2026-08-04 AM,JUP,Neutral,Neutral,Neutral,Bullish,Neutral,Bullish,Neutral,Bearish,Bullish,Neutral,3,1,none,"p1 Neutral: mechanical count <5 and no holdings, so sentiment.py not triggered per Section 0 amendment; no overrides to mechanical p2-10 labels on review"
2026-08-04T07:10:06Z,2026-08-04 AM,LINK,Neutral,Neutral,Neutral,Neutral,Neutral,Bullish,Neutral,Bearish,Bullish,Neutral,2,1,none,"p1 Neutral: mechanical count <5 and no holdings, so sentiment.py not triggered per Section 0 amendment; no overrides to mechanical p2-10 labels on review"
2026-08-04T07:10:06Z,2026-08-04 AM,LTC,Neutral,Bearish,Bearish,Bullish,Neutral,Bullish,Neutral,Bearish,Bullish,Neutral,3,3,none,"p1 Neutral: mechanical count <5 and no holdings, so sentiment.py not triggered per Section 0 amendment; no overrides to mechanical p2-10 labels on review"
2026-08-04T07:10:06Z,2026-08-04 AM,MORPHO,Neutral,Neutral,Neutral,Bullish,Neutral,Bullish,Neutral,Bearish,Bullish,Neutral,3,1,none,"p1 Neutral: mechanical count <5 and no holdings, so sentiment.py not triggered per Section 0 amendment; no overrides to mechanical p2-10 labels on review"
2026-08-04T07:10:06Z,2026-08-04 AM,ONDO,Neutral,Bullish,Neutral,Bullish,Neutral,Bullish,Neutral,Bearish,Bullish,Neutral,4,1,none,"p1 Neutral: mechanical count <5 and no holdings, so sentiment.py not triggered per Section 0 amendment; no overrides to mechanical p2-10 labels on review"
2026-08-04T07:10:06Z,2026-08-04 AM,PEPE,Neutral,Bearish,Bullish,Bullish,Neutral,Bullish,Neutral,Bearish,Bullish,Neutral,4,2,none,"p1 Neutral: mechanical count <5 and no holdings, so sentiment.py not triggered per Section 0 amendment; no overrides to mechanical p2-10 labels on review"
2026-08-04T07:10:06Z,2026-08-04 AM,PUMP,Neutral,Bearish,Bullish,Bullish,Bearish,Bullish,Neutral,Bearish,Bullish,Neutral,4,3,none,"p1 Neutral: mechanical count <5 and no holdings, so sentiment.py not triggered per Section 0 amendment; no overrides to mechanical p2-10 labels on review"
2026-08-04T07:10:06Z,2026-08-04 AM,RENDER,Neutral,Bearish,Bearish,Neutral,Neutral,Bullish,Neutral,Bearish,Bullish,Neutral,2,3,none,"p1 Neutral: mechanical count <5 and no holdings, so sentiment.py not triggered per Section 0 amendment; no overrides to mechanical p2-10 labels on review"
2026-08-04T07:10:06Z,2026-08-04 AM,SHIB,Neutral,Neutral,Bullish,Bullish,Neutral,Bullish,Neutral,Bearish,Bullish,Neutral,4,1,none,"p1 Neutral: mechanical count <5 and no holdings, so sentiment.py not triggered per Section 0 amendment; no overrides to mechanical p2-10 labels on review"
2026-08-04T07:10:06Z,2026-08-04 AM,SOL,Neutral,Bearish,Bearish,Bullish,Neutral,Bullish,Neutral,Bearish,Bullish,Neutral,3,3,none,"p1 Neutral: mechanical count <5 and no holdings, so sentiment.py not triggered per Section 0 amendment; no overrides to mechanical p2-10 labels on review"
2026-08-04T07:10:06Z,2026-08-04 AM,TAO,Neutral,Bearish,Bearish,Bullish,Neutral,Bullish,Neutral,Bearish,Bullish,Neutral,3,3,none,"p1 Neutral: mechanical count <5 and no holdings, so sentiment.py not triggered per Section 0 amendment; no overrides to mechanical p2-10 labels on review"
2026-08-04T07:10:06Z,2026-08-04 AM,TRX,Neutral,Bullish,Neutral,Bullish,Neutral,Bullish,Neutral,Bearish,Bullish,Neutral,4,1,none,"p1 Neutral: mechanical count <5 and no holdings, so sentiment.py not triggered per Section 0 amendment; no overrides to mechanical p2-10 labels on review"
2026-08-04T07:10:06Z,2026-08-04 AM,UNI,Neutral,Neutral,Neutral,Bearish,Neutral,Bullish,Neutral,Bearish,Bullish,Neutral,2,2,none,"p1 Neutral: mechanical count <5 and no holdings, so sentiment.py not triggered per Section 0 amendment; no overrides to mechanical p2-10 labels on review"
2026-08-04T07:10:06Z,2026-08-04 AM,VIRTUAL,Neutral,Bearish,Bearish,Bullish,Neutral,Bullish,Neutral,Bearish,Bullish,Neutral,3,3,none,"p1 Neutral: mechanical count <5 and no holdings, so sentiment.py not triggered per Section 0 amendment; no overrides to mechanical p2-10 labels on review"
2026-08-04T07:10:06Z,2026-08-04 AM,XLM,Neutral,Bearish,Bearish,Bullish,Neutral,Bullish,Neutral,Bearish,Bullish,Neutral,3,3,none,"p1 Neutral: mechanical count <5 and no holdings, so sentiment.py not triggered per Section 0 amendment; no overrides to mechanical p2-10 labels on review"
2026-08-04T07:10:06Z,2026-08-04 AM,XRP,Neutral,Bearish,Neutral,Bullish,Neutral,Bullish,Neutral,Bearish,Bullish,Neutral,3,2,none,"p1 Neutral: mechanical count <5 and no holdings, so sentiment.py not triggered per Section 0 amendment; no overrides to mechanical p2-10 labels on review"
2026-08-04T07:10:06Z,2026-08-04 AM,ZEC,Neutral,Bullish,Neutral,Bullish,Neutral,Bullish,Neutral,Bearish,Bullish,Neutral,4,1,none,"p1 Neutral: mechanical count <5 and no holdings, so sentiment.py not triggered per Section 0 amendment; no overrides to mechanical p2-10 labels on review"
2026-08-04T19:08:37Z,2026-08-04 PM,AAVE,Neutral,Neutral,Neutral,Neutral,Neutral,Bullish,Neutral,Bearish,Bullish,Neutral,2,1,none,"p1 Neutral: mechanical count <5 and no holdings, so sentiment.py not triggered per Section 0 amendment; no overrides to mechanical p2-10 labels on review"
2026-08-04T19:08:37Z,2026-08-04 PM,ADA,Neutral,Neutral,Bullish,Neutral,Neutral,Bullish,Bullish,Bearish,Bullish,Neutral,4,1,none,"p1 Neutral: mechanical count <5 and no holdings, so sentiment.py not triggered per Section 0 amendment; no overrides to mechanical p2-10 labels on review"
2026-08-04T19:08:37Z,2026-08-04 PM,ARB,Neutral,Bearish,Neutral,Bullish,Neutral,Bullish,Bullish,Bearish,Bullish,Neutral,4,2,none,"p1 Neutral: mechanical count <5 and no holdings, so sentiment.py not triggered per Section 0 amendment; no overrides to mechanical p2-10 labels on review"
2026-08-04T19:08:37Z,2026-08-04 PM,BCH,Neutral,Bearish,Neutral,Neutral,Neutral,Bullish,Neutral,Bearish,Bullish,Neutral,2,2,none,"p1 Neutral: mechanical count <5 and no holdings, so sentiment.py not triggered per Section 0 amendment; no overrides to mechanical p2-10 labels on review"
2026-08-04T19:08:37Z,2026-08-04 PM,BNB,Neutral,Neutral,Bullish,Bullish,Neutral,Bullish,Neutral,Bearish,Bullish,Neutral,4,1,none,"p1 Neutral: mechanical count <5 and no holdings, so sentiment.py not triggered per Section 0 amendment; no overrides to mechanical p2-10 labels on review"
2026-08-04T19:08:37Z,2026-08-04 PM,BTC,Neutral,Neutral,Neutral,Neutral,Neutral,Bullish,Neutral,Bearish,Bullish,Neutral,2,1,none,"p1 Neutral: mechanical count <5 and no holdings, so sentiment.py not triggered per Section 0 amendment; no overrides to mechanical p2-10 labels on review"
2026-08-04T19:08:37Z,2026-08-04 PM,CAKE,Neutral,Neutral,Neutral,Bullish,Neutral,Bullish,Neutral,Bearish,Bullish,Neutral,3,1,none,"p1 Neutral: mechanical count <5 and no holdings, so sentiment.py not triggered per Section 0 amendment; no overrides to mechanical p2-10 labels on review"
2026-08-04T19:08:37Z,2026-08-04 PM,DOGE,Neutral,Bearish,Bearish,Bullish,Neutral,Bullish,Bearish,Bearish,Bullish,Neutral,3,4,none,"p1 Neutral: mechanical count <5 and no holdings, so sentiment.py not triggered per Section 0 amendment; no overrides to mechanical p2-10 labels on review"
2026-08-04T19:08:37Z,2026-08-04 PM,ENA,Neutral,Neutral,Bullish,Bullish,Neutral,Bullish,Neutral,Bearish,Bullish,Neutral,4,1,none,"p1 Neutral: mechanical count <5 and no holdings, so sentiment.py not triggered per Section 0 amendment; no overrides to mechanical p2-10 labels on review"
2026-08-04T19:08:37Z,2026-08-04 PM,ETH,Neutral,Neutral,Neutral,Bullish,Neutral,Bullish,Neutral,Bearish,Bullish,Neutral,3,1,none,"p1 Neutral: mechanical count <5 and no holdings, so sentiment.py not triggered per Section 0 amendment; no overrides to mechanical p2-10 labels on review"
2026-08-04T19:08:37Z,2026-08-04 PM,ETHFI,Neutral,Bearish,Bearish,Neutral,Bearish,Bullish,Neutral,Bearish,Bullish,Neutral,2,4,none,"p1 Neutral: mechanical count <5 and no holdings, so sentiment.py not triggered per Section 0 amendment; no overrides to mechanical p2-10 labels on review"
2026-08-04T19:08:37Z,2026-08-04 PM,FIL,Neutral,Bearish,Neutral,Neutral,Neutral,Bullish,Neutral,Bearish,Bullish,Neutral,2,2,none,"p1 Neutral: mechanical count <5 and no holdings, so sentiment.py not triggered per Section 0 amendment; no overrides to mechanical p2-10 labels on review"
2026-08-04T19:08:37Z,2026-08-04 PM,HBAR,Neutral,Bearish,Neutral,Bullish,Neutral,Bullish,Bullish,Bearish,Bullish,Neutral,4,2,none,"p1 Neutral: mechanical count <5 and no holdings, so sentiment.py not triggered per Section 0 amendment; no overrides to mechanical p2-10 labels on review"
2026-08-04T19:08:37Z,2026-08-04 PM,JUP,Neutral,Neutral,Bearish,Bullish,Neutral,Bullish,Neutral,Bearish,Bullish,Neutral,3,2,none,"p1 Neutral: mechanical count <5 and no holdings, so sentiment.py not triggered per Section 0 amendment; no overrides to mechanical p2-10 labels on review"
2026-08-04T19:08:37Z,2026-08-04 PM,LINK,Neutral,Neutral,Neutral,Neutral,Neutral,Bullish,Neutral,Bearish,Bullish,Neutral,2,1,none,"p1 Neutral: mechanical count <5 and no holdings, so sentiment.py not triggered per Section 0 amendment; no overrides to mechanical p2-10 labels on review"
2026-08-04T19:08:37Z,2026-08-04 PM,LTC,Neutral,Neutral,Neutral,Bullish,Neutral,Bullish,Bearish,Bearish,Bullish,Neutral,3,2,none,"p1 Neutral: mechanical count <5 and no holdings, so sentiment.py not triggered per Section 0 amendment; no overrides to mechanical p2-10 labels on review"
2026-08-04T19:08:37Z,2026-08-04 PM,MORPHO,Neutral,Neutral,Bearish,Bullish,Neutral,Bullish,Neutral,Bearish,Bullish,Neutral,3,2,none,"p1 Neutral: mechanical count <5 and no holdings, so sentiment.py not triggered per Section 0 amendment; no overrides to mechanical p2-10 labels on review"
2026-08-04T19:08:37Z,2026-08-04 PM,ONDO,Neutral,Bullish,Neutral,Bullish,Neutral,Bullish,Neutral,Bearish,Bullish,Neutral,4,1,none,"p1 Neutral: mechanical count <5 and no holdings, so sentiment.py not triggered per Section 0 amendment; no overrides to mechanical p2-10 labels on review"
2026-08-04T19:08:37Z,2026-08-04 PM,PEPE,Neutral,Bearish,Bullish,Bullish,Neutral,Bullish,Neutral,Bearish,Bullish,Neutral,4,2,none,"p1 Neutral: mechanical count <5 and no holdings, so sentiment.py not triggered per Section 0 amendment; no overrides to mechanical p2-10 labels on review"
2026-08-04T19:08:37Z,2026-08-04 PM,PUMP,Bearish,Bearish,Bullish,Bullish,Neutral,Bullish,Bullish,Bearish,Bullish,Neutral,5,3,none,"p1 Bearish (contrarian): posts push imminent-breakout price targets, rocket/fire emojis, ""100% buyer control"" framing — euphoria without capitulation; also entry_blocked (class action + 41% unlock, 2026-08-03), so this read is moot for trading but logged per protocol."
2026-08-04T19:08:37Z,2026-08-04 PM,RENDER,Neutral,Bearish,Bearish,Neutral,Neutral,Bullish,Bearish,Bearish,Bullish,Neutral,2,4,none,"p1 Neutral: mechanical count <5 and no holdings, so sentiment.py not triggered per Section 0 amendment; no overrides to mechanical p2-10 labels on review"
2026-08-04T19:08:37Z,2026-08-04 PM,SHIB,Bearish,Neutral,Bullish,Bullish,Neutral,Bullish,Bullish,Bearish,Bullish,Neutral,5,2,none,"p1 Bearish (contrarian): X sample dominated by ""100x"", ""alt szn incoming"", ""MONDAY WILL BE HUGE 100%🚀"", ""biggest bull run incoming"" — euphoric retail hype with zero capitulation markers, contrarian read is Bearish."
2026-08-04T19:08:37Z,2026-08-04 PM,SOL,Neutral,Bearish,Neutral,Bullish,Neutral,Bullish,Neutral,Bearish,Bullish,Neutral,3,2,none,"p1 Neutral: mechanical count <5 and no holdings, so sentiment.py not triggered per Section 0 amendment; no overrides to mechanical p2-10 labels on review"
2026-08-04T19:08:37Z,2026-08-04 PM,TAO,Neutral,Bearish,Neutral,Bullish,Neutral,Bullish,Bullish,Bearish,Bullish,Neutral,4,2,none,"p1 Neutral: mechanical count <5 and no holdings, so sentiment.py not triggered per Section 0 amendment; no overrides to mechanical p2-10 labels on review"
2026-08-04T19:08:37Z,2026-08-04 PM,TRX,Neutral,Bullish,Neutral,Bullish,Neutral,Bullish,Neutral,Bearish,Bullish,Neutral,4,1,none,"p1 Neutral: mechanical count <5 and no holdings, so sentiment.py not triggered per Section 0 amendment; no overrides to mechanical p2-10 labels on review"
2026-08-04T19:08:37Z,2026-08-04 PM,UNI,Neutral,Neutral,Neutral,Bullish,Neutral,Bullish,Bullish,Bearish,Bullish,Neutral,4,1,none,"p1 Neutral: mechanical count <5 and no holdings, so sentiment.py not triggered per Section 0 amendment; no overrides to mechanical p2-10 labels on review"
2026-08-04T19:08:37Z,2026-08-04 PM,VIRTUAL,Neutral,Bearish,Bearish,Bullish,Neutral,Bullish,Neutral,Bearish,Bullish,Neutral,3,3,none,"p1 Neutral: mechanical count <5 and no holdings, so sentiment.py not triggered per Section 0 amendment; no overrides to mechanical p2-10 labels on review"
2026-08-04T19:08:37Z,2026-08-04 PM,XLM,Neutral,Bearish,Bearish,Bullish,Neutral,Bullish,Neutral,Bearish,Bullish,Neutral,3,3,none,"p1 Neutral: mechanical count <5 and no holdings, so sentiment.py not triggered per Section 0 amendment; no overrides to mechanical p2-10 labels on review"
2026-08-04T19:08:37Z,2026-08-04 PM,XRP,Neutral,Bearish,Neutral,Bullish,Neutral,Bullish,Bullish,Bearish,Bullish,Neutral,4,2,none,"p1 Neutral: mechanical count <5 and no holdings, so sentiment.py not triggered per Section 0 amendment; no overrides to mechanical p2-10 labels on review"
2026-08-04T19:08:37Z,2026-08-04 PM,ZEC,Bearish,Bullish,Neutral,Bullish,Bearish,Bullish,Bullish,Bearish,Bullish,Neutral,5,3,none,"p1 Bearish (contrarian): Grok/X pull shows euphoria markers (""too f*cking easy"" chart-hit posts, $510 liquidity-target chasing, top-bullish-trend rankings) with no capitulation signal — everyone's-in TA hype on a coin already 5/9 mechanical Bullish, textbook euphoria per Section 7 column 2."
2026-08-05T07:15:00Z,2026-08-05 AM,AAVE,Neutral,Neutral,Neutral,Neutral,Neutral,Bullish,Neutral,Neutral,Bullish,Neutral,2,0,none,"p1 Neutral: mechanical count <5 and no holdings, so sentiment.py not triggered per Section 0 amendment; no overrides to mechanical p2-10 labels on review"
2026-08-05T07:15:00Z,2026-08-05 AM,ADA,Neutral,Neutral,Bullish,Neutral,Bearish,Bullish,Neutral,Neutral,Bullish,Neutral,3,1,none,"p1 Neutral: mechanical count <5 and no holdings, so sentiment.py not triggered per Section 0 amendment; no overrides to mechanical p2-10 labels on review"
2026-08-05T07:15:00Z,2026-08-05 AM,ARB,Neutral,Bearish,Neutral,Bullish,Neutral,Bullish,Neutral,Neutral,Bullish,Neutral,3,1,none,"p1 Neutral: mechanical count <5 and no holdings, so sentiment.py not triggered per Section 0 amendment; no overrides to mechanical p2-10 labels on review"
2026-08-05T07:15:00Z,2026-08-05 AM,BCH,Neutral,Bearish,Bearish,Neutral,Neutral,Bullish,Neutral,Neutral,Bullish,Neutral,2,2,none,"p1 Neutral: mechanical count <5 and no holdings, so sentiment.py not triggered per Section 0 amendment; no overrides to mechanical p2-10 labels on review"
2026-08-05T07:15:00Z,2026-08-05 AM,BNB,Neutral,Neutral,Bullish,Bullish,Bearish,Bullish,Bullish,Neutral,Bullish,Neutral,5,1,none,"p1 Neutral (contrarian): Grok/X pull shows flat interest, low-volume mentions of price/chain promos/CZ ecosystem posts — no euphoria markers, no capitulation markers, no narrative change. Neither hype nor capitulation; genuinely Neutral this run."
2026-08-05T07:15:00Z,2026-08-05 AM,BTC,Neutral,Neutral,Neutral,Neutral,Neutral,Bullish,Bullish,Neutral,Bullish,Neutral,3,0,none,"p1 Neutral: mechanical count <5 and no holdings, so sentiment.py not triggered per Section 0 amendment; no overrides to mechanical p2-10 labels on review"
2026-08-05T07:15:00Z,2026-08-05 AM,CAKE,Neutral,Neutral,Neutral,Bullish,Neutral,Bullish,Neutral,Neutral,Bullish,Neutral,3,0,none,"p1 Neutral: mechanical count <5 and no holdings, so sentiment.py not triggered per Section 0 amendment; no overrides to mechanical p2-10 labels on review"
2026-08-05T07:15:00Z,2026-08-05 AM,DOGE,Neutral,Bearish,Bearish,Bullish,Neutral,Bullish,Bearish,Neutral,Bullish,Neutral,3,3,none,"p1 Neutral: mechanical count <5 and no holdings, so sentiment.py not triggered per Section 0 amendment; no overrides to mechanical p2-10 labels on review"
2026-08-05T07:15:00Z,2026-08-05 AM,ENA,Neutral,Neutral,Bullish,Neutral,Bearish,Bullish,Neutral,Neutral,Bullish,Neutral,3,1,none,"p1 Neutral: mechanical count <5 and no holdings, so sentiment.py not triggered per Section 0 amendment; no overrides to mechanical p2-10 labels on review"
2026-08-05T07:15:00Z,2026-08-05 AM,ETH,Neutral,Neutral,Neutral,Bullish,Neutral,Bullish,Bearish,Neutral,Bullish,Neutral,3,1,none,"p1 Neutral: mechanical count <5 and no holdings, so sentiment.py not triggered per Section 0 amendment; no overrides to mechanical p2-10 labels on review"
2026-08-05T07:15:00Z,2026-08-05 AM,ETHFI,Neutral,Bearish,Bearish,Neutral,Neutral,Bullish,Neutral,Neutral,Bullish,Neutral,2,2,none,"p1 Neutral: mechanical count <5 and no holdings, so sentiment.py not triggered per Section 0 amendment; no overrides to mechanical p2-10 labels on review"
2026-08-05T07:15:00Z,2026-08-05 AM,FIL,Neutral,Bearish,Neutral,Bullish,Bearish,Bullish,Neutral,Neutral,Bullish,Neutral,3,2,none,"p1 Neutral: mechanical count <5 and no holdings, so sentiment.py not triggered per Section 0 amendment; no overrides to mechanical p2-10 labels on review"
2026-08-05T07:15:00Z,2026-08-05 AM,HBAR,Neutral,Bearish,Neutral,Bullish,Neutral,Bullish,Neutral,Neutral,Bullish,Neutral,3,1,none,"p1 Neutral: mechanical count <5 and no holdings, so sentiment.py not triggered per Section 0 amendment; no overrides to mechanical p2-10 labels on review"
2026-08-05T07:15:00Z,2026-08-05 AM,JUP,Neutral,Neutral,Bearish,Bullish,Neutral,Bullish,Neutral,Neutral,Bullish,Neutral,3,1,none,"p1 Neutral: mechanical count <5 and no holdings, so sentiment.py not triggered per Section 0 amendment; no overrides to mechanical p2-10 labels on review"
2026-08-05T07:15:00Z,2026-08-05 AM,LINK,Neutral,Neutral,Neutral,Neutral,Neutral,Bullish,Neutral,Neutral,Bullish,Neutral,2,0,none,"p1 Neutral: mechanical count <5 and no holdings, so sentiment.py not triggered per Section 0 amendment; no overrides to mechanical p2-10 labels on review"
2026-08-05T07:15:00Z,2026-08-05 AM,LTC,Neutral,Neutral,Neutral,Bullish,Neutral,Bullish,Neutral,Neutral,Bullish,Neutral,3,0,none,"p1 Neutral: mechanical count <5 and no holdings, so sentiment.py not triggered per Section 0 amendment; no overrides to mechanical p2-10 labels on review"
2026-08-05T07:15:00Z,2026-08-05 AM,MORPHO,Neutral,Neutral,Bearish,Bullish,Neutral,Bullish,Bearish,Neutral,Bullish,Neutral,3,2,none,"p1 Neutral: mechanical count <5 and no holdings, so sentiment.py not triggered per Section 0 amendment; no overrides to mechanical p2-10 labels on review"
2026-08-05T07:15:00Z,2026-08-05 AM,ONDO,Neutral,Bullish,Neutral,Bullish,Neutral,Bullish,Bearish,Neutral,Bullish,Neutral,4,1,none,"p1 Neutral: mechanical count <5 and no holdings, so sentiment.py not triggered per Section 0 amendment; no overrides to mechanical p2-10 labels on review"
2026-08-05T07:15:00Z,2026-08-05 AM,PEPE,Neutral,Bearish,Neutral,Bullish,Bearish,Bullish,Neutral,Neutral,Bullish,Neutral,3,2,none,"p1 Neutral: mechanical count <5 and no holdings, so sentiment.py not triggered per Section 0 amendment; no overrides to mechanical p2-10 labels on review"
2026-08-05T07:15:00Z,2026-08-05 AM,PUMP,Neutral,Bearish,Neutral,Bullish,Bearish,Bullish,Bullish,Neutral,Bullish,Neutral,4,2,none,"p1 Neutral: mechanical count <5 and no holdings, so sentiment.py not triggered per Section 0 amendment; no overrides to mechanical p2-10 labels on review"
2026-08-05T07:15:00Z,2026-08-05 AM,RENDER,Neutral,Bearish,Bearish,Neutral,Neutral,Bullish,Bearish,Neutral,Bullish,Neutral,2,3,none,"p1 Neutral: mechanical count <5 and no holdings, so sentiment.py not triggered per Section 0 amendment; no overrides to mechanical p2-10 labels on review"
2026-08-05T07:15:00Z,2026-08-05 AM,SHIB,Neutral,Neutral,Bullish,Bullish,Neutral,Bullish,Neutral,Neutral,Bullish,Neutral,4,0,none,"p1 Neutral: mechanical count <5 and no holdings, so sentiment.py not triggered per Section 0 amendment; no overrides to mechanical p2-10 labels on review"
2026-08-05T07:15:00Z,2026-08-05 AM,SOL,Neutral,Bearish,Neutral,Bullish,Neutral,Bullish,Neutral,Neutral,Bullish,Neutral,3,1,none,"p1 Neutral: mechanical count <5 and no holdings, so sentiment.py not triggered per Section 0 amendment; no overrides to mechanical p2-10 labels on review"
2026-08-05T07:15:00Z,2026-08-05 AM,TAO,Neutral,Bearish,Neutral,Bullish,Neutral,Bullish,Bullish,Neutral,Bullish,Neutral,4,1,none,"p1 Neutral: mechanical count <5 and no holdings, so sentiment.py not triggered per Section 0 amendment; no overrides to mechanical p2-10 labels on review"
2026-08-05T07:15:00Z,2026-08-05 AM,TRX,Neutral,Bullish,Neutral,Bullish,Neutral,Bullish,Neutral,Neutral,Bullish,Neutral,4,0,none,"p1 Neutral: mechanical count <5 and no holdings, so sentiment.py not triggered per Section 0 amendment; no overrides to mechanical p2-10 labels on review"
2026-08-05T07:15:00Z,2026-08-05 AM,UNI,Neutral,Neutral,Bullish,Bearish,Neutral,Bullish,Bearish,Neutral,Bullish,Neutral,3,2,none,"p1 Neutral: mechanical count <5 and no holdings, so sentiment.py not triggered per Section 0 amendment; no overrides to mechanical p2-10 labels on review"
2026-08-05T07:15:00Z,2026-08-05 AM,VIRTUAL,Neutral,Bearish,Neutral,Bullish,Neutral,Bullish,Bullish,Neutral,Bullish,Neutral,4,1,none,"p1 Neutral: mechanical count <5 and no holdings, so sentiment.py not triggered per Section 0 amendment; no overrides to mechanical p2-10 labels on review"
2026-08-05T07:15:00Z,2026-08-05 AM,XLM,Neutral,Bearish,Bearish,Bullish,Neutral,Bullish,Neutral,Neutral,Bullish,Neutral,3,2,none,"p1 Neutral: mechanical count <5 and no holdings, so sentiment.py not triggered per Section 0 amendment; no overrides to mechanical p2-10 labels on review"
2026-08-05T07:15:00Z,2026-08-05 AM,XRP,Neutral,Bearish,Bearish,Bullish,Neutral,Bullish,Neutral,Neutral,Bullish,Neutral,3,2,none,"p1 Neutral: mechanical count <5 and no holdings, so sentiment.py not triggered per Section 0 amendment; no overrides to mechanical p2-10 labels on review"
2026-08-05T07:15:00Z,2026-08-05 AM,ZEC,Neutral,Bullish,Bullish,Bullish,Bearish,Bullish,Bullish,Neutral,Bullish,Neutral,6,1,none,"p1 Neutral (contrarian): Grok/X pull shows flat interest, low engagement, scattered price-level chat ($470-490 consolidation) and long-term store-of-value framing — no euphoria markers, no capitulation markers, no narrative change. Neither everyone's-in hype nor capitulation; genuinely Neutral this run."
2026-08-06T01:00:00Z,2026-08-05 PM,AAVE,Neutral,Neutral,Neutral,Neutral,Neutral,Bullish,Neutral,Neutral,Bullish,Neutral,2,0,none,"p1 Neutral: mechanical count <5 and no holdings, so sentiment.py not triggered per Section 0 amendment; no overrides to mechanical p2-10 labels on review"
2026-08-06T01:00:00Z,2026-08-05 PM,ADA,Neutral,Neutral,Bullish,Neutral,Neutral,Bullish,Neutral,Neutral,Bullish,Neutral,3,0,none,"p1 Neutral: mechanical count <5 and no holdings, so sentiment.py not triggered per Section 0 amendment; no overrides to mechanical p2-10 labels on review"
2026-08-06T01:00:00Z,2026-08-05 PM,ARB,Neutral,Bearish,Neutral,Bullish,Neutral,Bullish,Neutral,Neutral,Bullish,Neutral,3,1,none,"p1 Neutral: mechanical count <5 and no holdings, so sentiment.py not triggered per Section 0 amendment; no overrides to mechanical p2-10 labels on review"
2026-08-06T01:00:00Z,2026-08-05 PM,BCH,Neutral,Bearish,Neutral,Neutral,Neutral,Bullish,Bullish,Neutral,Bullish,Neutral,3,1,none,"p1 Neutral: mechanical count <5 and no holdings, so sentiment.py not triggered per Section 0 amendment; no overrides to mechanical p2-10 labels on review"
2026-08-06T01:00:00Z,2026-08-05 PM,BNB,Neutral,Neutral,Bullish,Bullish,Bullish,Bullish,Bullish,Neutral,Bullish,Neutral,6,0,none,"p1 Neutral: genuinely mixed this run -- bullish-structure calls offset by dismissive/bearish posts (""BNB called shit due to MEV issues"", rotate to SOL) and ""bearish distribution"" chatter; neither euphoria nor capitulation dominates."
2026-08-06T01:00:00Z,2026-08-05 PM,BTC,Neutral,Neutral,Neutral,Neutral,Neutral,Bullish,Bullish,Neutral,Bullish,Neutral,3,0,none,"p1 Neutral: mechanical count <5 and no holdings, so sentiment.py not triggered per Section 0 amendment; no overrides to mechanical p2-10 labels on review"
2026-08-06T01:00:00Z,2026-08-05 PM,CAKE,Neutral,Neutral,Neutral,Bullish,Neutral,Bullish,Neutral,Neutral,Bullish,Neutral,3,0,none,"p1 Neutral: mechanical count <5 and no holdings, so sentiment.py not triggered per Section 0 amendment; no overrides to mechanical p2-10 labels on review"
2026-08-06T01:00:00Z,2026-08-05 PM,DOGE,Neutral,Bearish,Bearish,Bullish,Neutral,Bullish,Bullish,Neutral,Bullish,Neutral,4,2,none,"p1 Neutral: mechanical count <5 and no holdings, so sentiment.py not triggered per Section 0 amendment; no overrides to mechanical p2-10 labels on review"
2026-08-06T01:00:00Z,2026-08-05 PM,ENA,Neutral,Neutral,Bullish,Neutral,Neutral,Bullish,Bullish,Neutral,Bullish,Neutral,4,0,none,"p1 Neutral: mechanical count <5 and no holdings, so sentiment.py not triggered per Section 0 amendment; no overrides to mechanical p2-10 labels on review"
2026-08-06T01:00:00Z,2026-08-05 PM,ETH,Neutral,Neutral,Bullish,Neutral,Neutral,Bullish,Bullish,Neutral,Bullish,Neutral,4,0,none,"p1 Neutral: mechanical count <5 and no holdings, so sentiment.py not triggered per Section 0 amendment; no overrides to mechanical p2-10 labels on review"
2026-08-06T01:00:00Z,2026-08-05 PM,ETHFI,Neutral,Bearish,Bearish,Neutral,Neutral,Bullish,Bearish,Neutral,Bullish,Neutral,2,3,none,"p1 Neutral: mechanical count <5 and no holdings, so sentiment.py not triggered per Section 0 amendment; no overrides to mechanical p2-10 labels on review"
2026-08-06T01:00:00Z,2026-08-05 PM,FIL,Neutral,Bearish,Neutral,Bullish,Neutral,Bullish,Neutral,Neutral,Bullish,Neutral,3,1,none,"p1 Neutral: mechanical count <5 and no holdings, so sentiment.py not triggered per Section 0 amendment; no overrides to mechanical p2-10 labels on review"
2026-08-06T01:00:00Z,2026-08-05 PM,HBAR,Neutral,Bearish,Neutral,Bullish,Neutral,Bullish,Neutral,Neutral,Bullish,Neutral,3,1,none,"p1 Neutral: mechanical count <5 and no holdings, so sentiment.py not triggered per Section 0 amendment; no overrides to mechanical p2-10 labels on review"
2026-08-06T01:00:00Z,2026-08-05 PM,JUP,Neutral,Neutral,Bearish,Bullish,Neutral,Bullish,Bearish,Neutral,Bullish,Neutral,3,2,none,"p1 Neutral: mechanical count <5 and no holdings, so sentiment.py not triggered per Section 0 amendment; no overrides to mechanical p2-10 labels on review"
2026-08-06T01:00:00Z,2026-08-05 PM,LINK,Neutral,Neutral,Neutral,Neutral,Neutral,Bullish,Neutral,Neutral,Bullish,Neutral,2,0,none,"p1 Neutral: mechanical count <5 and no holdings, so sentiment.py not triggered per Section 0 amendment; no overrides to mechanical p2-10 labels on review"
2026-08-06T01:00:00Z,2026-08-05 PM,LTC,Neutral,Neutral,Neutral,Bullish,Neutral,Bullish,Neutral,Neutral,Bullish,Neutral,3,0,none,"p1 Neutral: mechanical count <5 and no holdings, so sentiment.py not triggered per Section 0 amendment; no overrides to mechanical p2-10 labels on review"
2026-08-06T01:00:00Z,2026-08-05 PM,MORPHO,Neutral,Neutral,Neutral,Bullish,Neutral,Bullish,Bearish,Neutral,Bullish,Neutral,3,1,none,"p1 Neutral: mechanical count <5 and no holdings, so sentiment.py not triggered per Section 0 amendment; no overrides to mechanical p2-10 labels on review"
2026-08-06T01:00:00Z,2026-08-05 PM,ONDO,Neutral,Bullish,Neutral,Bullish,Neutral,Bullish,Bearish,Neutral,Bullish,Neutral,4,1,none,"p1 Neutral: mechanical count <5 and no holdings, so sentiment.py not triggered per Section 0 amendment; no overrides to mechanical p2-10 labels on review"
2026-08-06T01:00:00Z,2026-08-05 PM,PEPE,Bearish,Bearish,Bullish,Bullish,Neutral,Bullish,Bullish,Neutral,Bullish,Neutral,5,2,none,"p1 Bearish (contrarian): clear euphoria markers (new-ATH calls, ""3x-5x is all I see for the upcoming bull cycle"", rocket emojis in signal posts), zero capitulation markers -- textbook meme-coin hype read."
2026-08-06T01:00:00Z,2026-08-05 PM,PUMP,Neutral,Bearish,Neutral,Bullish,Neutral,Bullish,Bullish,Neutral,Bullish,Neutral,4,1,none,"p1 Neutral: mechanical count <5 and no holdings, so sentiment.py not triggered per Section 0 amendment; no overrides to mechanical p2-10 labels on review"
2026-08-06T01:00:00Z,2026-08-05 PM,RENDER,Neutral,Bearish,Bearish,Neutral,Neutral,Bullish,Bearish,Neutral,Bullish,Neutral,2,3,none,"p1 Neutral: mechanical count <5 and no holdings, so sentiment.py not triggered per Section 0 amendment; no overrides to mechanical p2-10 labels on review"
2026-08-06T01:00:00Z,2026-08-05 PM,SHIB,Neutral,Neutral,Bullish,Bullish,Neutral,Bullish,Neutral,Neutral,Bullish,Neutral,4,0,none,"p1 Neutral: mechanical count <5 and no holdings, so sentiment.py not triggered per Section 0 amendment; no overrides to mechanical p2-10 labels on review"
2026-08-06T01:00:00Z,2026-08-05 PM,SOL,Neutral,Bearish,Neutral,Bullish,Neutral,Bullish,Bullish,Neutral,Bullish,Neutral,4,1,none,"p1 Neutral: mechanical count <5 and no holdings, so sentiment.py not triggered per Section 0 amendment; no overrides to mechanical p2-10 labels on review"
2026-08-06T01:00:00Z,2026-08-05 PM,TAO,Neutral,Bearish,Neutral,Bullish,Neutral,Bullish,Bullish,Neutral,Bullish,Neutral,4,1,none,"p1 Neutral: mechanical count <5 and no holdings, so sentiment.py not triggered per Section 0 amendment; no overrides to mechanical p2-10 labels on review"
2026-08-06T01:00:00Z,2026-08-05 PM,TRX,Neutral,Bullish,Neutral,Bullish,Neutral,Bullish,Neutral,Neutral,Bullish,Neutral,4,0,none,"p1 Neutral: mechanical count <5 and no holdings, so sentiment.py not triggered per Section 0 amendment; no overrides to mechanical p2-10 labels on review"
2026-08-06T01:00:00Z,2026-08-05 PM,UNI,Bullish,Neutral,Bullish,Bullish,Neutral,Bullish,Bullish,Neutral,Bullish,Neutral,6,0,none,"p1 Bullish (contrarian): zero euphoria markers and zero capitulation markers despite UNI +97%/month -- discussion is fundamentals-driven (fee-switch buybacks live, token burns, V4/RWA shipping, Robinhood Chain integration), matches ""improving interest without euphoria."""
2026-08-06T01:00:00Z,2026-08-05 PM,VIRTUAL,Neutral,Bearish,Neutral,Bullish,Neutral,Bullish,Bullish,Neutral,Bullish,Neutral,4,1,none,"p1 Neutral: mechanical count <5 and no holdings, so sentiment.py not triggered per Section 0 amendment; no overrides to mechanical p2-10 labels on review"
2026-08-06T01:00:00Z,2026-08-05 PM,XLM,Neutral,Bearish,Bearish,Bullish,Neutral,Bullish,Bearish,Neutral,Bullish,Neutral,3,3,none,"p1 Neutral: mechanical count <5 and no holdings, so sentiment.py not triggered per Section 0 amendment; no overrides to mechanical p2-10 labels on review"
2026-08-06T01:00:00Z,2026-08-05 PM,XRP,Neutral,Bearish,Bearish,Bullish,Neutral,Bullish,Neutral,Neutral,Bullish,Neutral,3,2,none,"p1 Neutral: mechanical count <5 and no holdings, so sentiment.py not triggered per Section 0 amendment; no overrides to mechanical p2-10 labels on review"
2026-08-06T01:00:00Z,2026-08-05 PM,ZEC,Bearish,Bullish,Bullish,Bullish,Neutral,Bullish,Bullish,Neutral,Bullish,Neutral,6,1,none,"p1 Bearish (contrarian): euphoria markers present (price-target chasing $512-530, ""incredibly bullish"", ""looks great""), zero capitulation markers, dominant narrative mixes technical hype with Ironwood/shielded-pool fundamentals -- reads as building euphoria, not clean accumulation."
2026-08-06T07:15:00Z,2026-08-06 AM,AAVE,Neutral,Bearish,Bearish,Bullish,Neutral,Bullish,Neutral,Bullish,Bullish,Neutral,4,2,none,"p1 Neutral: mechanical count <5 and no holdings, so sentiment.py not triggered per Section 0 amendment; no overrides to mechanical p2-10 labels on review"
2026-08-06T07:15:00Z,2026-08-06 AM,ADA,Neutral,Neutral,Bullish,Neutral,Bearish,Bullish,Neutral,Bullish,Bullish,Neutral,4,1,none,"p1 Neutral: mechanical count <5 and no holdings, so sentiment.py not triggered per Section 0 amendment; no overrides to mechanical p2-10 labels on review"
2026-08-06T07:15:00Z,2026-08-06 AM,ARB,Neutral,Bearish,Bearish,Bullish,Neutral,Bullish,Neutral,Bullish,Bullish,Neutral,4,2,none,"p1 Neutral: mechanical count <5 and no holdings, so sentiment.py not triggered per Section 0 amendment; no overrides to mechanical p2-10 labels on review"
2026-08-06T07:15:00Z,2026-08-06 AM,BCH,Neutral,Bearish,Neutral,Bullish,Neutral,Bullish,Neutral,Bullish,Bullish,Neutral,4,1,none,"p1 Neutral: mechanical count <5 and no holdings, so sentiment.py not triggered per Section 0 amendment; no overrides to mechanical p2-10 labels on review"
2026-08-06T07:15:00Z,2026-08-06 AM,BNB,Neutral,Neutral,Bullish,Neutral,Neutral,Bullish,Bullish,Bullish,Bullish,Neutral,5,0,none,"p1 Neutral (contrarian): interest trend falling, zero euphoria and zero capitulation markers, scattered low-engagement chatter (memecoin tangents, community loyalty posts) -- no clear narrative shift either direction."
2026-08-06T07:15:00Z,2026-08-06 AM,BTC,Neutral,Neutral,Neutral,Neutral,Neutral,Bullish,Neutral,Bullish,Bullish,Neutral,3,0,none,"p1 Neutral: mechanical count <5 and no holdings, so sentiment.py not triggered per Section 0 amendment; no overrides to mechanical p2-10 labels on review"
2026-08-06T07:15:00Z,2026-08-06 AM,CAKE,Neutral,Neutral,Neutral,Neutral,Neutral,Bullish,Neutral,Bullish,Bullish,Neutral,3,0,none,"p1 Neutral: mechanical count <5 and no holdings, so sentiment.py not triggered per Section 0 amendment; no overrides to mechanical p2-10 labels on review"
2026-08-06T07:15:00Z,2026-08-06 AM,DOGE,Neutral,Bearish,Bearish,Bullish,Neutral,Bullish,Neutral,Bullish,Bullish,Neutral,4,2,none,"p1 Neutral: mechanical count <5 and no holdings, so sentiment.py not triggered per Section 0 amendment; no overrides to mechanical p2-10 labels on review"
2026-08-06T07:15:00Z,2026-08-06 AM,ENA,Bearish,Neutral,Bullish,Neutral,Bearish,Bullish,Bullish,Bullish,Bullish,Neutral,5,2,none,"p1 Bearish (contrarian): rising interest with clear euphoria markers (rocket emojis on accumulation posts, ""whales piling in"", Arthur Hayes conviction narrative dominating) -- crowd-following-whales hype outweighs the lone fee-switch criticism."
2026-08-06T07:15:00Z,2026-08-06 AM,ETH,Neutral,Neutral,Bullish,Neutral,Neutral,Bullish,Neutral,Bullish,Bullish,Neutral,4,0,none,"p1 Neutral: mechanical count <5 and no holdings, so sentiment.py not triggered per Section 0 amendment; no overrides to mechanical p2-10 labels on review"
2026-08-06T07:15:00Z,2026-08-06 AM,ETHFI,Neutral,Bearish,Bearish,Neutral,Neutral,Bullish,Bearish,Bullish,Bullish,Neutral,3,3,none,"p1 Neutral: mechanical count <5 and no holdings, so sentiment.py not triggered per Section 0 amendment; no overrides to mechanical p2-10 labels on review"
2026-08-06T07:15:00Z,2026-08-06 AM,FIL,Neutral,Bearish,Neutral,Bullish,Neutral,Bullish,Neutral,Bullish,Bullish,Neutral,4,1,none,"p1 Neutral: mechanical count <5 and no holdings, so sentiment.py not triggered per Section 0 amendment; no overrides to mechanical p2-10 labels on review"
2026-08-06T07:15:00Z,2026-08-06 AM,HBAR,Neutral,Bearish,Neutral,Bullish,Neutral,Bullish,Neutral,Bullish,Bullish,Neutral,4,1,none,"p1 Neutral: mechanical count <5 and no holdings, so sentiment.py not triggered per Section 0 amendment; no overrides to mechanical p2-10 labels on review"
2026-08-06T07:15:00Z,2026-08-06 AM,JUP,Neutral,Neutral,Bearish,Bullish,Neutral,Bullish,Bearish,Bullish,Bullish,Neutral,4,2,none,"p1 Neutral: mechanical count <5 and no holdings, so sentiment.py not triggered per Section 0 amendment; no overrides to mechanical p2-10 labels on review"
2026-08-06T07:15:00Z,2026-08-06 AM,LINK,Neutral,Neutral,Neutral,Neutral,Neutral,Bullish,Neutral,Bullish,Bullish,Neutral,3,0,none,"p1 Neutral: mechanical count <5 and no holdings, so sentiment.py not triggered per Section 0 amendment; no overrides to mechanical p2-10 labels on review"
2026-08-06T07:15:00Z,2026-08-06 AM,LTC,Neutral,Neutral,Neutral,Neutral,Neutral,Bullish,Neutral,Bullish,Bullish,Neutral,3,0,none,"p1 Neutral: mechanical count <5 and no holdings, so sentiment.py not triggered per Section 0 amendment; no overrides to mechanical p2-10 labels on review"
2026-08-06T07:15:00Z,2026-08-06 AM,MORPHO,Neutral,Neutral,Neutral,Bullish,Neutral,Bullish,Bearish,Bullish,Bullish,Neutral,4,1,none,"p1 Neutral: mechanical count <5 and no holdings, so sentiment.py not triggered per Section 0 amendment; no overrides to mechanical p2-10 labels on review"
2026-08-06T07:15:00Z,2026-08-06 AM,ONDO,Neutral,Bullish,Neutral,Bullish,Neutral,Bullish,Neutral,Bullish,Bullish,Neutral,5,0,none,"p1 Neutral (contrarian): interest falling, zero euphoria/capitulation markers, low-volume promotional/TA chatter only -- no narrative conviction either direction."
2026-08-06T07:15:00Z,2026-08-06 AM,PEPE,Neutral,Bearish,Neutral,Bullish,Neutral,Bullish,Neutral,Bullish,Bullish,Neutral,4,1,none,"p1 Neutral: mechanical count <5 and no holdings, so sentiment.py not triggered per Section 0 amendment; no overrides to mechanical p2-10 labels on review"
2026-08-06T07:15:00Z,2026-08-06 AM,PUMP,Neutral,Bearish,Bullish,Neutral,Bearish,Bullish,Neutral,Bullish,Bullish,Neutral,4,2,none,"p1 Neutral: mechanical count <5 and no holdings, so sentiment.py not triggered per Section 0 amendment; no overrides to mechanical p2-10 labels on review"
2026-08-06T07:15:00Z,2026-08-06 AM,RENDER,Neutral,Bearish,Bearish,Neutral,Neutral,Bullish,Bearish,Bullish,Bullish,Neutral,3,3,none,"p1 Neutral: mechanical count <5 and no holdings, so sentiment.py not triggered per Section 0 amendment; no overrides to mechanical p2-10 labels on review"
2026-08-06T07:15:00Z,2026-08-06 AM,SHIB,Neutral,Neutral,Bullish,Bullish,Neutral,Bullish,Neutral,Bullish,Bullish,Neutral,5,0,none,"p1 Neutral (contrarian): interest flat, zero euphoria/capitulation markers -- chart-pattern and burn-stat chatter, no crowd extremity."
2026-08-06T07:15:00Z,2026-08-06 AM,SOL,Neutral,Bearish,Neutral,Bullish,Neutral,Bullish,Neutral,Bullish,Bullish,Neutral,4,1,none,"p1 Neutral: mechanical count <5 and no holdings, so sentiment.py not triggered per Section 0 amendment; no overrides to mechanical p2-10 labels on review"
2026-08-06T07:15:00Z,2026-08-06 AM,TAO,Neutral,Bearish,Neutral,Bullish,Neutral,Bullish,Neutral,Bullish,Bullish,Neutral,4,1,none,"p1 Neutral: mechanical count <5 and no holdings, so sentiment.py not triggered per Section 0 amendment; no overrides to mechanical p2-10 labels on review"
2026-08-06T07:15:00Z,2026-08-06 AM,TRX,Neutral,Bullish,Neutral,Bullish,Neutral,Bullish,Neutral,Bullish,Bullish,Neutral,5,0,none,"p1 Neutral (contrarian): interest flat (not improving), zero euphoria/capitulation markers -- fundamentals-driven chatter (JustLend staking yields, MoonPay gasless tx) but not rising interest, so does not clear the ""improving interest without euphoria"" bar."
2026-08-06T07:15:00Z,2026-08-06 AM,UNI,Neutral,Neutral,Bullish,Neutral,Neutral,Bullish,Bearish,Bullish,Bullish,Neutral,4,1,none,"p1 Neutral: mechanical count <5 and no holdings, so sentiment.py not triggered per Section 0 amendment; no overrides to mechanical p2-10 labels on review"
2026-08-06T07:15:00Z,2026-08-06 AM,VIRTUAL,Neutral,Bearish,Neutral,Bullish,Neutral,Bullish,Bullish,Bullish,Bullish,Neutral,5,1,none,"p1 Neutral (contrarian): interest flat, zero euphoria/capitulation markers -- mixed TA calls (one bearish-trend note) but no crowd extremity in either direction."
2026-08-06T07:15:00Z,2026-08-06 AM,XLM,Neutral,Bearish,Bearish,Bullish,Neutral,Bullish,Neutral,Bullish,Bullish,Neutral,4,2,none,"p1 Neutral: mechanical count <5 and no holdings, so sentiment.py not triggered per Section 0 amendment; no overrides to mechanical p2-10 labels on review"
2026-08-06T07:15:00Z,2026-08-06 AM,XRP,Neutral,Bearish,Bearish,Bullish,Neutral,Bullish,Neutral,Bullish,Bullish,Neutral,4,2,none,"p1 Neutral: mechanical count <5 and no holdings, so sentiment.py not triggered per Section 0 amendment; no overrides to mechanical p2-10 labels on review"
2026-08-06T07:15:00Z,2026-08-06 AM,ZEC,Bearish,Bullish,Neutral,Bullish,Bearish,Bullish,Neutral,Bullish,Bullish,Neutral,5,2,none,"p1 Bearish (contrarian): euphoria markers present (price targets $3900-8000 vs BTC, ""hype zec pump""), zero capitulation markers -- speculative price-target chasing despite flat interest trend."
2026-08-06T19:15:00Z,2026-08-06 PM,AAVE,Neutral,Bearish,Bearish,Bullish,Neutral,Bullish,Neutral,Bullish,Bullish,Neutral,4,2,none,"p1 Neutral: mechanical count <5 and no holdings, so sentiment.py not triggered per Section 0 amendment; no overrides to mechanical p2-10 labels on review"
2026-08-06T19:15:00Z,2026-08-06 PM,ADA,Bearish,Neutral,Neutral,Neutral,Bullish,Bullish,Bullish,Bullish,Bullish,Neutral,5,1,none,"p1 Bearish (contrarian): euphoria markers present (rocket-emoji breakout targets to $0.23, 240M-ADA whale-buy hype) despite only +25% weekly -- price-target chasing and whale-following narrative reads as building euphoria, not clean accumulation."
2026-08-06T19:15:00Z,2026-08-06 PM,ARB,Neutral,Bearish,Bearish,Bullish,Neutral,Bullish,Neutral,Bullish,Bullish,Neutral,4,2,none,"p1 Neutral: mechanical count <5 and no holdings, so sentiment.py not triggered per Section 0 amendment; no overrides to mechanical p2-10 labels on review"
2026-08-06T19:15:00Z,2026-08-06 PM,BCH,Neutral,Bearish,Neutral,Bullish,Neutral,Bullish,Neutral,Bullish,Bullish,Neutral,4,1,none,"p1 Neutral: mechanical count <5 and no holdings, so sentiment.py not triggered per Section 0 amendment; no overrides to mechanical p2-10 labels on review"
2026-08-06T19:15:00Z,2026-08-06 PM,BNB,Neutral,Neutral,Bullish,Neutral,Neutral,Bullish,Bearish,Bullish,Bullish,Neutral,4,1,none,"p1 Neutral: mechanical count <5 and no holdings, so sentiment.py not triggered per Section 0 amendment; no overrides to mechanical p2-10 labels on review"
2026-08-06T19:15:00Z,2026-08-06 PM,BTC,Neutral,Neutral,Neutral,Neutral,Neutral,Bullish,Neutral,Bullish,Bullish,Neutral,3,0,none,"p1 Neutral: mechanical count <5 and no holdings, so sentiment.py not triggered per Section 0 amendment; no overrides to mechanical p2-10 labels on review"
2026-08-06T19:15:00Z,2026-08-06 PM,CAKE,Neutral,Neutral,Neutral,Neutral,Neutral,Bullish,Neutral,Bullish,Bullish,Neutral,3,0,none,"p1 Neutral: mechanical count <5 and no holdings, so sentiment.py not triggered per Section 0 amendment; no overrides to mechanical p2-10 labels on review"
2026-08-06T19:15:00Z,2026-08-06 PM,DOGE,Neutral,Bearish,Bearish,Bullish,Neutral,Bullish,Bearish,Bullish,Bullish,Neutral,4,3,none,"p1 Neutral: mechanical count <5 and no holdings, so sentiment.py not triggered per Section 0 amendment; no overrides to mechanical p2-10 labels on review"
2026-08-06T19:15:00Z,2026-08-06 PM,ENA,Bearish,Neutral,Bullish,Neutral,Neutral,Bullish,Bullish,Bullish,Bullish,Neutral,5,1,none,"p1 Bearish (contrarian): euphoria markers (price targets $0.13-0.14, rocket emojis, bullish reversal setups) outweigh a couple of tactical short posts -- whale-staking hype (""40M ENA, $3.7M"") plus TA-target chasing reads as crowd-following, not capitulation."
2026-08-06T19:15:00Z,2026-08-06 PM,ETH,Neutral,Neutral,Bullish,Neutral,Neutral,Bullish,Neutral,Bullish,Bullish,Neutral,4,0,none,"p1 Neutral: mechanical count <5 and no holdings, so sentiment.py not triggered per Section 0 amendment; no overrides to mechanical p2-10 labels on review"
2026-08-06T19:15:00Z,2026-08-06 PM,ETHFI,Neutral,Bearish,Bearish,Neutral,Neutral,Bullish,Neutral,Bullish,Bullish,Neutral,3,2,none,"p1 Neutral: mechanical count <5 and no holdings, so sentiment.py not triggered per Section 0 amendment; no overrides to mechanical p2-10 labels on review"
2026-08-06T19:15:00Z,2026-08-06 PM,FIL,Neutral,Bearish,Bearish,Bullish,Bearish,Bullish,Neutral,Bullish,Bullish,Neutral,4,3,none,"p1 Neutral: mechanical count <5 and no holdings, so sentiment.py not triggered per Section 0 amendment; no overrides to mechanical p2-10 labels on review"
2026-08-06T19:15:00Z,2026-08-06 PM,HBAR,Neutral,Bearish,Bearish,Bullish,Neutral,Bullish,Neutral,Bullish,Bullish,Neutral,4,2,none,"p1 Neutral: mechanical count <5 and no holdings, so sentiment.py not triggered per Section 0 amendment; no overrides to mechanical p2-10 labels on review"
2026-08-06T19:15:00Z,2026-08-06 PM,JUP,Neutral,Bearish,Bearish,Bullish,Neutral,Bullish,Neutral,Bullish,Bullish,Neutral,4,2,none,"p1 Neutral: mechanical count <5 and no holdings, so sentiment.py not triggered per Section 0 amendment; no overrides to mechanical p2-10 labels on review"
2026-08-06T19:15:00Z,2026-08-06 PM,LINK,Neutral,Neutral,Neutral,Neutral,Neutral,Bullish,Neutral,Bullish,Bullish,Neutral,3,0,none,"p1 Neutral: mechanical count <5 and no holdings, so sentiment.py not triggered per Section 0 amendment; no overrides to mechanical p2-10 labels on review"
2026-08-06T19:15:00Z,2026-08-06 PM,LTC,Neutral,Neutral,Neutral,Neutral,Neutral,Bullish,Bearish,Bullish,Bullish,Neutral,3,1,none,"p1 Neutral: mechanical count <5 and no holdings, so sentiment.py not triggered per Section 0 amendment; no overrides to mechanical p2-10 labels on review"
2026-08-06T19:15:00Z,2026-08-06 PM,MORPHO,Neutral,Neutral,Bearish,Bullish,Neutral,Bullish,Neutral,Bullish,Bullish,Neutral,4,1,none,"p1 Neutral: mechanical count <5 and no holdings, so sentiment.py not triggered per Section 0 amendment; no overrides to mechanical p2-10 labels on review"
2026-08-06T19:15:00Z,2026-08-06 PM,ONDO,Neutral,Bullish,Neutral,Bullish,Neutral,Bullish,Neutral,Bullish,Bullish,Neutral,5,0,none,"p1 Neutral (contrarian): interest falling, zero euphoria/capitulation markers -- mixed low-conviction chatter (Genesis Badge deadline notice, one +16% TA post, one consolidation call) with no crowd extremity."
2026-08-06T19:15:00Z,2026-08-06 PM,PEPE,Neutral,Bearish,Neutral,Bullish,Neutral,Bullish,Neutral,Bullish,Bullish,Neutral,4,1,none,"p1 Neutral: mechanical count <5 and no holdings, so sentiment.py not triggered per Section 0 amendment; no overrides to mechanical p2-10 labels on review"
2026-08-06T19:15:00Z,2026-08-06 PM,PUMP,Bearish,Bearish,Bullish,Bullish,Neutral,Bullish,Neutral,Bullish,Bullish,Neutral,5,2,none,"p1 Bearish (contrarian): euphoria markers (rocket emojis, 52% rally claims, breakout price targets, bull-breakout language) on a coin already entry_blocked for red-flag/class-action reasons -- clear crowd chasing, zero capitulation markers."
2026-08-06T19:15:00Z,2026-08-06 PM,RENDER,Neutral,Bearish,Bearish,Neutral,Neutral,Bullish,Neutral,Bullish,Bullish,Neutral,3,2,none,"p1 Neutral: mechanical count <5 and no holdings, so sentiment.py not triggered per Section 0 amendment; no overrides to mechanical p2-10 labels on review"
2026-08-06T19:15:00Z,2026-08-06 PM,SHIB,Neutral,Neutral,Neutral,Bullish,Neutral,Bullish,Neutral,Bullish,Bullish,Neutral,4,0,none,"p1 Neutral: mechanical count <5 and no holdings, so sentiment.py not triggered per Section 0 amendment; no overrides to mechanical p2-10 labels on review"
2026-08-06T19:15:00Z,2026-08-06 PM,SOL,Neutral,Bearish,Bearish,Bullish,Neutral,Bullish,Neutral,Bullish,Bullish,Neutral,4,2,none,"p1 Neutral: mechanical count <5 and no holdings, so sentiment.py not triggered per Section 0 amendment; no overrides to mechanical p2-10 labels on review"
2026-08-06T19:15:00Z,2026-08-06 PM,TAO,Neutral,Bearish,Neutral,Bullish,Neutral,Bullish,Neutral,Bullish,Bullish,Neutral,4,1,none,"p1 Neutral: mechanical count <5 and no holdings, so sentiment.py not triggered per Section 0 amendment; no overrides to mechanical p2-10 labels on review"
2026-08-06T19:15:00Z,2026-08-06 PM,TRX,Neutral,Bullish,Neutral,Bullish,Neutral,Bullish,Neutral,Bullish,Bullish,Neutral,5,0,none,"p1 Neutral (contrarian): interest flat (not improving) -- fundamentals-driven chatter (treasury buys, MoonPay gasless tx, ETF filing chatter) but flat, not rising interest, so does not clear the ""improving interest without euphoria"" bar; zero euphoria/capitulation markers."
2026-08-06T19:15:00Z,2026-08-06 PM,UNI,Neutral,Neutral,Bullish,Neutral,Neutral,Bullish,Neutral,Bullish,Bullish,Neutral,4,0,none,"p1 Neutral: mechanical count <5 and no holdings, so sentiment.py not triggered per Section 0 amendment; no overrides to mechanical p2-10 labels on review"
2026-08-06T19:15:00Z,2026-08-06 PM,VIRTUAL,Neutral,Bearish,Neutral,Bullish,Neutral,Bullish,Neutral,Bullish,Bullish,Neutral,4,1,none,"p1 Neutral: mechanical count <5 and no holdings, so sentiment.py not triggered per Section 0 amendment; no overrides to mechanical p2-10 labels on review"
2026-08-06T19:15:00Z,2026-08-06 PM,XLM,Neutral,Bearish,Bearish,Bullish,Neutral,Bullish,Neutral,Bullish,Bullish,Neutral,4,2,none,"p1 Neutral: mechanical count <5 and no holdings, so sentiment.py not triggered per Section 0 amendment; no overrides to mechanical p2-10 labels on review"
2026-08-06T19:15:00Z,2026-08-06 PM,XRP,Neutral,Bearish,Bearish,Neutral,Neutral,Bullish,Neutral,Bullish,Bullish,Neutral,3,2,none,"p1 Neutral: mechanical count <5 and no holdings, so sentiment.py not triggered per Section 0 amendment; no overrides to mechanical p2-10 labels on review"
2026-08-06T19:15:00Z,2026-08-06 PM,ZEC,Neutral,Bullish,Neutral,Bullish,Bearish,Bullish,Neutral,Bullish,Bullish,Neutral,5,1,none,"p1 Neutral (contrarian): interest flat, zero euphoria markers this window (no price-target chasing found, unlike prior checkpoints) and zero capitulation markers -- narrative is tactical short/reversal trade chatter plus a P2P milestone post, no crowd extremity either direction."
2026-08-07T13:15:00Z,2026-08-07 AM,AAVE,Neutral,Bearish,Neutral,Bullish,Neutral,Bullish,Neutral,Bullish,Bullish,Neutral,4,1,none,"p1 Neutral: mechanical count <5 and no holdings, so sentiment.py not triggered per Section 0 amendment; no overrides to mechanical p2-10 labels on review"
2026-08-07T13:15:00Z,2026-08-07 AM,ADA,Neutral,Neutral,Neutral,Neutral,Bearish,Bullish,Bullish,Bullish,Bullish,Neutral,4,1,none,"p1 Neutral: mechanical count <5 and no holdings, so sentiment.py not triggered per Section 0 amendment; no overrides to mechanical p2-10 labels on review"
2026-08-07T13:15:00Z,2026-08-07 AM,ARB,Neutral,Bearish,Bearish,Bullish,Neutral,Bullish,Neutral,Bullish,Bullish,Neutral,4,2,none,"p1 Neutral: mechanical count <5 and no holdings, so sentiment.py not triggered per Section 0 amendment; no overrides to mechanical p2-10 labels on review"
2026-08-07T13:15:00Z,2026-08-07 AM,BCH,Neutral,Bearish,Neutral,Bullish,Neutral,Bullish,Neutral,Bullish,Bullish,Neutral,4,1,none,"p1 Neutral: mechanical count <5 and no holdings, so sentiment.py not triggered per Section 0 amendment; no overrides to mechanical p2-10 labels on review"
2026-08-07T13:15:00Z,2026-08-07 AM,BNB,Neutral,Neutral,Neutral,Neutral,Neutral,Bullish,Neutral,Bullish,Bullish,Neutral,3,0,none,"p1 Neutral: mechanical count <5 and no holdings, so sentiment.py not triggered per Section 0 amendment; no overrides to mechanical p2-10 labels on review"
2026-08-07T13:15:00Z,2026-08-07 AM,BTC,Neutral,Neutral,Neutral,Bullish,Neutral,Bullish,Neutral,Bullish,Bullish,Neutral,4,0,none,"p1 Neutral: mechanical count <5 and no holdings, so sentiment.py not triggered per Section 0 amendment; no overrides to mechanical p2-10 labels on review"
2026-08-07T13:15:00Z,2026-08-07 AM,CAKE,Neutral,Neutral,Neutral,Neutral,Neutral,Bullish,Neutral,Bullish,Bullish,Neutral,3,0,none,"p1 Neutral: mechanical count <5 and no holdings, so sentiment.py not triggered per Section 0 amendment; no overrides to mechanical p2-10 labels on review"
2026-08-07T13:15:00Z,2026-08-07 AM,DOGE,Neutral,Bearish,Bearish,Bullish,Neutral,Bullish,Bearish,Bullish,Bullish,Neutral,4,3,none,"p1 Neutral: mechanical count <5 and no holdings, so sentiment.py not triggered per Section 0 amendment; no overrides to mechanical p2-10 labels on review"
2026-08-07T13:15:00Z,2026-08-07 AM,ENA,Bearish,Neutral,Bullish,Neutral,Bearish,Bullish,Bullish,Bullish,Bullish,Neutral,5,2,none,"p1 Bearish (contrarian): euphoria markers persist (price targets to $0.14, rocket emojis, bullish reversal setups, whale-staking hype) despite flat interest -- same chasing pattern as the last two checkpoints, crowd still following the trade not capitulating."
2026-08-07T13:15:00Z,2026-08-07 AM,ETH,Neutral,Neutral,Bullish,Bullish,Neutral,Bullish,Neutral,Bullish,Bullish,Neutral,5,0,none,"p1 Neutral (contrarian): interest flat, no euphoria markers; some critical/skeptical commentary on L2 revenue capture and monetary-policy changes reads as persistent skepticism, not acute capitulation (no fear-extremity language) -- doesn't clear either bar cleanly."
2026-08-07T13:15:00Z,2026-08-07 AM,ETHFI,Neutral,Bearish,Bearish,Neutral,Neutral,Bullish,Neutral,Bullish,Bullish,Neutral,3,2,none,"p1 Neutral: mechanical count <5 and no holdings, so sentiment.py not triggered per Section 0 amendment; no overrides to mechanical p2-10 labels on review"
2026-08-07T13:15:00Z,2026-08-07 AM,FIL,Neutral,Bearish,Bearish,Bullish,Neutral,Bullish,Neutral,Bullish,Bullish,Neutral,4,2,none,"p1 Neutral: mechanical count <5 and no holdings, so sentiment.py not triggered per Section 0 amendment; no overrides to mechanical p2-10 labels on review"
2026-08-07T13:15:00Z,2026-08-07 AM,HBAR,Neutral,Bearish,Neutral,Bullish,Neutral,Bullish,Neutral,Bullish,Bullish,Neutral,4,1,none,"p1 Neutral: mechanical count <5 and no holdings, so sentiment.py not triggered per Section 0 amendment; no overrides to mechanical p2-10 labels on review"
2026-08-07T13:15:00Z,2026-08-07 AM,JUP,Neutral,Neutral,Bearish,Neutral,Neutral,Bullish,Neutral,Bullish,Bullish,Neutral,3,1,none,"p1 Neutral: mechanical count <5 and no holdings, so sentiment.py not triggered per Section 0 amendment; no overrides to mechanical p2-10 labels on review"
2026-08-07T13:15:00Z,2026-08-07 AM,LINK,Neutral,Neutral,Neutral,Bullish,Neutral,Bullish,Neutral,Bullish,Bullish,Neutral,4,0,none,"p1 Neutral: mechanical count <5 and no holdings, so sentiment.py not triggered per Section 0 amendment; no overrides to mechanical p2-10 labels on review"
2026-08-07T13:15:00Z,2026-08-07 AM,LTC,Bearish,Neutral,Neutral,Bullish,Neutral,Bullish,Bullish,Bullish,Bullish,Neutral,5,1,none,"p1 Bearish (contrarian): euphoria markers present (multi-year wedge price targets to $55-130, rocket emojis, ""build up a stack"" accumulation language) outweigh the coexisting Extreme-Fear/bearish-lean TA chatter -- outsized upside-target chasing reads as the dominant crowd behavior, not clean capitulation; also entry_blocked (red-flag) so moot for entry, scored for completeness."
2026-08-07T13:15:00Z,2026-08-07 AM,MORPHO,Neutral,Neutral,Bearish,Bullish,Neutral,Bullish,Neutral,Bullish,Bullish,Neutral,4,1,none,"p1 Neutral: mechanical count <5 and no holdings, so sentiment.py not triggered per Section 0 amendment; no overrides to mechanical p2-10 labels on review"
2026-08-07T13:15:00Z,2026-08-07 AM,ONDO,Neutral,Bullish,Neutral,Bullish,Neutral,Bullish,Neutral,Bullish,Bullish,Neutral,5,0,none,"p1 Neutral (contrarian): interest flat, zero euphoria/capitulation markers -- fundamentals narrative (228k+ holders, RWA expansion) plus routine TA calls, one +16%-day post is not euphoria on its own, no crowd extremity."
2026-08-07T13:15:00Z,2026-08-07 AM,PEPE,Neutral,Bearish,Neutral,Bullish,Neutral,Bullish,Neutral,Bullish,Bullish,Neutral,4,1,none,"p1 Neutral: mechanical count <5 and no holdings, so sentiment.py not triggered per Section 0 amendment; no overrides to mechanical p2-10 labels on review"
2026-08-07T13:15:00Z,2026-08-07 AM,PUMP,Neutral,Bearish,Bullish,Neutral,Neutral,Bullish,Neutral,Bullish,Bullish,Neutral,4,1,none,"p1 Neutral: mechanical count <5 and no holdings, so sentiment.py not triggered per Section 0 amendment; no overrides to mechanical p2-10 labels on review"
2026-08-07T13:15:00Z,2026-08-07 AM,RENDER,Neutral,Bearish,Bearish,Neutral,Neutral,Bullish,Bearish,Bullish,Bullish,Neutral,3,3,none,"p1 Neutral: mechanical count <5 and no holdings, so sentiment.py not triggered per Section 0 amendment; no overrides to mechanical p2-10 labels on review"
2026-08-07T13:15:00Z,2026-08-07 AM,SHIB,Neutral,Neutral,Neutral,Bullish,Neutral,Bullish,Neutral,Bullish,Bullish,Neutral,4,0,none,"p1 Neutral: mechanical count <5 and no holdings, so sentiment.py not triggered per Section 0 amendment; no overrides to mechanical p2-10 labels on review"
2026-08-07T13:15:00Z,2026-08-07 AM,SOL,Neutral,Bearish,Bearish,Bullish,Neutral,Bullish,Neutral,Bullish,Bullish,Neutral,4,2,none,"p1 Neutral: mechanical count <5 and no holdings, so sentiment.py not triggered per Section 0 amendment; no overrides to mechanical p2-10 labels on review"
2026-08-07T13:15:00Z,2026-08-07 AM,TAO,Neutral,Bearish,Bearish,Bullish,Neutral,Bullish,Neutral,Bullish,Bullish,Neutral,4,2,none,"p1 Neutral: mechanical count <5 and no holdings, so sentiment.py not triggered per Section 0 amendment; no overrides to mechanical p2-10 labels on review"
2026-08-07T13:15:00Z,2026-08-07 AM,TRX,Neutral,Bullish,Neutral,Bullish,Neutral,Bullish,Neutral,Bullish,Bullish,Neutral,5,0,none,"p1 Neutral (contrarian): interest falling (not improving), zero euphoria/capitulation markers -- routine fundamentals chatter (gasless tx via MoonPay/Trust Wallet, JustLend staking yield, support-level TA), no crowd extremity either direction."
2026-08-07T13:15:00Z,2026-08-07 AM,UNI,Neutral,Neutral,Bullish,Neutral,Neutral,Bullish,Neutral,Bullish,Bullish,Neutral,4,0,none,"p1 Neutral: mechanical count <5 and no holdings, so sentiment.py not triggered per Section 0 amendment; no overrides to mechanical p2-10 labels on review"
2026-08-07T13:15:00Z,2026-08-07 AM,VIRTUAL,Neutral,Bearish,Neutral,Bullish,Neutral,Bullish,Neutral,Bullish,Bullish,Neutral,4,1,none,"p1 Neutral: mechanical count <5 and no holdings, so sentiment.py not triggered per Section 0 amendment; no overrides to mechanical p2-10 labels on review"
2026-08-07T13:15:00Z,2026-08-07 AM,XLM,Neutral,Bearish,Bearish,Bullish,Neutral,Bullish,Neutral,Bullish,Bullish,Neutral,4,2,none,"p1 Neutral: mechanical count <5 and no holdings, so sentiment.py not triggered per Section 0 amendment; no overrides to mechanical p2-10 labels on review"
2026-08-07T13:15:00Z,2026-08-07 AM,XRP,Neutral,Bearish,Bearish,Neutral,Neutral,Bullish,Bearish,Bullish,Bullish,Neutral,3,3,none,"p1 Neutral: mechanical count <5 and no holdings, so sentiment.py not triggered per Section 0 amendment; no overrides to mechanical p2-10 labels on review"
2026-08-07T13:15:00Z,2026-08-07 AM,ZEC,Neutral,Bullish,Neutral,Bullish,Bearish,Bullish,Neutral,Bullish,Bullish,Neutral,5,1,none,"p1 Neutral (contrarian): interest falling, zero euphoria markers, one throwaway capitulation-adjacent joke (""chopped from zec"") in an otherwise sparse/spam-heavy feed -- not enough signal to call capitulation, no crowd extremity."
2026-08-07T19:15:00Z,2026-08-07 PM,AAVE,Neutral,Bearish,Neutral,Bullish,Neutral,Bullish,Neutral,Bullish,Bullish,Neutral,4,1,none,"p1 Neutral: mechanical count <5 and no holdings, so sentiment.py not triggered per Section 0 amendment; no overrides to mechanical p2-10 labels on review"
2026-08-07T19:15:00Z,2026-08-07 PM,ADA,Neutral,Neutral,Bullish,Neutral,Neutral,Bullish,Neutral,Bullish,Bullish,Neutral,4,0,none,"p1 Neutral: mechanical count <5 and no holdings, so sentiment.py not triggered per Section 0 amendment; no overrides to mechanical p2-10 labels on review"
2026-08-07T19:15:00Z,2026-08-07 PM,ARB,Neutral,Bearish,Bearish,Bullish,Neutral,Bullish,Neutral,Bullish,Bullish,Neutral,4,2,none,"p1 Neutral: mechanical count <5 and no holdings, so sentiment.py not triggered per Section 0 amendment; no overrides to mechanical p2-10 labels on review"
2026-08-07T19:15:00Z,2026-08-07 PM,BCH,Neutral,Bearish,Neutral,Bullish,Neutral,Bullish,Neutral,Bullish,Bullish,Neutral,4,1,none,"p1 Neutral: mechanical count <5 and no holdings, so sentiment.py not triggered per Section 0 amendment; no overrides to mechanical p2-10 labels on review"
2026-08-07T19:15:00Z,2026-08-07 PM,BNB,Neutral,Neutral,Bullish,Neutral,Neutral,Bullish,Neutral,Bullish,Bullish,Neutral,4,0,none,"p1 Neutral: mechanical count <5 and no holdings, so sentiment.py not triggered per Section 0 amendment; no overrides to mechanical p2-10 labels on review"
2026-08-07T19:15:00Z,2026-08-07 PM,BTC,Neutral,Neutral,Neutral,Bullish,Neutral,Bullish,Neutral,Bullish,Bullish,Neutral,4,0,none,"p1 Neutral: mechanical count <5 and no holdings, so sentiment.py not triggered per Section 0 amendment; no overrides to mechanical p2-10 labels on review"
2026-08-07T19:15:00Z,2026-08-07 PM,CAKE,Neutral,Neutral,Neutral,Neutral,Neutral,Bullish,Neutral,Bullish,Bullish,Neutral,3,0,none,"p1 Neutral: mechanical count <5 and no holdings, so sentiment.py not triggered per Section 0 amendment; no overrides to mechanical p2-10 labels on review"
2026-08-07T19:15:00Z,2026-08-07 PM,DOGE,Neutral,Bearish,Bearish,Bullish,Neutral,Bullish,Neutral,Bullish,Bullish,Neutral,4,2,none,"p1 Neutral: mechanical count <5 and no holdings, so sentiment.py not triggered per Section 0 amendment; no overrides to mechanical p2-10 labels on review"
2026-08-07T19:15:00Z,2026-08-07 PM,ENA,Neutral,Neutral,Bullish,Neutral,Neutral,Bullish,Neutral,Bullish,Bullish,Neutral,4,0,none,"p1 Neutral: mechanical count <5 and no holdings, so sentiment.py not triggered per Section 0 amendment; no overrides to mechanical p2-10 labels on review"
2026-08-07T19:15:00Z,2026-08-07 PM,ETH,Neutral,Neutral,Bullish,Bullish,Neutral,Bullish,Bearish,Bullish,Bullish,Neutral,5,1,none,"p1 Neutral (contrarian): interest flat, no euphoria markers -- mixed low-conviction technical chatter (EIP-8361 burn-proposal debate, bearish-below-trendline calls, one bullish burn-momentum post) with no crowd extremity either direction."
2026-08-07T19:15:00Z,2026-08-07 PM,ETHFI,Neutral,Bearish,Neutral,Neutral,Neutral,Bullish,Bearish,Bullish,Bullish,Neutral,3,2,none,"p1 Neutral: mechanical count <5 and no holdings, so sentiment.py not triggered per Section 0 amendment; no overrides to mechanical p2-10 labels on review"
2026-08-07T19:15:00Z,2026-08-07 PM,FIL,Neutral,Bearish,Bearish,Bullish,Neutral,Bullish,Neutral,Bullish,Bullish,Neutral,4,2,none,"p1 Neutral: mechanical count <5 and no holdings, so sentiment.py not triggered per Section 0 amendment; no overrides to mechanical p2-10 labels on review"
2026-08-07T19:15:00Z,2026-08-07 PM,HBAR,Neutral,Bearish,Bearish,Bullish,Neutral,Bullish,Neutral,Bullish,Bullish,Neutral,4,2,none,"p1 Neutral: mechanical count <5 and no holdings, so sentiment.py not triggered per Section 0 amendment; no overrides to mechanical p2-10 labels on review"
2026-08-07T19:15:00Z,2026-08-07 PM,JUP,Neutral,Bearish,Bearish,Bullish,Neutral,Bullish,Neutral,Bullish,Bullish,Neutral,4,2,none,"p1 Neutral: mechanical count <5 and no holdings, so sentiment.py not triggered per Section 0 amendment; no overrides to mechanical p2-10 labels on review"
2026-08-07T19:15:00Z,2026-08-07 PM,LINK,Neutral,Neutral,Neutral,Bullish,Neutral,Bullish,Neutral,Bullish,Bullish,Neutral,4,0,none,"p1 Neutral: mechanical count <5 and no holdings, so sentiment.py not triggered per Section 0 amendment; no overrides to mechanical p2-10 labels on review"
2026-08-07T19:15:00Z,2026-08-07 PM,LTC,Neutral,Neutral,Neutral,Bullish,Neutral,Bullish,Neutral,Bullish,Bullish,Neutral,4,0,none,"p1 Neutral: mechanical count <5 and no holdings, so sentiment.py not triggered per Section 0 amendment; no overrides to mechanical p2-10 labels on review"
2026-08-07T19:15:00Z,2026-08-07 PM,MORPHO,Neutral,Neutral,Bearish,Bullish,Neutral,Bullish,Neutral,Bullish,Bullish,Neutral,4,1,none,"p1 Neutral: mechanical count <5 and no holdings, so sentiment.py not triggered per Section 0 amendment; no overrides to mechanical p2-10 labels on review"
2026-08-07T19:15:00Z,2026-08-07 PM,ONDO,Neutral,Neutral,Bearish,Bullish,Neutral,Bullish,Neutral,Bullish,Bullish,Neutral,4,1,none,"p1 Neutral: mechanical count <5 and no holdings, so sentiment.py not triggered per Section 0 amendment; no overrides to mechanical p2-10 labels on review"
2026-08-07T19:15:00Z,2026-08-07 PM,PEPE,Neutral,Bearish,Neutral,Bullish,Neutral,Bullish,Neutral,Bullish,Bullish,Neutral,4,1,none,"p1 Neutral: mechanical count <5 and no holdings, so sentiment.py not triggered per Section 0 amendment; no overrides to mechanical p2-10 labels on review"
2026-08-07T19:15:00Z,2026-08-07 PM,PUMP,Neutral,Bearish,Bullish,Neutral,Neutral,Bullish,Neutral,Bullish,Bullish,Neutral,4,1,none,"p1 Neutral: mechanical count <5 and no holdings, so sentiment.py not triggered per Section 0 amendment; no overrides to mechanical p2-10 labels on review"
2026-08-07T19:15:00Z,2026-08-07 PM,RENDER,Neutral,Bearish,Bearish,Neutral,Neutral,Bullish,Neutral,Bullish,Bullish,Neutral,3,2,none,"p1 Neutral: mechanical count <5 and no holdings, so sentiment.py not triggered per Section 0 amendment; no overrides to mechanical p2-10 labels on review"
2026-08-07T19:15:00Z,2026-08-07 PM,SHIB,Neutral,Neutral,Neutral,Bullish,Neutral,Bullish,Neutral,Bullish,Bullish,Neutral,4,0,none,"p1 Neutral: mechanical count <5 and no holdings, so sentiment.py not triggered per Section 0 amendment; no overrides to mechanical p2-10 labels on review"
2026-08-07T19:15:00Z,2026-08-07 PM,SOL,Neutral,Bearish,Neutral,Bullish,Neutral,Bullish,Neutral,Bullish,Bullish,Neutral,4,1,none,"p1 Neutral: mechanical count <5 and no holdings, so sentiment.py not triggered per Section 0 amendment; no overrides to mechanical p2-10 labels on review"
2026-08-07T19:15:00Z,2026-08-07 PM,TAO,Neutral,Bearish,Bearish,Bullish,Neutral,Bullish,Neutral,Bullish,Bullish,Neutral,4,2,none,"p1 Neutral: mechanical count <5 and no holdings, so sentiment.py not triggered per Section 0 amendment; no overrides to mechanical p2-10 labels on review"
2026-08-07T19:15:00Z,2026-08-07 PM,TRX,Bullish,Bullish,Neutral,Bullish,Neutral,Bullish,Neutral,Bullish,Bullish,Neutral,6,0,none,"p1 Bullish (contrarian): interest trend flipped to rising this window (Canary Capital Staked TRX ETF filing, S&P crypto index inclusion, best-DCA-since-2022 stat) with zero euphoria markers -- genuine ""improving interest without euphoria"" read, first Bullish p1 for TRX after two flat/falling checkpoints."
2026-08-07T19:15:00Z,2026-08-07 PM,UNI,Neutral,Neutral,Bullish,Neutral,Neutral,Bullish,Neutral,Bullish,Bullish,Neutral,4,0,none,"p1 Neutral: mechanical count <5 and no holdings, so sentiment.py not triggered per Section 0 amendment; no overrides to mechanical p2-10 labels on review"
2026-08-07T19:15:00Z,2026-08-07 PM,VIRTUAL,Neutral,Bearish,Neutral,Bullish,Neutral,Bullish,Neutral,Bullish,Bullish,Neutral,4,1,none,"p1 Neutral: mechanical count <5 and no holdings, so sentiment.py not triggered per Section 0 amendment; no overrides to mechanical p2-10 labels on review"
2026-08-07T19:15:00Z,2026-08-07 PM,XLM,Neutral,Bearish,Bearish,Bullish,Neutral,Bullish,Neutral,Bullish,Bullish,Neutral,4,2,none,"p1 Neutral: mechanical count <5 and no holdings, so sentiment.py not triggered per Section 0 amendment; no overrides to mechanical p2-10 labels on review"
2026-08-07T19:15:00Z,2026-08-07 PM,XRP,Neutral,Bearish,Bearish,Neutral,Neutral,Bullish,Bearish,Bullish,Bullish,Neutral,3,3,none,"p1 Neutral: mechanical count <5 and no holdings, so sentiment.py not triggered per Section 0 amendment; no overrides to mechanical p2-10 labels on review"
2026-08-07T19:15:00Z,2026-08-07 PM,ZEC,Bearish,Bullish,Neutral,Bullish,Neutral,Bullish,Bullish,Bullish,Bullish,Neutral,6,1,none,"p1 Bearish (contrarian): euphoria markers present (10x price-target chatter, ""$500 buy calls"", bullish-AI-stock framing) despite flat overall interest -- crowd chasing upside on thin volume, not capitulation; reverses the Neutral read from the last two checkpoints on genuinely new evidence."
2026-08-08T07:15:00Z,2026-08-08 AM,AAVE,Neutral,Bearish,Neutral,Bullish,Neutral,Bullish,Neutral,Bullish,Bullish,Neutral,4,1,none,"p1 Neutral: mechanical count <5 and no holdings, so sentiment.py not triggered per Section 0 amendment; no overrides to mechanical p2-10 labels on review"
2026-08-08T07:15:00Z,2026-08-08 AM,ADA,Neutral,Neutral,Bullish,Neutral,Bearish,Bullish,Neutral,Bullish,Bullish,Neutral,4,1,none,"p1 Neutral: mechanical count <5 and no holdings, so sentiment.py not triggered per Section 0 amendment; no overrides to mechanical p2-10 labels on review"
2026-08-08T07:15:00Z,2026-08-08 AM,ARB,Neutral,Bearish,Bearish,Bullish,Neutral,Bullish,Neutral,Bullish,Bullish,Neutral,4,2,none,"p1 Neutral: mechanical count <5 and no holdings, so sentiment.py not triggered per Section 0 amendment; no overrides to mechanical p2-10 labels on review"
2026-08-08T07:15:00Z,2026-08-08 AM,BCH,Neutral,Bearish,Neutral,Bullish,Neutral,Bullish,Neutral,Bullish,Bullish,Neutral,4,1,none,"p1 Neutral: mechanical count <5 and no holdings, so sentiment.py not triggered per Section 0 amendment; no overrides to mechanical p2-10 labels on review"
2026-08-08T07:15:00Z,2026-08-08 AM,BNB,Neutral,Neutral,Bullish,Bullish,Neutral,Bullish,Neutral,Bullish,Bullish,Neutral,5,0,none,"interest flat, genuinely mixed chatter -- breakout/rocket-emoji bulls vs RSI/EMA-bearish short-setup calls in roughly equal measure -- no crowd extremity either direction."
2026-08-08T07:15:00Z,2026-08-08 AM,BTC,Neutral,Neutral,Neutral,Bullish,Neutral,Bullish,Neutral,Bullish,Bullish,Neutral,4,0,none,"p1 Neutral: mechanical count <5 and no holdings, so sentiment.py not triggered per Section 0 amendment; no overrides to mechanical p2-10 labels on review"
2026-08-08T07:15:00Z,2026-08-08 AM,CAKE,Neutral,Neutral,Neutral,Bullish,Neutral,Bullish,Neutral,Bullish,Bullish,Neutral,4,0,none,"p1 Neutral: mechanical count <5 and no holdings, so sentiment.py not triggered per Section 0 amendment; no overrides to mechanical p2-10 labels on review"
2026-08-08T07:15:00Z,2026-08-08 AM,DOGE,Neutral,Bearish,Bearish,Bullish,Neutral,Bullish,Neutral,Bullish,Bullish,Neutral,4,2,none,"p1 Neutral: mechanical count <5 and no holdings, so sentiment.py not triggered per Section 0 amendment; no overrides to mechanical p2-10 labels on review"
2026-08-08T07:15:00Z,2026-08-08 AM,ENA,Neutral,Neutral,Bullish,Neutral,Bearish,Bullish,Neutral,Bullish,Bullish,Neutral,4,1,none,"p1 Neutral: mechanical count <5 and no holdings, so sentiment.py not triggered per Section 0 amendment; no overrides to mechanical p2-10 labels on review"
2026-08-08T07:15:00Z,2026-08-08 AM,ETH,Neutral,Neutral,Bullish,Bullish,Neutral,Bullish,Bearish,Bullish,Bullish,Neutral,5,1,none,"interest flat, euphoria markers are isolated pump-signal-account chatter (single BIG PUMP entry call, rocket emoji) not broad crowd extremity; dominant narrative is routine TA/ETF notes -- no capitulation either. Consistent with the last two checkpoints' Neutral read."
2026-08-08T07:15:00Z,2026-08-08 AM,ETHFI,Neutral,Bearish,Neutral,Neutral,Neutral,Bullish,Bearish,Bullish,Bullish,Neutral,3,2,none,"p1 Neutral: mechanical count <5 and no holdings, so sentiment.py not triggered per Section 0 amendment; no overrides to mechanical p2-10 labels on review"
2026-08-08T07:15:00Z,2026-08-08 AM,FIL,Neutral,Bearish,Bearish,Bullish,Neutral,Bullish,Bearish,Bullish,Bullish,Neutral,4,3,none,"p1 Neutral: mechanical count <5 and no holdings, so sentiment.py not triggered per Section 0 amendment; no overrides to mechanical p2-10 labels on review"
2026-08-08T07:15:00Z,2026-08-08 AM,HBAR,Neutral,Bearish,Bearish,Bullish,Neutral,Bullish,Neutral,Bullish,Bullish,Neutral,4,2,none,"p1 Neutral: mechanical count <5 and no holdings, so sentiment.py not triggered per Section 0 amendment; no overrides to mechanical p2-10 labels on review"
2026-08-08T07:15:00Z,2026-08-08 AM,JUP,Neutral,Bearish,Bearish,Bullish,Neutral,Bullish,Neutral,Bullish,Bullish,Neutral,4,2,none,"p1 Neutral: mechanical count <5 and no holdings, so sentiment.py not triggered per Section 0 amendment; no overrides to mechanical p2-10 labels on review"
2026-08-08T07:15:00Z,2026-08-08 AM,LINK,Neutral,Neutral,Neutral,Bullish,Neutral,Bullish,Neutral,Bullish,Bullish,Neutral,4,0,none,"p1 Neutral: mechanical count <5 and no holdings, so sentiment.py not triggered per Section 0 amendment; no overrides to mechanical p2-10 labels on review"
2026-08-08T07:15:00Z,2026-08-08 AM,LTC,Neutral,Neutral,Neutral,Bullish,Neutral,Bullish,Bearish,Bullish,Bullish,Neutral,4,1,none,"p1 Neutral: mechanical count <5 and no holdings, so sentiment.py not triggered per Section 0 amendment; no overrides to mechanical p2-10 labels on review"
2026-08-08T07:15:00Z,2026-08-08 AM,MORPHO,Neutral,Neutral,Bearish,Bullish,Neutral,Bullish,Neutral,Bullish,Bullish,Neutral,4,1,none,"p1 Neutral: mechanical count <5 and no holdings, so sentiment.py not triggered per Section 0 amendment; no overrides to mechanical p2-10 labels on review"
2026-08-08T07:15:00Z,2026-08-08 AM,ONDO,Neutral,Bullish,Neutral,Bullish,Neutral,Bullish,Bearish,Bullish,Bullish,Neutral,5,1,none,"interest falling but the single capitulation-adjacent line (""people dumping while product scales"") is thin evidence next to routine dip-buy entries (0.35 long setups) and a product-scaling narrative (tokenised COIN on MEXC) -- not the sharp, dominant capitulation signal the rubric requires; no crowd extremity either direction."
2026-08-08T07:15:00Z,2026-08-08 AM,PEPE,Neutral,Bearish,Neutral,Bullish,Neutral,Bullish,Bullish,Bullish,Bullish,Neutral,5,1,none,"interest flat, no euphoria or capitulation markers -- mixed bull/bear TA calls and a matter-of-fact ""-88% from ATH, no near-term recovery"" note read as routine, low-engagement chatter with no crowd extremity."
2026-08-08T07:15:00Z,2026-08-08 AM,PUMP,Neutral,Bearish,Bullish,Neutral,Bearish,Bullish,Neutral,Bullish,Bullish,Neutral,4,2,none,"p1 Neutral: mechanical count <5 and no holdings, so sentiment.py not triggered per Section 0 amendment; no overrides to mechanical p2-10 labels on review"
2026-08-08T07:15:00Z,2026-08-08 AM,RENDER,Neutral,Bearish,Bearish,Neutral,Neutral,Bullish,Neutral,Bullish,Bullish,Neutral,3,2,none,"p1 Neutral: mechanical count <5 and no holdings, so sentiment.py not triggered per Section 0 amendment; no overrides to mechanical p2-10 labels on review"
2026-08-08T07:15:00Z,2026-08-08 AM,SHIB,Neutral,Neutral,Neutral,Bullish,Neutral,Bullish,Bearish,Bullish,Bullish,Neutral,4,1,none,"p1 Neutral: mechanical count <5 and no holdings, so sentiment.py not triggered per Section 0 amendment; no overrides to mechanical p2-10 labels on review"
2026-08-08T07:15:00Z,2026-08-08 AM,SOL,Bullish,Bearish,Neutral,Bullish,Neutral,Bullish,Bullish,Bullish,Bullish,Neutral,6,1,none,"capitulation markers dominant (""beautiful corpse"" down 40% from peak, ""everyone calling it dead at $73"", fear-index-25 framing) while on-chain/thesis signals stay intact (62k dormant wallets waking with $2B memecoin volume, SGP-0003 burns, Take-Two listing, 100M CU blocks, Solana Pay adoption) -- classic capitulation-while-thesis-intact contrarian Bullish per the p1 rubric."
2026-08-08T07:15:00Z,2026-08-08 AM,TAO,Bearish,Bearish,Neutral,Bullish,Neutral,Bullish,Bullish,Bullish,Bullish,Neutral,5,2,none,"euphoria markers present and dominant -- rocket-emoji shill posts, ""$193 will look ridiculous in future"" price-target chasing, ""heavy conviction"" thesis-repetition -- reads as crowd re-affirming a long-held bullish narrative rather than fresh skepticism; no capitulation markers to counter it."
2026-08-08T07:15:00Z,2026-08-08 AM,TRX,Neutral,Bullish,Neutral,Bullish,Neutral,Bullish,Neutral,Bullish,Bullish,Neutral,5,0,none,"interest flat, zero euphoria/capitulation markers -- pure TA chatter on support/resistance levels near 0.32-0.33, no crowd extremity. PM 08-07's ETF-filing catalyst chatter is absent from this window, so the read reverts from that checkpoint's Bullish back to Neutral on the new evidence."
2026-08-08T07:15:00Z,2026-08-08 AM,UNI,Neutral,Bullish,Bullish,Neutral,Neutral,Bullish,Neutral,Bullish,Bullish,Neutral,5,0,none,"interest flat, no euphoria; mild skepticism (""bear season, trading reversals elsewhere"") is fading-enthusiasm chatter, not capitulation panic -- dominant narrative is protocol-growth-outpacing-price, a fundamentals point not a crowd-extremity signal. No clear read either direction."
2026-08-08T07:15:00Z,2026-08-08 AM,VIRTUAL,Neutral,Bearish,Neutral,Bullish,Neutral,Bullish,Neutral,Bullish,Bullish,Neutral,4,1,none,"p1 Neutral: mechanical count <5 and no holdings, so sentiment.py not triggered per Section 0 amendment; no overrides to mechanical p2-10 labels on review"
2026-08-08T07:15:00Z,2026-08-08 AM,XLM,Neutral,Bearish,Bearish,Bullish,Neutral,Bullish,Bearish,Bullish,Bullish,Neutral,4,3,none,"p1 Neutral: mechanical count <5 and no holdings, so sentiment.py not triggered per Section 0 amendment; no overrides to mechanical p2-10 labels on review"
2026-08-08T07:15:00Z,2026-08-08 AM,XRP,Neutral,Bearish,Bearish,Neutral,Neutral,Bullish,Bearish,Bullish,Bullish,Neutral,3,3,none,"p1 Neutral: mechanical count <5 and no holdings, so sentiment.py not triggered per Section 0 amendment; no overrides to mechanical p2-10 labels on review"
2026-08-08T07:15:00Z,2026-08-08 AM,ZEC,Bearish,Bullish,Neutral,Bullish,Bearish,Bullish,Bullish,Bullish,Bullish,Neutral,6,2,none,"euphoria markers persist (multiple long-signal TP posts, ""less risky at $500 now than $50 last year"" reframing of a 10x price run as safe) outweighing a mild hopium-warning caveat -- crowd still chasing/justifying upside on a name already +9.7% 7d, not capitulating. Continues PM 08-07's Bearish read on materially the same evidence pattern."
2026-08-08T19:15:00Z,2026-08-08 PM,AAVE,Neutral,Neutral,Neutral,Bullish,Neutral,Bullish,Neutral,Bullish,Bullish,Neutral,4,0,none,"p1 Neutral: mechanical count <5 and no holdings, so sentiment.py not triggered per Section 0 amendment; no overrides to mechanical p2-10 labels on review"
2026-08-08T19:15:00Z,2026-08-08 PM,ADA,Neutral,Neutral,Bullish,Neutral,Bearish,Bullish,Neutral,Bullish,Bullish,Neutral,4,1,none,"p1 Neutral: mechanical count <5 and no holdings, so sentiment.py not triggered per Section 0 amendment; no overrides to mechanical p2-10 labels on review"
2026-08-08T19:15:00Z,2026-08-08 PM,ARB,Neutral,Bearish,Bearish,Bullish,Neutral,Bullish,Bullish,Bullish,Bullish,Neutral,5,2,none,"sentiment.py run (mech 5/9): interest flat, chatter is incidental TA-thread tagging and one short-profit post (+215%) -- no crowd extremity either direction, no capitulation despite p2/p3 mechanical Bearish."
2026-08-08T19:15:00Z,2026-08-08 PM,BCH,Neutral,Neutral,Neutral,Bullish,Neutral,Bullish,Neutral,Bullish,Bullish,Neutral,4,0,none,"p1 Neutral: mechanical count <5 and no holdings, so sentiment.py not triggered per Section 0 amendment; no overrides to mechanical p2-10 labels on review"
2026-08-08T19:15:00Z,2026-08-08 PM,BNB,Neutral,Neutral,Bullish,Bullish,Neutral,Bullish,Neutral,Bullish,Bullish,Neutral,5,0,none,"sentiment.py run (mech 5/9): sparse low-engagement chatter (small-cap BNB Chain project mentions, 'the dip is barely a scratch') -- no euphoria or capitulation, no crowd extremity."
2026-08-08T19:15:00Z,2026-08-08 PM,BTC,Neutral,Neutral,Bullish,Bullish,Neutral,Bullish,Neutral,Bullish,Bullish,Neutral,5,0,none,"sentiment.py run (mech 5/9): flat interest, routine 64-65k range TA including one bearish-structure post -- no euphoria/capitulation, no crowd extremity."
2026-08-08T19:15:00Z,2026-08-08 PM,CAKE,Bearish,Neutral,Bullish,Neutral,Neutral,Bullish,Bullish,Bullish,Bullish,Neutral,5,1,none,"sentiment.py run (mech 5/9): euphoria markers present -- escalating TP posts (1.6-2.4 targets), 'banked TP2 with higher targets mapped' signal-account chasing on top of the burn/buyback narrative -- crowd already piling into upside, contrarian Bearish."
2026-08-08T19:15:00Z,2026-08-08 PM,DOGE,Neutral,Bearish,Neutral,Bullish,Neutral,Bullish,Bullish,Bullish,Bullish,Neutral,5,1,none,"sentiment.py run (mech 5/9): 'no hype, no catalyst' range-bound chatter, one overbought-momentum-lacking TA note -- no crowd extremity either direction."
2026-08-08T19:15:00Z,2026-08-08 PM,ENA,Neutral,Neutral,Bullish,Neutral,Bearish,Bullish,Neutral,Bullish,Bullish,Neutral,4,1,none,"p1 Neutral: mechanical count <5 and no holdings, so sentiment.py not triggered per Section 0 amendment; no overrides to mechanical p2-10 labels on review"
2026-08-08T19:15:00Z,2026-08-08 PM,ETH,Neutral,Neutral,Bullish,Bullish,Neutral,Bullish,Neutral,Bullish,Bullish,Neutral,5,0,none,"sentiment.py run (mech 5/9): consolidating-near-support narrative, ETF-inflow notes, one 'early distribution signals but EMAs still bullish' mixed read -- flat interest, no crowd extremity. Consistent with the last several checkpoints' Neutral."
2026-08-08T19:15:00Z,2026-08-08 PM,ETHFI,Neutral,Bearish,Neutral,Neutral,Neutral,Bullish,Neutral,Bullish,Bullish,Neutral,3,1,none,"p1 Neutral: mechanical count <5 and no holdings, so sentiment.py not triggered per Section 0 amendment; no overrides to mechanical p2-10 labels on review"
2026-08-08T19:15:00Z,2026-08-08 PM,FIL,Neutral,Bearish,Neutral,Neutral,Neutral,Bullish,Bullish,Bullish,Bullish,Neutral,4,1,none,"p1 Neutral: mechanical count <5 and no holdings, so sentiment.py not triggered per Section 0 amendment; no overrides to mechanical p2-10 labels on review"
2026-08-08T19:15:00Z,2026-08-08 PM,HBAR,Neutral,Bearish,Neutral,Bullish,Neutral,Bullish,Neutral,Bullish,Bullish,Neutral,4,1,none,"p1 Neutral: mechanical count <5 and no holdings, so sentiment.py not triggered per Section 0 amendment; no overrides to mechanical p2-10 labels on review"
2026-08-08T19:15:00Z,2026-08-08 PM,JUP,Neutral,Neutral,Bearish,Neutral,Neutral,Bullish,Bearish,Bullish,Bullish,Neutral,3,2,none,"p1 Neutral: mechanical count <5 and no holdings, so sentiment.py not triggered per Section 0 amendment; no overrides to mechanical p2-10 labels on review"
2026-08-08T19:15:00Z,2026-08-08 PM,LINK,Bullish,Neutral,Neutral,Bullish,Neutral,Bullish,Bullish,Bullish,Bullish,Neutral,6,0,none,"sentiment.py run (mech 5/9): sustained capitulation-flavoured chatter -- 'frustration with token utility and labs performance after years of holding', 'no value accrual despite tech utility', LINK down 58% YOY -- while the underlying thesis (real-world oracle adoption, 'Chainlink tech praised for real-world use') stays explicitly intact per the same narrative. Textbook capitulation-while-thesis-intact -- contrarian Bullish."
2026-08-08T19:15:00Z,2026-08-08 PM,LTC,Neutral,Neutral,Neutral,Bullish,Neutral,Bullish,Bearish,Bullish,Bullish,Neutral,4,1,none,"p1 Neutral: mechanical count <5 and no holdings, so sentiment.py not triggered per Section 0 amendment; no overrides to mechanical p2-10 labels on review (entry_blocked, red-flag hold, unaffected)"
2026-08-08T19:15:00Z,2026-08-08 PM,MORPHO,Neutral,Neutral,Neutral,Neutral,Neutral,Bullish,Neutral,Bullish,Bullish,Neutral,3,0,none,"p1 Neutral: mechanical count <5 and no holdings, so sentiment.py not triggered per Section 0 amendment; no overrides to mechanical p2-10 labels on review"
2026-08-08T19:15:00Z,2026-08-08 PM,ONDO,Neutral,Bullish,Neutral,Bullish,Neutral,Bullish,Bearish,Bullish,Bullish,Neutral,5,1,none,"sentiment.py run (mech 5/9): mild optimism ('$0.40-$0.477 if $0.35 holds') is routine dip-buy support-watching, not crowd euphoria; no capitulation. No clear extremity either direction, consistent with prior Neutral reads."
2026-08-08T19:15:00Z,2026-08-08 PM,PEPE,Neutral,Bearish,Neutral,Bullish,Neutral,Bullish,Bullish,Bullish,Bullish,Neutral,5,1,none,"sentiment.py run (mech 5/9): interest falling, but the chatter has drifted to an unrelated new memecoin also ticker-tagged PEPE on Robinhood Chain rather than the established asset -- no genuine signal on our PEPE, no crowd extremity."
2026-08-08T19:15:00Z,2026-08-08 PM,PUMP,Neutral,Bearish,Bullish,Neutral,Neutral,Bullish,Bullish,Bullish,Bullish,Neutral,5,1,none,"sentiment.py run (mech 5/9): low-engagement lore/shill chatter ('best lore', 'the future') from small accounts -- no genuine crowd extremity. Entry_blocked (red-flag hold) regardless."
2026-08-08T19:15:00Z,2026-08-08 PM,RENDER,Neutral,Bearish,Bearish,Neutral,Neutral,Bullish,Neutral,Bullish,Bullish,Neutral,3,2,none,"p1 Neutral: mechanical count <5 and no holdings, so sentiment.py not triggered per Section 0 amendment; no overrides to mechanical p2-10 labels on review"
2026-08-08T19:15:00Z,2026-08-08 PM,SHIB,Neutral,Neutral,Neutral,Bullish,Neutral,Bullish,Neutral,Bullish,Bullish,Neutral,4,0,none,"p1 Neutral: mechanical count <5 and no holdings, so sentiment.py not triggered per Section 0 amendment; no overrides to mechanical p2-10 labels on review"
2026-08-08T19:15:00Z,2026-08-08 PM,SOL,Neutral,Neutral,Neutral,Neutral,Neutral,Bullish,Bullish,Bullish,Bullish,Neutral,4,0,none,"p1 Neutral: mechanical count <5 and no holdings, so sentiment.py not triggered per Section 0 amendment; no overrides to mechanical p2-10 labels on review (mechanical count dropped to 4/9 this run vs AM's 4/9-pre-sentiment/6/10-post-sentiment; not re-triggered)"
2026-08-08T19:15:00Z,2026-08-08 PM,TAO,Neutral,Bearish,Neutral,Bullish,Neutral,Bullish,Bullish,Bullish,Bullish,Neutral,5,1,none,"sentiment.py run (mech 5/9): genuinely mixed this window -- detailed bullish subnet/ETF thesis posts against 'bundled shitcoin with oversupply' and 'inefficient GPU cluster' skepticism, in comparable weight. No euphoria dominance (unlike prior checkpoints' price-target-chasing read) and no capitulation dominance either -- reverses last checkpoint's Bearish to Neutral on genuinely new, balanced evidence."
2026-08-08T19:15:00Z,2026-08-08 PM,TRX,Neutral,Bullish,Neutral,Bullish,Neutral,Bullish,Neutral,Bullish,Bullish,Neutral,5,0,none,"sentiment.py run (mech 5/9): ecosystem/product chatter (staking APY, GasFree UX, DeFi Summer S2 rewards, Canary Capital ETF filing) reads as informational, not crowd euphoria -- no extremity either direction."
2026-08-08T19:15:00Z,2026-08-08 PM,UNI,Neutral,Bullish,Bullish,Neutral,Neutral,Bullish,Neutral,Bullish,Bullish,Neutral,5,0,none,"sentiment.py run (mech 5/9): one capitulation-flavoured line ('retail whale capitulates at low') set against falling interest and dominant bearish TA (short setups, LP volume leaking to competitors) -- thesis not clearly intact (V4 fee-cannibalization concern is a genuine headwind, not reassurance), so this doesn't clear the capitulation-while-thesis-intact bar. No euphoria either. Neutral."
2026-08-08T19:15:00Z,2026-08-08 PM,VIRTUAL,Neutral,Bearish,Neutral,Bullish,Neutral,Bullish,Neutral,Bullish,Bullish,Neutral,4,1,none,"p1 Neutral: mechanical count <5 and no holdings, so sentiment.py not triggered per Section 0 amendment; no overrides to mechanical p2-10 labels on review"
2026-08-08T19:15:00Z,2026-08-08 PM,XLM,Neutral,Bearish,Bearish,Neutral,Neutral,Bullish,Neutral,Bullish,Bullish,Neutral,3,2,none,"p1 Neutral: mechanical count <5 and no holdings, so sentiment.py not triggered per Section 0 amendment; no overrides to mechanical p2-10 labels on review"
2026-08-08T19:15:00Z,2026-08-08 PM,XRP,Neutral,Bearish,Bearish,Neutral,Neutral,Bullish,Bearish,Bullish,Bullish,Neutral,3,3,none,"p1 Neutral: mechanical count <5 and no holdings, so sentiment.py not triggered per Section 0 amendment; no overrides to mechanical p2-10 labels on review"
2026-08-08T19:15:00Z,2026-08-08 PM,ZEC,Neutral,Bullish,Neutral,Bullish,Bearish,Bullish,Bullish,Bullish,Bullish,Neutral,6,1,none,"sentiment.py run (mech 6/9): euphoria markers list came back empty this run for the first time in several checkpoints -- chatter is sparse (privacy-tool guides, wallet explorers, coin comparisons), with only one stray 'less risky at $500 now than $50 last year' reframing line, not the multiple long-signal TP posts of prior checkpoints. Genuinely quieter tape, not manufactured drift -- reverses PM 08-07/AM 08-08's Bearish to Neutral on the new (thinner) evidence."
2026-08-09T07:15:00Z,2026-08-09 AM,BTC,Neutral,Neutral,Neutral,Bullish,Neutral,Bullish,Neutral,Bullish,Bullish,Neutral,4,0,none,"p1 Neutral: mechanical count <5 and no holdings, so sentiment.py not triggered per Section 0 amendment; no overrides to mechanical p2-10 labels on review"
2026-08-09T07:15:00Z,2026-08-09 AM,ETH,Neutral,Neutral,Bullish,Bullish,Neutral,Bullish,Bullish,Bullish,Bullish,Neutral,6,0,none,"sentiment.py run (mech 6/9): flat interest, mixed TA reads (bullish wave counts vs a rejection-and-sweep-lower call) around $1900-1920 consolidation -- no crowd extremity. Neutral."
2026-08-09T07:15:00Z,2026-08-09 AM,BNB,Neutral,Neutral,Bullish,Bullish,Neutral,Bullish,Neutral,Bullish,Bullish,Neutral,5,0,none,"sentiment.py run (mech 5/9): flat interest, mild price-target chatter ($730-770) offset by ex-employee scandal noise (unverified) -- no clear crowd extremity. Neutral."
2026-08-09T07:15:00Z,2026-08-09 AM,XRP,Neutral,Bearish,Bearish,Bullish,Neutral,Bullish,Bearish,Bullish,Bullish,Neutral,4,3,none,"p1 Neutral: mechanical count <5 and no holdings, so sentiment.py not triggered per Section 0 amendment; no overrides to mechanical p2-10 labels on review"
2026-08-09T07:15:00Z,2026-08-09 AM,SOL,Bearish,Neutral,Bullish,Bullish,Neutral,Bullish,Bullish,Bullish,Bullish,Neutral,6,1,none,"sentiment.py run (mech 6/9): euphoria markers present -- breakout-to-$90 target posts stacking on top of a wave of memecoin/airdrop spam tagging $SOL -- crowd already chasing the move, contrarian Bearish."
2026-08-09T07:15:00Z,2026-08-09 AM,TRX,Neutral,Bullish,Bullish,Bullish,Neutral,Bullish,Neutral,Bullish,Bullish,Neutral,6,0,none,"sentiment.py run (mech 6/9): flat interest, steady Tron Inc. treasury accumulation (+151k TRX) and DeFi incentive narrative -- no crowd extremity either direction. Neutral."
2026-08-09T07:15:00Z,2026-08-09 AM,DOGE,Neutral,Bearish,Bearish,Bullish,Neutral,Bullish,Bearish,Bullish,Bullish,Neutral,4,3,none,"p1 Neutral: mechanical count <5 and no holdings, so sentiment.py not triggered per Section 0 amendment; no overrides to mechanical p2-10 labels on review"
2026-08-09T07:15:00Z,2026-08-09 AM,ZEC,Neutral,Bullish,Neutral,Bullish,Neutral,Bullish,Bullish,Bullish,Bullish,Neutral,6,0,none,"sentiment.py run (mech 6/9): flat interest, long-signal TP posts (targets 542, SL 494) and routine privacy-exchange swap chatter -- no euphoria, no capitulation, narrative steady. Neutral."
2026-08-09T07:15:00Z,2026-08-09 AM,ADA,Bearish,Neutral,Bullish,Bullish,Neutral,Bullish,Neutral,Bullish,Bullish,Neutral,5,1,none,"sentiment.py run (mech 5/9): interest rising with clear euphoria -- 200% pump talk, rocket emojis, whale-accumulation hype and a narrative shift to bullish momentum after already 17-25% weekly gains -- contrarian Bearish."
2026-08-09T07:15:00Z,2026-08-09 AM,LINK,Neutral,Neutral,Neutral,Bullish,Neutral,Bullish,Neutral,Bullish,Bullish,Neutral,4,0,none,"p1 Neutral: mechanical count <5 and no holdings, so sentiment.py not triggered per Section 0 amendment; no overrides to mechanical p2-10 labels on review"
2026-08-09T07:15:00Z,2026-08-09 AM,UNI,Neutral,Bullish,Neutral,Neutral,Neutral,Bullish,Neutral,Bullish,Bullish,Neutral,4,0,none,"p1 Neutral: mechanical count <5 and no holdings, so sentiment.py not triggered per Section 0 amendment; no overrides to mechanical p2-10 labels on review"
2026-08-09T07:15:00Z,2026-08-09 AM,AAVE,Neutral,Neutral,Neutral,Bullish,Neutral,Bullish,Neutral,Bullish,Bullish,Neutral,4,0,none,"p1 Neutral: mechanical count <5 and no holdings, so sentiment.py not triggered per Section 0 amendment; no overrides to mechanical p2-10 labels on review"
2026-08-09T07:15:00Z,2026-08-09 AM,ENA,Neutral,Neutral,Neutral,Bullish,Neutral,Bullish,Neutral,Bullish,Bullish,Neutral,4,0,none,"p1 Neutral: mechanical count <5 and no holdings, so sentiment.py not triggered per Section 0 amendment; no overrides to mechanical p2-10 labels on review"
2026-08-09T07:15:00Z,2026-08-09 AM,MORPHO,Neutral,Neutral,Neutral,Neutral,Neutral,Bullish,Neutral,Bullish,Bullish,Neutral,3,0,none,"p1 Neutral: mechanical count <5 and no holdings, so sentiment.py not triggered per Section 0 amendment; no overrides to mechanical p2-10 labels on review"
2026-08-09T07:15:00Z,2026-08-09 AM,ONDO,Neutral,Neutral,Bearish,Bullish,Neutral,Bullish,Bearish,Bullish,Bullish,Neutral,4,2,none,"p1 Neutral: mechanical count <5 and no holdings, so sentiment.py not triggered per Section 0 amendment; no overrides to mechanical p2-10 labels on review"
2026-08-09T07:15:00Z,2026-08-09 AM,ETHFI,Neutral,Bearish,Neutral,Neutral,Neutral,Bullish,Neutral,Bullish,Bullish,Neutral,3,1,none,"p1 Neutral: mechanical count <5 and no holdings, so sentiment.py not triggered per Section 0 amendment; no overrides to mechanical p2-10 labels on review"
2026-08-09T07:15:00Z,2026-08-09 AM,CAKE,Neutral,Neutral,Bullish,Bullish,Neutral,Bullish,Neutral,Bullish,Bullish,Neutral,5,0,none,"sentiment.py run (mech 5/9): flat interest, routine TA/accumulation chatter (support/target levels) -- no euphoria or capitulation markers. Neutral."
2026-08-09T07:15:00Z,2026-08-09 AM,JUP,Neutral,Neutral,Bearish,Neutral,Neutral,Bullish,Bearish,Bullish,Bullish,Neutral,3,2,none,"p1 Neutral: mechanical count <5 and no holdings, so sentiment.py not triggered per Section 0 amendment; no overrides to mechanical p2-10 labels on review"
2026-08-09T07:15:00Z,2026-08-09 AM,LTC,Neutral,Neutral,Neutral,Bullish,Neutral,Bullish,Neutral,Bullish,Bullish,Neutral,4,0,none,"p1 Neutral: mechanical count <5 and no holdings, so sentiment.py not triggered per Section 0 amendment; no overrides to mechanical p2-10 labels on review"
2026-08-09T07:15:00Z,2026-08-09 AM,BCH,Neutral,Bearish,Neutral,Bullish,Neutral,Bullish,Neutral,Bullish,Bullish,Neutral,4,1,none,"p1 Neutral: mechanical count <5 and no holdings, so sentiment.py not triggered per Section 0 amendment; no overrides to mechanical p2-10 labels on review"
2026-08-09T07:15:00Z,2026-08-09 AM,XLM,Neutral,Bearish,Bearish,Bullish,Neutral,Bullish,Neutral,Bullish,Bullish,Neutral,4,2,none,"p1 Neutral: mechanical count <5 and no holdings, so sentiment.py not triggered per Section 0 amendment; no overrides to mechanical p2-10 labels on review"
2026-08-09T07:15:00Z,2026-08-09 AM,HBAR,Neutral,Bearish,Neutral,Bullish,Neutral,Bullish,Neutral,Bullish,Bullish,Neutral,4,1,none,"p1 Neutral: mechanical count <5 and no holdings, so sentiment.py not triggered per Section 0 amendment; no overrides to mechanical p2-10 labels on review"
2026-08-09T07:15:00Z,2026-08-09 AM,SHIB,Neutral,Neutral,Neutral,Bullish,Neutral,Bullish,Neutral,Bullish,Bullish,Neutral,4,0,none,"p1 Neutral: mechanical count <5 and no holdings, so sentiment.py not triggered per Section 0 amendment; no overrides to mechanical p2-10 labels on review"
2026-08-09T07:15:00Z,2026-08-09 AM,PEPE,Neutral,Bearish,Neutral,Bullish,Neutral,Bullish,Bearish,Bullish,Bullish,Neutral,4,2,none,"p1 Neutral: mechanical count <5 and no holdings, so sentiment.py not triggered per Section 0 amendment; no overrides to mechanical p2-10 labels on review"
2026-08-09T07:15:00Z,2026-08-09 AM,PUMP,Neutral,Bearish,Bullish,Neutral,Bearish,Neutral,Bullish,Bullish,Bullish,Neutral,4,2,none,"p1 Neutral: mechanical count <5 and no holdings, so sentiment.py not triggered per Section 0 amendment; no overrides to mechanical p2-10 labels on review"
2026-08-09T07:15:00Z,2026-08-09 AM,TAO,Bullish,Neutral,Bullish,Neutral,Bearish,Bullish,Bullish,Bullish,Bullish,Neutral,6,1,none,"sentiment.py run (mech 5/9): interest rising on conviction buys and accelerating subnet/alpha staking volume (2.23M+ cumulative since Jul 22) -- improving interest without euphoria, contrarian Bullish."
2026-08-09T07:15:00Z,2026-08-09 AM,RENDER,Neutral,Bearish,Bearish,Bullish,Neutral,Bullish,Bearish,Bullish,Bullish,Neutral,4,3,none,"p1 Neutral: mechanical count <5 and no holdings, so sentiment.py not triggered per Section 0 amendment; no overrides to mechanical p2-10 labels on review"
2026-08-09T07:15:00Z,2026-08-09 AM,VIRTUAL,Neutral,Bearish,Neutral,Bullish,Neutral,Bullish,Bullish,Bullish,Bullish,Neutral,5,1,none,"sentiment.py run (mech 5/9): flat interest, mild breakout chatter and unverified airdrop-scam noise but no sustained euphoria or capitulation -- narrative unchanged. Neutral."
2026-08-09T07:15:00Z,2026-08-09 AM,ARB,Neutral,Bearish,Bearish,Bullish,Neutral,Bullish,Bearish,Bullish,Bullish,Neutral,4,3,none,"p1 Neutral: mechanical count <5 and no holdings, so sentiment.py not triggered per Section 0 amendment; no overrides to mechanical p2-10 labels on review"
2026-08-09T07:15:00Z,2026-08-09 AM,FIL,Neutral,Bearish,Neutral,Bullish,Neutral,Bullish,Neutral,Bullish,Bullish,Neutral,4,1,none,"p1 Neutral: mechanical count <5 and no holdings, so sentiment.py not triggered per Section 0 amendment; no overrides to mechanical p2-10 labels on review"
2026-08-09T19:15:00Z,2026-08-09 PM,BTC,Neutral,Neutral,Bullish,Bullish,Neutral,Bullish,Neutral,Bullish,Bullish,Neutral,5,0,none,"sentiment.py run (mech 5/9): flat interest, routine DCA/HODL and this-week-volatility chatter -- no crowd extremity. Neutral."
2026-08-09T19:15:00Z,2026-08-09 PM,ETH,Bearish,Neutral,Bullish,Bullish,Neutral,Bullish,Neutral,Bullish,Bullish,Neutral,5,1,none,"sentiment.py run (mech 5/9): flat interest but stacked optimistic price targets ($3k-$10k, Metcalfe's-Law framing, TD Sequential calls) against a depressed ~$1929 print -- overoptimism disconnected from price action. Contrarian Bearish."
2026-08-09T19:15:00Z,2026-08-09 PM,BNB,Neutral,Neutral,Bullish,Bullish,Neutral,Bullish,Bullish,Bullish,Bullish,Neutral,6,0,none,"sentiment.py run (mech 6/9): falling interest, sparse/spam-level mentions with no real narrative -- no crowd extremity. Neutral."
2026-08-09T19:15:00Z,2026-08-09 PM,XRP,Neutral,Bearish,Bearish,Bullish,Neutral,Bullish,Bearish,Bullish,Bullish,Neutral,4,3,none,"p1 Neutral: mechanical count <5 and no holdings, so sentiment.py not triggered per Section 0 amendment; no overrides to mechanical p2-10 labels on review (checked raw values against rubric)."
2026-08-09T19:15:00Z,2026-08-09 PM,SOL,Neutral,Neutral,Bullish,Bullish,Neutral,Bullish,Bullish,Bullish,Bullish,Neutral,6,0,none,"sentiment.py run (mech 6/9): flat interest, mixed TA reads (short-term bullish bounce off support vs a noted long-term bearish bias, MACD bearish cross) -- no crowd extremity. Neutral."
2026-08-09T19:15:00Z,2026-08-09 PM,TRX,Neutral,Bullish,Bullish,Bullish,Neutral,Bullish,Neutral,Bullish,Bullish,Neutral,6,0,none,"sentiment.py run (mech 6/9): falling interest, routine utility/payment-rail mentions -- no crowd extremity. Neutral."
2026-08-09T19:15:00Z,2026-08-09 PM,DOGE,Neutral,Bearish,Neutral,Bullish,Neutral,Bullish,Bearish,Bullish,Bullish,Neutral,4,2,none,"p1 Neutral: mechanical count <5 and no holdings, so sentiment.py not triggered per Section 0 amendment; no overrides to mechanical p2-10 labels on review (checked raw values against rubric)."
2026-08-09T19:15:00Z,2026-08-09 PM,ZEC,Neutral,Bullish,Bullish,Bullish,Bearish,Bullish,Bullish,Bullish,Bullish,Neutral,7,1,armed,"sentiment.py run (mech 7/9): flat interest, some whale profit-taking noted alongside skeptical pushback on parabolic $1k calls ('hopium') -- no crowd extremity either direction. Neutral. ARMED at 7/10 (first occurrence this checkpoint -- AM was 6/10 -- confirmation needed next trading checkpoint)."
2026-08-09T19:15:00Z,2026-08-09 PM,ADA,Bearish,Neutral,Bullish,Bullish,Neutral,Bullish,Bullish,Bullish,Bullish,Neutral,6,1,none,"sentiment.py run (mech 6/9): interest rising with clear euphoria -- price targets to $0.44/$1, 18-25% weekly-pump callouts, IBC-bridge hype -- stacked on top of an already-large weekly gain. Contrarian Bearish."
2026-08-09T19:15:00Z,2026-08-09 PM,LINK,Neutral,Neutral,Neutral,Bullish,Neutral,Bullish,Neutral,Bullish,Bullish,Neutral,4,0,none,"p1 Neutral: mechanical count <5 and no holdings, so sentiment.py not triggered per Section 0 amendment; no overrides to mechanical p2-10 labels on review (checked raw values against rubric)."
2026-08-09T19:15:00Z,2026-08-09 PM,UNI,Neutral,Bullish,Bullish,Neutral,Neutral,Bullish,Bearish,Bullish,Bullish,Neutral,5,1,none,"sentiment.py run (mech 5/9): flat interest; fee-switch activation (burns, revenue to holders) is a genuine fundamental catalyst but not accompanied by rising interest or euphoria -- real news, not crowd extremity. Neutral."
2026-08-09T19:15:00Z,2026-08-09 PM,AAVE,Neutral,Neutral,Neutral,Bullish,Neutral,Bullish,Neutral,Bullish,Bullish,Neutral,4,0,none,"p1 Neutral: mechanical count <5 and no holdings, so sentiment.py not triggered per Section 0 amendment; no overrides to mechanical p2-10 labels on review (checked raw values against rubric)."
2026-08-09T19:15:00Z,2026-08-09 PM,ENA,Neutral,Neutral,Neutral,Bullish,Neutral,Bullish,Bearish,Bullish,Bullish,Neutral,4,1,none,"p1 Neutral: mechanical count <5 and no holdings, so sentiment.py not triggered per Section 0 amendment; no overrides to mechanical p2-10 labels on review (checked raw values against rubric)."
2026-08-09T19:15:00Z,2026-08-09 PM,MORPHO,Neutral,Neutral,Neutral,Neutral,Neutral,Bullish,Bearish,Bullish,Bullish,Neutral,3,1,none,"p1 Neutral: mechanical count <5 and no holdings, so sentiment.py not triggered per Section 0 amendment; no overrides to mechanical p2-10 labels on review (checked raw values against rubric)."
2026-08-09T19:15:00Z,2026-08-09 PM,ONDO,Neutral,Bullish,Neutral,Bullish,Neutral,Bullish,Neutral,Bullish,Bullish,Neutral,5,0,none,"sentiment.py run (mech 5/9): flat interest, mild price-target chatter (+35% upside talk off $0.35 support) but short of full euphoria. Neutral."
2026-08-09T19:15:00Z,2026-08-09 PM,ETHFI,Neutral,Bearish,Neutral,Neutral,Neutral,Bullish,Bearish,Bullish,Bullish,Neutral,3,2,none,"p1 Neutral: mechanical count <5 and no holdings, so sentiment.py not triggered per Section 0 amendment; no overrides to mechanical p2-10 labels on review (checked raw values against rubric)."
2026-08-09T19:15:00Z,2026-08-09 PM,CAKE,Neutral,Neutral,Bullish,Bullish,Neutral,Bullish,Bearish,Bullish,Bullish,Neutral,5,1,none,"sentiment.py run (mech 5/9): falling interest, sparse ecosystem-list mentions -- no crowd extremity. Neutral."
2026-08-09T19:15:00Z,2026-08-09 PM,JUP,Neutral,Neutral,Bearish,Neutral,Neutral,Bullish,Bearish,Bullish,Bullish,Neutral,3,2,none,"p1 Neutral: mechanical count <5 and no holdings, so sentiment.py not triggered per Section 0 amendment; no overrides to mechanical p2-10 labels on review (checked raw values against rubric)."
2026-08-09T19:15:00Z,2026-08-09 PM,LTC,Neutral,Neutral,Bullish,Bullish,Neutral,Bullish,Bullish,Bullish,Bullish,Neutral,6,0,none,"sentiment.py run (mech 6/9, entry_blocked): flat interest, 'quietly overlooked despite fundamentals' narrative -- no euphoria or capitulation markers. Neutral."
2026-08-09T19:15:00Z,2026-08-09 PM,BCH,Neutral,Bearish,Neutral,Bullish,Neutral,Bullish,Neutral,Bullish,Bullish,Neutral,4,1,none,"p1 Neutral: mechanical count <5 and no holdings, so sentiment.py not triggered per Section 0 amendment; no overrides to mechanical p2-10 labels on review (checked raw values against rubric)."
2026-08-09T19:15:00Z,2026-08-09 PM,XLM,Neutral,Bearish,Bearish,Bullish,Neutral,Bullish,Neutral,Bullish,Bullish,Neutral,4,2,none,"p1 Neutral: mechanical count <5 and no holdings, so sentiment.py not triggered per Section 0 amendment; no overrides to mechanical p2-10 labels on review (checked raw values against rubric)."
2026-08-09T19:15:00Z,2026-08-09 PM,HBAR,Neutral,Bearish,Neutral,Bullish,Neutral,Bullish,Neutral,Bullish,Bullish,Neutral,4,1,none,"p1 Neutral: mechanical count <5 and no holdings, so sentiment.py not triggered per Section 0 amendment; no overrides to mechanical p2-10 labels on review (checked raw values against rubric)."
2026-08-09T19:15:00Z,2026-08-09 PM,SHIB,Neutral,Neutral,Neutral,Bullish,Neutral,Bullish,Neutral,Bullish,Bullish,Neutral,4,0,none,"p1 Neutral: mechanical count <5 and no holdings, so sentiment.py not triggered per Section 0 amendment; no overrides to mechanical p2-10 labels on review (checked raw values against rubric)."
2026-08-09T19:15:00Z,2026-08-09 PM,PEPE,Neutral,Bearish,Bullish,Bullish,Neutral,Bullish,Bullish,Bullish,Bullish,Neutral,6,1,none,"sentiment.py run (mech 6/9): flat interest, benchmark/nostalgia chatter with a mild capitulation note (sell signals flagged) but no sustained crowd extremity. Neutral."
2026-08-09T19:15:00Z,2026-08-09 PM,PUMP,Bearish,Bearish,Neutral,Neutral,Bullish,Bullish,Bullish,Bullish,Bullish,Neutral,5,2,none,"sentiment.py run (mech 5/9, entry_blocked): rising interest with real euphoria -- new-ATH targets, rocket-emoji bios, pump calls -- one caller even flags RSI 79.9 overextension. Contrarian Bearish."
2026-08-09T19:15:00Z,2026-08-09 PM,TAO,Bullish,Neutral,Bullish,Neutral,Neutral,Bullish,Bullish,Bullish,Bullish,Neutral,6,0,none,sentiment.py run (mech 5/9): rising interest on subnet/decentralized-AI buildout narrative with no euphoria markers flagged -- clean improving-interest-without-euphoria case. Contrarian Bullish.
2026-08-09T19:15:00Z,2026-08-09 PM,RENDER,Neutral,Bearish,Bearish,Bullish,Neutral,Bullish,Bearish,Bullish,Bullish,Neutral,4,3,none,"p1 Neutral: mechanical count <5 and no holdings, so sentiment.py not triggered per Section 0 amendment; no overrides to mechanical p2-10 labels on review (checked raw values against rubric)."
2026-08-09T19:15:00Z,2026-08-09 PM,VIRTUAL,Neutral,Bearish,Neutral,Bullish,Neutral,Bullish,Neutral,Bullish,Bullish,Neutral,4,1,none,"p1 Neutral: mechanical count <5 and no holdings, so sentiment.py not triggered per Section 0 amendment; no overrides to mechanical p2-10 labels on review (checked raw values against rubric)."
2026-08-09T19:15:00Z,2026-08-09 PM,ARB,Neutral,Bearish,Bearish,Bullish,Neutral,Bullish,Neutral,Bullish,Bullish,Neutral,4,2,none,"p1 Neutral: mechanical count <5 and no holdings, so sentiment.py not triggered per Section 0 amendment; no overrides to mechanical p2-10 labels on review (checked raw values against rubric)."
2026-08-09T19:15:00Z,2026-08-09 PM,FIL,Neutral,Bearish,Neutral,Bullish,Neutral,Bullish,Neutral,Bullish,Bullish,Neutral,4,1,none,"p1 Neutral: mechanical count <5 and no holdings, so sentiment.py not triggered per Section 0 amendment; no overrides to mechanical p2-10 labels on review (checked raw values against rubric)."
2026-08-10T07:15:00Z,2026-08-10 AM,AAVE,Neutral,Neutral,Neutral,Bullish,Neutral,Bullish,Neutral,Bullish,Bullish,Neutral,4,0,none,"p1 Neutral: mechanical count <5 and no holdings, so sentiment.py not triggered per Section 0 amendment; no overrides to mechanical p2-10 labels on review"
2026-08-10T07:15:00Z,2026-08-10 AM,ADA,Bearish,Neutral,Bullish,Bullish,Neutral,Bullish,Bullish,Bullish,Bullish,Neutral,6,1,none,"sentiment.py run (mech 6/9): flat interest but narrative deteriorating -- Grayscale withdrew its ADA spot-ETF S-1 registration (verified via SEC filings), removing a structural catalyst. Deteriorating narrative = contrarian Bearish per rubric."
2026-08-10T07:15:00Z,2026-08-10 AM,ARB,Neutral,Bearish,Neutral,Bullish,Neutral,Bullish,Bearish,Bullish,Bullish,Neutral,4,2,none,"p1 Neutral: mechanical count <5 and no holdings, so sentiment.py not triggered per Section 0 amendment; no overrides to mechanical p2-10 labels on review"
2026-08-10T07:15:00Z,2026-08-10 AM,BCH,Neutral,Bearish,Neutral,Bullish,Neutral,Bullish,Neutral,Bullish,Bullish,Neutral,4,1,none,"p1 Neutral: mechanical count <5 and no holdings, so sentiment.py not triggered per Section 0 amendment; no overrides to mechanical p2-10 labels on review"
2026-08-10T07:15:00Z,2026-08-10 AM,BNB,Neutral,Neutral,Bullish,Bullish,Neutral,Bullish,Bullish,Bullish,Bullish,Neutral,6,0,none,"sentiment.py run (mech 6/9): flat interest, low-engagement promotional/spam posts (unrelated token shilling on BNB Chain) -- no euphoria or capitulation reaching crowd-extremity scale. Neutral."
2026-08-10T07:15:00Z,2026-08-10 AM,BTC,Neutral,Neutral,Bullish,Bullish,Neutral,Bullish,Neutral,Bullish,Bullish,Neutral,5,0,none,"sentiment.py run (mech 5/9): flat interest, holding-pattern chatter around $65k with mixed calls (some 'everyone calling the bottom' commentary but not dominant) -- no crowd-extremity euphoria or capitulation. Neutral."
2026-08-10T07:15:00Z,2026-08-10 AM,CAKE,Neutral,Neutral,Bullish,Bullish,Neutral,Bullish,Bearish,Bullish,Bullish,Neutral,5,1,none,sentiment.py run (mech 5/9): flat interest; some price-target/bullish-reversal chatter present but consolidation/support-reclaim framing dominates rather than one-sided euphoria -- doesn't reach crowd-extremity scale. Neutral.
2026-08-10T07:15:00Z,2026-08-10 AM,DOGE,Neutral,Bearish,Bearish,Bullish,Neutral,Bullish,Bearish,Bullish,Bullish,Neutral,4,3,none,"p1 Neutral: mechanical count <5 and no holdings, so sentiment.py not triggered per Section 0 amendment; no overrides to mechanical p2-10 labels on review"
2026-08-10T07:15:00Z,2026-08-10 AM,ENA,Neutral,Neutral,Bullish,Bullish,Neutral,Bullish,Bearish,Bullish,Bullish,Neutral,5,1,none,"sentiment.py run (mech 5/9): flat interest, mixed tape -- optimistic long setups and a '$3 target' meme alongside genuine capitulation/ATL references and unverified scam allegations. No one-sided crowd extremity either direction. Neutral."
2026-08-10T07:15:00Z,2026-08-10 AM,ETH,Neutral,Neutral,Bullish,Bullish,Neutral,Bullish,Neutral,Bullish,Bullish,Neutral,5,0,none,"sentiment.py run (mech 5/9): flat interest, routine technical-analysis chatter (double bottoms, wave counts, $1800-2400 targets) -- no euphoria or capitulation markers, no crowd extremity. Neutral."
2026-08-10T07:15:00Z,2026-08-10 AM,ETHFI,Neutral,Bearish,Neutral,Neutral,Neutral,Bullish,Bearish,Bullish,Bullish,Neutral,3,2,none,"p1 Neutral: mechanical count <5 and no holdings, so sentiment.py not triggered per Section 0 amendment; no overrides to mechanical p2-10 labels on review"
2026-08-10T07:15:00Z,2026-08-10 AM,FIL,Neutral,Bearish,Neutral,Bullish,Neutral,Bullish,Neutral,Bullish,Bullish,Neutral,4,1,none,"p1 Neutral: mechanical count <5 and no holdings, so sentiment.py not triggered per Section 0 amendment; no overrides to mechanical p2-10 labels on review"
2026-08-10T07:15:00Z,2026-08-10 AM,HBAR,Neutral,Bearish,Neutral,Bullish,Neutral,Bullish,Neutral,Bullish,Bullish,Neutral,4,1,none,"p1 Neutral: mechanical count <5 and no holdings, so sentiment.py not triggered per Section 0 amendment; no overrides to mechanical p2-10 labels on review"
2026-08-10T07:15:00Z,2026-08-10 AM,JUP,Neutral,Bearish,Bearish,Neutral,Neutral,Bullish,Bearish,Bullish,Bullish,Neutral,3,3,none,"p1 Neutral: mechanical count <5 and no holdings, so sentiment.py not triggered per Section 0 amendment; no overrides to mechanical p2-10 labels on review"
2026-08-10T07:15:00Z,2026-08-10 AM,LINK,Neutral,Neutral,Neutral,Bullish,Neutral,Bullish,Neutral,Bullish,Bullish,Neutral,4,0,none,"p1 Neutral: mechanical count <5 and no holdings, so sentiment.py not triggered per Section 0 amendment; no overrides to mechanical p2-10 labels on review"
2026-08-10T07:15:00Z,2026-08-10 AM,LTC,Neutral,Neutral,Neutral,Bullish,Neutral,Bullish,Bullish,Bullish,Bullish,Neutral,5,0,none,"sentiment.py run (mech 5/9): flat interest; enthusiastic LitVM/Shopify-integration and whale-accumulation chatter (rocket emojis, 'most ignored' framing) reads as normal promotional community talk rather than one-sided crowd-extreme euphoria -- no capitulation counter-chatter either. Neutral. (entry_blocked regardless -- MWEB reorg, drop review 2026-08-16.)"
2026-08-10T07:15:00Z,2026-08-10 AM,MORPHO,Neutral,Bullish,Neutral,Neutral,Neutral,Bullish,Bullish,Bullish,Bullish,Neutral,5,0,none,"sentiment.py run (mech 5/9): flat interest, real fundamental news ($5B deposits on Base, Pendle/TermMax integrations) without euphoria or rising interest -- genuine catalyst, not sentiment extremity. Neutral."
2026-08-10T07:15:00Z,2026-08-10 AM,ONDO,Neutral,Bullish,Neutral,Bullish,Neutral,Bullish,Neutral,Bullish,Bullish,Neutral,5,0,none,"sentiment.py run (mech 5/9): flat interest, RWA-leader narrative (XRPL Treasuries, JPMorgan pilot) reported matter-of-factly -- no euphoria or capitulation. Neutral."
2026-08-10T07:15:00Z,2026-08-10 AM,PEPE,Bearish,Bearish,Bullish,Bullish,Neutral,Bullish,Bearish,Bullish,Bullish,Neutral,5,3,none,"sentiment.py run (mech 5/9): flat interest label but euphoria markers stack hard -- '10x potential', 'incredible run', 'moon or dust' calls clustered around a new Robinhood-chain PEPE listing. Crowd-extreme euphoria language = contrarian Bearish despite the flat interest_trend tag."
2026-08-10T07:15:00Z,2026-08-10 AM,PUMP,Neutral,Bearish,Neutral,Neutral,Neutral,Bullish,Bullish,Bullish,Bullish,Neutral,4,1,none,"p1 Neutral: mechanical count <5 and no holdings, so sentiment.py not triggered per Section 0 amendment; no overrides to mechanical p2-10 labels on review"
2026-08-10T07:15:00Z,2026-08-10 AM,RENDER,Neutral,Bearish,Bearish,Bullish,Neutral,Bullish,Bearish,Bullish,Bullish,Neutral,4,3,none,"p1 Neutral: mechanical count <5 and no holdings, so sentiment.py not triggered per Section 0 amendment; no overrides to mechanical p2-10 labels on review"
2026-08-10T07:15:00Z,2026-08-10 AM,SHIB,Neutral,Neutral,Neutral,Bullish,Neutral,Bullish,Neutral,Bullish,Bullish,Neutral,4,0,none,"p1 Neutral: mechanical count <5 and no holdings, so sentiment.py not triggered per Section 0 amendment; no overrides to mechanical p2-10 labels on review"
2026-08-10T07:15:00Z,2026-08-10 AM,SOL,Neutral,Neutral,Bullish,Bullish,Neutral,Bullish,Bullish,Bullish,Bullish,Neutral,6,0,none,"sentiment.py run (mech 6/9): flat interest, low-engagement memecoin/airdrop shilling tangential to SOL itself -- no euphoria or capitulation on SOL's own price action. Neutral."
2026-08-10T07:15:00Z,2026-08-10 AM,TAO,Bearish,Neutral,Bullish,Neutral,Bearish,Bullish,Bullish,Bullish,Bullish,Neutral,5,2,none,"sentiment.py run (mech 5/9): interest RISING, and unlike the last two checkpoints' clean conviction-buy read, euphoria markers now appear explicitly -- 'TAO breaking ATH' mentions and 'flywheel unstoppable' framing. Rising interest + euphoria = contrarian Bearish; overriding the prior two checkpoints' Bullish read as the tape's character has shifted from accumulation to hype."
2026-08-10T07:15:00Z,2026-08-10 AM,TRX,Bearish,Bullish,Bullish,Bullish,Neutral,Bullish,Neutral,Bullish,Bullish,Neutral,6,1,none,"sentiment.py run (mech 6/9): interest RISING with euphoria markers stacking -- price targets ($0.334-0.335), rocket emojis, and Tron Inc. Nasdaq-treasury buying framed as unstoppable momentum. Rising interest + euphoria = contrarian Bearish (crowd chasing the treasury-buying narrative)."
2026-08-10T07:15:00Z,2026-08-10 AM,UNI,Neutral,Bullish,Bullish,Bullish,Neutral,Bullish,Bullish,Bullish,Bullish,Neutral,7,0,armed,"sentiment.py run (mech 7/9): flat interest; dominant chatter is tokenomics complaints (no revenue share to holders) alongside routine bullish alt calls and a 6% chart pump note -- no euphoria, no capitulation, no crowd extremity. Neutral. ARMED at 7/10 (first occurrence this checkpoint -- PM 08-09 was 5/10 -- confirmation needed next trading checkpoint)."
2026-08-10T07:15:00Z,2026-08-10 AM,VIRTUAL,Neutral,Bearish,Neutral,Bullish,Neutral,Bullish,Bullish,Bullish,Bullish,Neutral,5,1,none,"sentiment.py run (mech 5/9): flat interest, dominant chatter is unverified airdrop-claim-portal links (scam-adjacent noise, not price sentiment) plus one on-chain-agent utility note -- no euphoria or capitulation on VIRTUAL's own price/thesis. Neutral."
2026-08-10T07:15:00Z,2026-08-10 AM,XLM,Neutral,Bearish,Bearish,Neutral,Neutral,Bullish,Bearish,Bullish,Bullish,Neutral,3,3,none,"p1 Neutral: mechanical count <5 and no holdings, so sentiment.py not triggered per Section 0 amendment; no overrides to mechanical p2-10 labels on review"
2026-08-10T07:15:00Z,2026-08-10 AM,XRP,Neutral,Bearish,Bearish,Bullish,Neutral,Bullish,Bearish,Bullish,Bullish,Neutral,4,3,none,"p1 Neutral: mechanical count <5 and no holdings, so sentiment.py not triggered per Section 0 amendment; no overrides to mechanical p2-10 labels on review"
2026-08-10T07:15:00Z,2026-08-10 AM,ZEC,Neutral,Bullish,Neutral,Bullish,Bearish,Bullish,Bullish,Bullish,Bullish,Neutral,6,1,none,"sentiment.py run (mech 6/9): flat interest, mixed tape -- hypothetical BTC-market-share price targets and OI/shielded-pool growth chatter offset by explicit skeptical pushback ('professional scammer coin'). No one-sided crowd extremity. Neutral. Arm from PM 08-09 (7/10) LAPSES -- this AM's count is 6/10, breaking the 2-consecutive-checkpoint sequence; a fresh arm requires a future ≥7/10 read."
2026-08-10T19:15:00Z,2026-08-10 PM,AAVE,Neutral,Bearish,Neutral,Bullish,Neutral,Bullish,Neutral,Neutral,Bullish,Neutral,3,1,none,"p1 Neutral: mechanical count <5 and no holdings, so sentiment.py not triggered per Section 0 amendment; no overrides to mechanical p2-10 labels on review"
2026-08-10T19:15:00Z,2026-08-10 PM,ADA,Neutral,Neutral,Bullish,Bullish,Neutral,Bullish,Bearish,Neutral,Bullish,Neutral,4,1,none,"p1 Neutral: mechanical count <5 and no holdings, so sentiment.py not triggered per Section 0 amendment; no overrides to mechanical p2-10 labels on review"
2026-08-10T19:15:00Z,2026-08-10 PM,ARB,Neutral,Bearish,Neutral,Bullish,Neutral,Bullish,Neutral,Neutral,Bullish,Neutral,3,1,none,"p1 Neutral: mechanical count <5 and no holdings, so sentiment.py not triggered per Section 0 amendment; no overrides to mechanical p2-10 labels on review"
2026-08-10T19:15:00Z,2026-08-10 PM,BCH,Neutral,Bearish,Neutral,Bullish,Neutral,Bullish,Neutral,Neutral,Bullish,Neutral,3,1,none,"p1 Neutral: mechanical count <5 and no holdings, so sentiment.py not triggered per Section 0 amendment; no overrides to mechanical p2-10 labels on review"
2026-08-10T19:15:00Z,2026-08-10 PM,BNB,Neutral,Neutral,Bullish,Bullish,Neutral,Bullish,Bullish,Neutral,Bullish,Neutral,5,0,none,"sentiment.py run (mech 5/9): flat interest, low-conviction technical chatter (RSI/EMA/MACD reads, calm-volatility notes) -- no euphoria or capitulation markers. Neutral."
2026-08-10T19:15:00Z,2026-08-10 PM,BTC,Neutral,Neutral,Neutral,Bullish,Neutral,Bullish,Bullish,Neutral,Bullish,Neutral,4,0,none,"p1 Neutral: mechanical count <5 and no holdings, so sentiment.py not triggered per Section 0 amendment; no overrides to mechanical p2-10 labels on review"
2026-08-10T19:15:00Z,2026-08-10 PM,CAKE,Neutral,Neutral,Bullish,Bullish,Neutral,Bullish,Neutral,Neutral,Bullish,Neutral,4,0,none,"p1 Neutral: mechanical count <5 and no holdings, so sentiment.py not triggered per Section 0 amendment; no overrides to mechanical p2-10 labels on review"
2026-08-10T19:15:00Z,2026-08-10 PM,DOGE,Neutral,Bearish,Bearish,Bullish,Neutral,Bullish,Bearish,Neutral,Bullish,Neutral,3,3,none,"p1 Neutral: mechanical count <5 and no holdings, so sentiment.py not triggered per Section 0 amendment; no overrides to mechanical p2-10 labels on review"
2026-08-10T19:15:00Z,2026-08-10 PM,ENA,Neutral,Neutral,Neutral,Bullish,Neutral,Bullish,Neutral,Neutral,Bullish,Neutral,3,0,none,"p1 Neutral: mechanical count <5 and no holdings, so sentiment.py not triggered per Section 0 amendment; no overrides to mechanical p2-10 labels on review"
2026-08-10T19:15:00Z,2026-08-10 PM,ETH,Neutral,Neutral,Neutral,Bullish,Neutral,Bullish,Neutral,Neutral,Bullish,Neutral,3,0,none,"p1 Neutral: mechanical count <5 and no holdings, so sentiment.py not triggered per Section 0 amendment; no overrides to mechanical p2-10 labels on review"
2026-08-10T19:15:00Z,2026-08-10 PM,ETHFI,Neutral,Bearish,Neutral,Neutral,Neutral,Bullish,Bearish,Neutral,Bullish,Neutral,2,2,none,"p1 Neutral: mechanical count <5 and no holdings, so sentiment.py not triggered per Section 0 amendment; no overrides to mechanical p2-10 labels on review"
2026-08-10T19:15:00Z,2026-08-10 PM,FIL,Neutral,Bearish,Bearish,Bullish,Neutral,Bullish,Neutral,Neutral,Bullish,Neutral,3,2,none,"p1 Neutral: mechanical count <5 and no holdings, so sentiment.py not triggered per Section 0 amendment; no overrides to mechanical p2-10 labels on review"
2026-08-10T19:15:00Z,2026-08-10 PM,HBAR,Neutral,Bearish,Bearish,Bullish,Neutral,Bullish,Neutral,Neutral,Bullish,Neutral,3,2,none,"p1 Neutral: mechanical count <5 and no holdings, so sentiment.py not triggered per Section 0 amendment; no overrides to mechanical p2-10 labels on review"
2026-08-10T19:15:00Z,2026-08-10 PM,JUP,Neutral,Bearish,Bearish,Neutral,Neutral,Bullish,Bearish,Neutral,Bullish,Neutral,2,3,none,"p1 Neutral: mechanical count <5 and no holdings, so sentiment.py not triggered per Section 0 amendment; no overrides to mechanical p2-10 labels on review"
2026-08-10T19:15:00Z,2026-08-10 PM,LINK,Neutral,Neutral,Neutral,Bullish,Neutral,Bullish,Neutral,Neutral,Bullish,Neutral,3,0,none,"p1 Neutral: mechanical count <5 and no holdings, so sentiment.py not triggered per Section 0 amendment; no overrides to mechanical p2-10 labels on review"
2026-08-10T19:15:00Z,2026-08-10 PM,LTC,Neutral,Neutral,Neutral,Bullish,Neutral,Bullish,Bullish,Neutral,Bullish,Neutral,4,0,none,"p1 Neutral: mechanical count <5 and no holdings, so sentiment.py not triggered per Section 0 amendment; no overrides to mechanical p2-10 labels on review"
2026-08-10T19:15:00Z,2026-08-10 PM,MORPHO,Neutral,Neutral,Neutral,Neutral,Neutral,Bullish,Bearish,Neutral,Bullish,Neutral,2,1,none,"p1 Neutral: mechanical count <5 and no holdings, so sentiment.py not triggered per Section 0 amendment; no overrides to mechanical p2-10 labels on review"
2026-08-10T19:15:00Z,2026-08-10 PM,ONDO,Neutral,Neutral,Bearish,Bullish,Neutral,Bullish,Neutral,Neutral,Bullish,Neutral,3,1,none,"p1 Neutral: mechanical count <5 and no holdings, so sentiment.py not triggered per Section 0 amendment; no overrides to mechanical p2-10 labels on review"
2026-08-10T19:15:00Z,2026-08-10 PM,PEPE,Neutral,Bearish,Neutral,Bullish,Neutral,Bullish,Bearish,Neutral,Bullish,Neutral,3,2,none,"p1 Neutral: mechanical count <5 and no holdings, so sentiment.py not triggered per Section 0 amendment; no overrides to mechanical p2-10 labels on review"
2026-08-10T19:15:00Z,2026-08-10 PM,PUMP,Neutral,Bearish,Neutral,Neutral,Bullish,Bullish,Bullish,Neutral,Bullish,Neutral,4,1,none,"p1 Neutral: mechanical count <5 and no holdings, so sentiment.py not triggered per Section 0 amendment; no overrides to mechanical p2-10 labels on review"
2026-08-10T19:15:00Z,2026-08-10 PM,RENDER,Neutral,Bearish,Bearish,Bullish,Bearish,Bullish,Bearish,Neutral,Bullish,Neutral,3,4,none,"p1 Neutral: mechanical count <5 and no holdings, so sentiment.py not triggered per Section 0 amendment; no overrides to mechanical p2-10 labels on review"
2026-08-10T19:15:00Z,2026-08-10 PM,SHIB,Neutral,Neutral,Neutral,Bullish,Neutral,Bullish,Neutral,Neutral,Bullish,Neutral,3,0,none,"p1 Neutral: mechanical count <5 and no holdings, so sentiment.py not triggered per Section 0 amendment; no overrides to mechanical p2-10 labels on review"
2026-08-10T19:15:00Z,2026-08-10 PM,SOL,Neutral,Neutral,Neutral,Bullish,Neutral,Bullish,Bullish,Neutral,Bullish,Neutral,4,0,none,"p1 Neutral: mechanical count <5 and no holdings, so sentiment.py not triggered per Section 0 amendment; no overrides to mechanical p2-10 labels on review"
2026-08-10T19:15:00Z,2026-08-10 PM,TAO,Neutral,Bearish,Neutral,Neutral,Neutral,Bullish,Bullish,Neutral,Bullish,Neutral,3,1,none,"p1 Neutral: mechanical count <5 and no holdings, so sentiment.py not triggered per Section 0 amendment; no overrides to mechanical p2-10 labels on review"
2026-08-10T19:15:00Z,2026-08-10 PM,TRX,Bearish,Bullish,Bullish,Bullish,Neutral,Bullish,Neutral,Neutral,Bullish,Neutral,5,1,none,"sentiment.py run (mech 5/9): flat interest but euphoria markers stack -- rocket emojis, stacked breakout price targets ($0.3350-$0.3519) -- consistent with the same euphoric chase pattern flagged the last two checkpoints. Contrarian Bearish."
2026-08-10T19:15:00Z,2026-08-10 PM,UNI,Neutral,Bullish,Neutral,Bullish,Neutral,Bullish,Bullish,Neutral,Bullish,Neutral,5,0,none,"sentiment.py run (mech 5/9): interest FALLING (down from flat AM read), no euphoria or capitulation; dominant chatter is fee-switch/burn mechanics debate (108M UNI burned) and a 'no revenue share to holders' complaint -- real narrative content, not sentiment extremity. Neutral. AM 08-10 arm (7/10) LAPSES -- this PM reads only 5/10 (mechanical count dropped from 7/9 to 5/9: RSI cooled to 52.7, OI 24h flipped to -7.1%, volume_z fell to -1.22), breaking the 2-consecutive-checkpoint sequence; a fresh arm requires a future >=7/10 read."
2026-08-10T19:15:00Z,2026-08-10 PM,VIRTUAL,Neutral,Bearish,Bearish,Bullish,Neutral,Bullish,Bearish,Neutral,Bullish,Neutral,3,3,none,"p1 Neutral: mechanical count <5 and no holdings, so sentiment.py not triggered per Section 0 amendment; no overrides to mechanical p2-10 labels on review"
2026-08-10T19:15:00Z,2026-08-10 PM,XLM,Neutral,Bearish,Bearish,Bullish,Neutral,Bullish,Neutral,Neutral,Bullish,Neutral,3,2,none,"p1 Neutral: mechanical count <5 and no holdings, so sentiment.py not triggered per Section 0 amendment; no overrides to mechanical p2-10 labels on review"
2026-08-10T19:15:00Z,2026-08-10 PM,XRP,Neutral,Bearish,Bearish,Bullish,Neutral,Bullish,Bearish,Neutral,Bullish,Neutral,3,3,none,"p1 Neutral: mechanical count <5 and no holdings, so sentiment.py not triggered per Section 0 amendment; no overrides to mechanical p2-10 labels on review"
2026-08-10T19:15:00Z,2026-08-10 PM,ZEC,Neutral,Bullish,Neutral,Bullish,Neutral,Bullish,Bullish,Neutral,Bullish,Neutral,5,0,none,"sentiment.py run (mech 5/9): flat interest, sparse/spam-heavy mentions, no euphoria or capitulation reaching crowd-extremity scale. Neutral."
2026-08-11T07:18:00Z,2026-08-11 AM,AAVE,Neutral,Bearish,Bearish,Bullish,Neutral,Bullish,Neutral,Neutral,Bullish,Neutral,3,2,none,"p1 Neutral: mechanical count <5 and no holdings, so sentiment.py not triggered per Section 0 amendment; no overrides to mechanical p2-10 labels on review"
2026-08-11T07:18:00Z,2026-08-11 AM,ADA,Neutral,Neutral,Bullish,Bullish,Neutral,Bullish,Neutral,Neutral,Bullish,Neutral,4,0,none,"p1 Neutral: mechanical count <5 and no holdings, so sentiment.py not triggered per Section 0 amendment; no overrides to mechanical p2-10 labels on review"
2026-08-11T07:18:00Z,2026-08-11 AM,ARB,Neutral,Bearish,Neutral,Bullish,Neutral,Bullish,Neutral,Neutral,Bullish,Neutral,3,1,none,"p1 Neutral: mechanical count <5 and no holdings, so sentiment.py not triggered per Section 0 amendment; no overrides to mechanical p2-10 labels on review"
2026-08-11T07:18:00Z,2026-08-11 AM,BCH,Neutral,Bearish,Neutral,Bullish,Neutral,Bullish,Neutral,Neutral,Bullish,Neutral,3,1,none,"p1 Neutral: mechanical count <5 and no holdings, so sentiment.py not triggered per Section 0 amendment; no overrides to mechanical p2-10 labels on review"
2026-08-11T07:18:00Z,2026-08-11 AM,BNB,Neutral,Neutral,Bullish,Bullish,Neutral,Bullish,Bullish,Neutral,Bullish,Neutral,5,0,none,"sentiment.py run (mech 5/9): flat interest, dominant chatter is BNB Chain ecosystem catalysts (AWS AI Agent Studio integration, ongoing burns) plus routine price-level technicals ($600 zone) -- no euphoria or capitulation markers. Neutral."
2026-08-11T07:18:00Z,2026-08-11 AM,BTC,Neutral,Neutral,Neutral,Bullish,Neutral,Bullish,Bearish,Neutral,Bullish,Neutral,3,1,none,"p1 Neutral: mechanical count <5 and no holdings, so sentiment.py not triggered per Section 0 amendment; no overrides to mechanical p2-10 labels on review"
2026-08-11T07:18:00Z,2026-08-11 AM,CAKE,Neutral,Neutral,Bullish,Bullish,Neutral,Bullish,Neutral,Neutral,Bullish,Neutral,4,0,none,"p1 Neutral: mechanical count <5 and no holdings, so sentiment.py not triggered per Section 0 amendment; no overrides to mechanical p2-10 labels on review"
2026-08-11T07:18:00Z,2026-08-11 AM,DOGE,Neutral,Bearish,Neutral,Bullish,Neutral,Bullish,Bullish,Neutral,Bullish,Neutral,4,1,none,"p1 Neutral: mechanical count <5 and no holdings, so sentiment.py not triggered per Section 0 amendment; no overrides to mechanical p2-10 labels on review"
2026-08-11T07:18:00Z,2026-08-11 AM,ENA,Neutral,Neutral,Bullish,Bullish,Neutral,Bullish,Neutral,Neutral,Bullish,Neutral,4,0,none,"p1 Neutral: mechanical count <5 and no holdings, so sentiment.py not triggered per Section 0 amendment; no overrides to mechanical p2-10 labels on review"
2026-08-11T07:18:00Z,2026-08-11 AM,ETH,Neutral,Neutral,Neutral,Bullish,Neutral,Bullish,Neutral,Neutral,Bullish,Neutral,3,0,none,"p1 Neutral: mechanical count <5 and no holdings, so sentiment.py not triggered per Section 0 amendment; no overrides to mechanical p2-10 labels on review"
2026-08-11T07:18:00Z,2026-08-11 AM,ETHFI,Neutral,Bearish,Neutral,Bullish,Bearish,Bullish,Bullish,Neutral,Bullish,Neutral,4,2,none,"p1 Neutral: mechanical count <5 and no holdings, so sentiment.py not triggered per Section 0 amendment; no overrides to mechanical p2-10 labels on review"
2026-08-11T07:18:00Z,2026-08-11 AM,FIL,Neutral,Bearish,Bearish,Bullish,Neutral,Bullish,Neutral,Neutral,Bullish,Neutral,3,2,none,"p1 Neutral: mechanical count <5 and no holdings, so sentiment.py not triggered per Section 0 amendment; no overrides to mechanical p2-10 labels on review"
2026-08-11T07:18:00Z,2026-08-11 AM,HBAR,Neutral,Bearish,Bearish,Bullish,Neutral,Bullish,Neutral,Neutral,Bullish,Neutral,3,2,none,"p1 Neutral: mechanical count <5 and no holdings, so sentiment.py not triggered per Section 0 amendment; no overrides to mechanical p2-10 labels on review"
2026-08-11T07:18:00Z,2026-08-11 AM,JUP,Neutral,Bearish,Bearish,Bullish,Neutral,Bullish,Bearish,Neutral,Bullish,Neutral,3,3,none,"p1 Neutral: mechanical count <5 and no holdings, so sentiment.py not triggered per Section 0 amendment; no overrides to mechanical p2-10 labels on review"
2026-08-11T07:18:00Z,2026-08-11 AM,LINK,Neutral,Neutral,Neutral,Bullish,Neutral,Bullish,Bullish,Neutral,Bullish,Neutral,4,0,none,"p1 Neutral: mechanical count <5 and no holdings, so sentiment.py not triggered per Section 0 amendment; no overrides to mechanical p2-10 labels on review"
2026-08-11T07:18:00Z,2026-08-11 AM,LTC,Neutral,Neutral,Neutral,Bullish,Neutral,Bullish,Bullish,Neutral,Bullish,Neutral,4,0,none,"p1 Neutral: mechanical count <5 and no holdings, so sentiment.py not triggered per Section 0 amendment; no overrides to mechanical p2-10 labels on review"
2026-08-11T07:18:00Z,2026-08-11 AM,MORPHO,Neutral,Neutral,Neutral,Neutral,Neutral,Bullish,Bullish,Neutral,Bullish,Neutral,3,0,none,"p1 Neutral: mechanical count <5 and no holdings, so sentiment.py not triggered per Section 0 amendment; no overrides to mechanical p2-10 labels on review"
2026-08-11T07:18:00Z,2026-08-11 AM,ONDO,Neutral,Neutral,Bearish,Bullish,Neutral,Bullish,Neutral,Neutral,Bullish,Neutral,3,1,none,"p1 Neutral: mechanical count <5 and no holdings, so sentiment.py not triggered per Section 0 amendment; no overrides to mechanical p2-10 labels on review"
2026-08-11T07:18:00Z,2026-08-11 AM,PEPE,Neutral,Bearish,Neutral,Bullish,Neutral,Bullish,Bearish,Neutral,Bullish,Neutral,3,2,none,"p1 Neutral: mechanical count <5 and no holdings, so sentiment.py not triggered per Section 0 amendment; no overrides to mechanical p2-10 labels on review"
2026-08-11T07:18:00Z,2026-08-11 AM,PUMP,Neutral,Bearish,Bearish,Neutral,Neutral,Neutral,Bullish,Neutral,Bullish,Neutral,2,2,none,"p1 Neutral: mechanical count <5 and no holdings, so sentiment.py not triggered per Section 0 amendment; no overrides to mechanical p2-10 labels on review"
2026-08-11T07:18:00Z,2026-08-11 AM,RENDER,Neutral,Bearish,Bearish,Neutral,Bullish,Bullish,Bearish,Neutral,Bullish,Neutral,3,3,none,"p1 Neutral: mechanical count <5 and no holdings, so sentiment.py not triggered per Section 0 amendment; no overrides to mechanical p2-10 labels on review"
2026-08-11T07:18:00Z,2026-08-11 AM,SHIB,Neutral,Neutral,Neutral,Bullish,Neutral,Bullish,Neutral,Neutral,Bullish,Neutral,3,0,none,"p1 Neutral: mechanical count <5 and no holdings, so sentiment.py not triggered per Section 0 amendment; no overrides to mechanical p2-10 labels on review"
2026-08-11T07:18:00Z,2026-08-11 AM,SOL,Neutral,Neutral,Neutral,Neutral,Neutral,Bullish,Bullish,Neutral,Bullish,Neutral,3,0,none,"p1 Neutral: mechanical count <5 and no holdings, so sentiment.py not triggered per Section 0 amendment; no overrides to mechanical p2-10 labels on review"
2026-08-11T07:18:00Z,2026-08-11 AM,TAO,Neutral,Bearish,Neutral,Neutral,Neutral,Bullish,Bullish,Neutral,Bullish,Neutral,3,1,none,"p1 Neutral: mechanical count <5 and no holdings, so sentiment.py not triggered per Section 0 amendment; no overrides to mechanical p2-10 labels on review"
2026-08-11T07:18:00Z,2026-08-11 AM,TRX,Bearish,Bullish,Bullish,Bullish,Neutral,Bullish,Neutral,Neutral,Bullish,Neutral,5,1,none,"sentiment.py run (mech 5/9): interest flat but euphoria markers stack again -- price targets ($0.334), rocket emojis, 'ATH LFG' framing, breakout calls -- consistent with the same euphoric-chase pattern flagged the last three checkpoints (08-10 AM/PM). Contrarian fade."
2026-08-11T07:18:00Z,2026-08-11 AM,UNI,Neutral,Bullish,Neutral,Bullish,Neutral,Bullish,Bullish,Neutral,Bullish,Neutral,5,0,none,"sentiment.py run (mech 5/9): interest falling (consistent with PM 08-10), no euphoria or capitulation; dominant chatter is scattered short-term trading signals and liquidation-map levels, not narrative extremity. Neutral."
2026-08-11T07:18:00Z,2026-08-11 AM,VIRTUAL,Neutral,Bearish,Bearish,Bullish,Neutral,Bullish,Bearish,Neutral,Bullish,Neutral,3,3,none,"p1 Neutral: mechanical count <5 and no holdings, so sentiment.py not triggered per Section 0 amendment; no overrides to mechanical p2-10 labels on review"
2026-08-11T07:18:00Z,2026-08-11 AM,XLM,Neutral,Bearish,Bearish,Bullish,Neutral,Bullish,Bearish,Neutral,Bullish,Neutral,3,3,none,"p1 Neutral: mechanical count <5 and no holdings, so sentiment.py not triggered per Section 0 amendment; no overrides to mechanical p2-10 labels on review"
2026-08-11T07:18:00Z,2026-08-11 AM,XRP,Neutral,Bearish,Bearish,Bullish,Neutral,Bullish,Bearish,Neutral,Bullish,Neutral,3,3,none,"p1 Neutral: mechanical count <5 and no holdings, so sentiment.py not triggered per Section 0 amendment; no overrides to mechanical p2-10 labels on review"
2026-08-11T07:18:00Z,2026-08-11 AM,ZEC,Neutral,Bullish,Neutral,Bullish,Neutral,Bullish,Bearish,Neutral,Bullish,Neutral,4,1,none,"p1 Neutral: mechanical count <5 and no holdings, so sentiment.py not triggered per Section 0 amendment; no overrides to mechanical p2-10 labels on review"
2026-08-11T19:11:06Z,2026-08-11 PM,AAVE,Neutral,Bearish,Bearish,Bullish,Neutral,Bullish,Neutral,Bullish,Bullish,Neutral,4,2,none,"p1 Neutral: mechanical count <5 and no holdings, so sentiment.py not triggered per Section 0 amendment; no overrides to mechanical p2-10 labels on review"
2026-08-11T19:11:06Z,2026-08-11 PM,ADA,Neutral,Neutral,Neutral,Neutral,Neutral,Bullish,Neutral,Bullish,Bullish,Neutral,3,0,none,"p1 Neutral: mechanical count <5 and no holdings, so sentiment.py not triggered per Section 0 amendment; no overrides to mechanical p2-10 labels on review"
2026-08-11T19:11:06Z,2026-08-11 PM,ARB,Neutral,Bearish,Bearish,Neutral,Neutral,Bullish,Neutral,Bullish,Bullish,Neutral,3,2,none,"p1 Neutral: mechanical count <5 and no holdings, so sentiment.py not triggered per Section 0 amendment; no overrides to mechanical p2-10 labels on review"
2026-08-11T19:11:06Z,2026-08-11 PM,BCH,Neutral,Bearish,Bearish,Bullish,Neutral,Bullish,Neutral,Bullish,Bullish,Neutral,4,2,none,"p1 Neutral: mechanical count <5 and no holdings, so sentiment.py not triggered per Section 0 amendment; no overrides to mechanical p2-10 labels on review"
2026-08-11T19:11:06Z,2026-08-11 PM,BNB,Neutral,Neutral,Bullish,Bullish,Bullish,Bullish,Bullish,Bullish,Bullish,Neutral,7,0,armed,"sentiment.py run (mech 7/9, arming-relevant): flat interest, no euphoria/capitulation. One red-flag claim surfaced (BitMart blocking BNB/USDT withdrawals, unverified) -- web search confirms BitMart is winding down its entire exchange operation (announced shutdown, all users' withdrawals delayed platform-wide, deadline 2026-08-26) -- this is BitMart's own insolvency/wind-down, not a BNB protocol or Binance-specific issue. No hack/regulatory/team-exit on BNB itself found (only ongoing, already-priced-in EU MiCA friction and an internal BNB Chain legal action against a rogue former employee, which is enforcement BY the team, not a team-exit). Neutral, no exclude."
2026-08-11T19:11:06Z,2026-08-11 PM,BTC,Neutral,Bearish,Bearish,Bullish,Neutral,Bullish,Bearish,Bullish,Bullish,Neutral,4,3,none,"p1 Neutral: mechanical count <5 and no holdings, so sentiment.py not triggered per Section 0 amendment; no overrides to mechanical p2-10 labels on review"
2026-08-11T19:11:06Z,2026-08-11 PM,CAKE,Neutral,Neutral,Bullish,Bullish,Neutral,Bullish,Bullish,Bullish,Bullish,Neutral,6,0,none,"sentiment.py run (mech 6/9): interest falling, no euphoria/capitulation; narrative is ATH price action framed as a DeFi-revival surprise -- real content, not extremity either direction. Neutral."
2026-08-11T19:11:06Z,2026-08-11 PM,DOGE,Neutral,Bearish,Neutral,Bullish,Neutral,Bullish,Bullish,Bullish,Bullish,Neutral,5,1,none,"sentiment.py run (mech 5/9): interest falling, sparse/low-engagement mentions mixed with unrelated political DOGE references -- no crowd extremity. Neutral."
2026-08-11T19:11:06Z,2026-08-11 PM,ENA,Neutral,Neutral,Neutral,Bullish,Neutral,Bullish,Neutral,Bullish,Bullish,Neutral,4,0,none,"p1 Neutral: mechanical count <5 and no holdings, so sentiment.py not triggered per Section 0 amendment; no overrides to mechanical p2-10 labels on review"
2026-08-11T19:11:06Z,2026-08-11 PM,ETH,Neutral,Neutral,Neutral,Bullish,Neutral,Bullish,Neutral,Bullish,Bullish,Neutral,4,0,none,"p1 Neutral: mechanical count <5 and no holdings, so sentiment.py not triggered per Section 0 amendment; no overrides to mechanical p2-10 labels on review"
2026-08-11T19:11:06Z,2026-08-11 PM,ETHFI,Neutral,Bearish,Bearish,Bullish,Neutral,Bullish,Bullish,Bullish,Bullish,Neutral,5,2,none,"sentiment.py run (mech 5/9): interest falling with mild capitulation markers (listed among daily losers -5.66%, one negative comment) -- not held, so no thesis to judge 'intact' against, and the despair signal is weak/isolated rather than a genuine washout. Neutral, no contrarian-bullish extension."
2026-08-11T19:11:06Z,2026-08-11 PM,FIL,Neutral,Bearish,Neutral,Bullish,Neutral,Bullish,Neutral,Bullish,Bullish,Neutral,4,1,none,"p1 Neutral: mechanical count <5 and no holdings, so sentiment.py not triggered per Section 0 amendment; no overrides to mechanical p2-10 labels on review"
2026-08-11T19:11:06Z,2026-08-11 PM,HBAR,Neutral,Bearish,Bearish,Bullish,Neutral,Bullish,Neutral,Bullish,Bullish,Neutral,4,2,none,"p1 Neutral: mechanical count <5 and no holdings, so sentiment.py not triggered per Section 0 amendment; no overrides to mechanical p2-10 labels on review"
2026-08-11T19:11:06Z,2026-08-11 PM,JUP,Neutral,Bearish,Bearish,Neutral,Neutral,Bullish,Bearish,Bullish,Bullish,Neutral,3,3,none,"p1 Neutral: mechanical count <5 and no holdings, so sentiment.py not triggered per Section 0 amendment; no overrides to mechanical p2-10 labels on review"
2026-08-11T19:11:06Z,2026-08-11 PM,LINK,Neutral,Neutral,Bullish,Bullish,Bullish,Bullish,Bullish,Bullish,Bullish,Neutral,7,0,armed,"sentiment.py run (mech 7/9, arming-relevant): flat interest; single euphoria marker flagged ($200 price target for 2030) but web search confirms this originates from a Standard Chartered institutional research note (tokenization growth thesis), not retail crowd chase -- judged insufficient for contrarian-bearish fade given flat overall interest and no 'everyone's in' framing. Web search clean: no hack/regulatory/team-exit, only positive institutional adoption (Syntetika tokenization hub, Kalshi CFTC-regulated LINK perp). Neutral."
2026-08-11T19:11:06Z,2026-08-11 PM,LTC,Neutral,Neutral,Neutral,Bullish,Neutral,Bullish,Bullish,Bullish,Bullish,Neutral,5,0,none,"sentiment.py run (mech 5/9): interest falling with real capitulation-flavor language (bagholders described as REKT/delusional, 'worthless manipulated garbage', -62% YoY framing) -- would normally read contrarian-Bullish under 'capitulation while thesis intact', but LTC's payments thesis is itself under an active red-flag cloud (2026-08-03 MWEB settlement-assurance failure, entry_blocked) so 'intact' doesn't apply here. Neutral; moot for gating since entry stays blocked regardless."
2026-08-11T19:11:06Z,2026-08-11 PM,MORPHO,Neutral,Bullish,Neutral,Neutral,Neutral,Bullish,Bullish,Bullish,Bullish,Neutral,5,0,none,"sentiment.py run (mech 5/9): flat interest, narrative is protocol growth on Base ($5B deposits) -- genuine fundamentals content, not sentiment extremity. Neutral."
2026-08-11T19:11:06Z,2026-08-11 PM,ONDO,Neutral,Neutral,Bearish,Bullish,Neutral,Bullish,Neutral,Bullish,Bullish,Neutral,4,1,none,"p1 Neutral: mechanical count <5 and no holdings, so sentiment.py not triggered per Section 0 amendment; no overrides to mechanical p2-10 labels on review"
2026-08-11T19:11:06Z,2026-08-11 PM,PEPE,Neutral,Bearish,Neutral,Bullish,Neutral,Bullish,Bearish,Bullish,Bullish,Neutral,4,2,none,"p1 Neutral: mechanical count <5 and no holdings, so sentiment.py not triggered per Section 0 amendment; no overrides to mechanical p2-10 labels on review"
2026-08-11T19:11:06Z,2026-08-11 PM,PUMP,Neutral,Bearish,Neutral,Neutral,Bearish,Bullish,Bullish,Bullish,Bullish,Neutral,4,2,none,"p1 Neutral: mechanical count <5 and no holdings, so sentiment.py not triggered per Section 0 amendment; no overrides to mechanical p2-10 labels on review"
2026-08-11T19:11:06Z,2026-08-11 PM,RENDER,Neutral,Bearish,Bearish,Bullish,Bearish,Bullish,Bearish,Bullish,Bullish,Neutral,4,4,none,"p1 Neutral: mechanical count <5 and no holdings, so sentiment.py not triggered per Section 0 amendment; no overrides to mechanical p2-10 labels on review"
2026-08-11T19:11:06Z,2026-08-11 PM,SHIB,Neutral,Neutral,Neutral,Bullish,Neutral,Bullish,Neutral,Bullish,Bullish,Neutral,4,0,none,"p1 Neutral: mechanical count <5 and no holdings, so sentiment.py not triggered per Section 0 amendment; no overrides to mechanical p2-10 labels on review"
2026-08-11T19:11:06Z,2026-08-11 PM,SOL,Neutral,Bearish,Neutral,Neutral,Neutral,Bullish,Bullish,Bullish,Bullish,Neutral,4,1,none,"p1 Neutral: mechanical count <5 and no holdings, so sentiment.py not triggered per Section 0 amendment; no overrides to mechanical p2-10 labels on review"
2026-08-11T19:11:06Z,2026-08-11 PM,TAO,Neutral,Bearish,Neutral,Neutral,Neutral,Bullish,Bullish,Bullish,Bullish,Neutral,4,1,none,"p1 Neutral: mechanical count <5 and no holdings, so sentiment.py not triggered per Section 0 amendment; no overrides to mechanical p2-10 labels on review"
2026-08-11T19:11:06Z,2026-08-11 PM,TRX,Neutral,Bullish,Bullish,Bullish,Bullish,Bullish,Bullish,Bullish,Bullish,Neutral,8,0,armed,"sentiment.py run (mech 8/9, arming-relevant): interest flat, ZERO euphoria markers this read (vs rocket-emoji/stacked-price-target chase flagged the last 4 consecutive checkpoints) -- dominant chatter is DeFi-incentive/USDT-flow narrative, real content not crowd extremity. Genuine change from the prior euphoric pattern -- Neutral, not contrarian-fade. Web search confirms no hack/regulatory/team-exit on TRX (Coinsbuy drain is off-ticker; SEC pulled back Tron enforcement; Tether TRC20 freeze is AML compliance, not a TRX-specific action) -- no red-flag block warranted."
2026-08-11T19:11:06Z,2026-08-11 PM,UNI,Neutral,Bullish,Neutral,Neutral,Neutral,Bullish,Neutral,Bullish,Bullish,Neutral,4,0,none,"p1 Neutral: mechanical count <5 and no holdings, so sentiment.py not triggered per Section 0 amendment; no overrides to mechanical p2-10 labels on review"
2026-08-11T19:11:06Z,2026-08-11 PM,VIRTUAL,Neutral,Bearish,Bearish,Neutral,Neutral,Bullish,Bearish,Bullish,Bullish,Neutral,3,3,none,"p1 Neutral: mechanical count <5 and no holdings, so sentiment.py not triggered per Section 0 amendment; no overrides to mechanical p2-10 labels on review"
2026-08-11T19:11:06Z,2026-08-11 PM,XLM,Neutral,Bearish,Bearish,Bullish,Neutral,Bullish,Neutral,Bullish,Bullish,Neutral,4,2,none,"p1 Neutral: mechanical count <5 and no holdings, so sentiment.py not triggered per Section 0 amendment; no overrides to mechanical p2-10 labels on review"
2026-08-11T19:11:06Z,2026-08-11 PM,XRP,Neutral,Bearish,Bearish,Bullish,Neutral,Bullish,Bearish,Bullish,Bullish,Neutral,4,3,none,"p1 Neutral: mechanical count <5 and no holdings, so sentiment.py not triggered per Section 0 amendment; no overrides to mechanical p2-10 labels on review"
2026-08-11T19:11:06Z,2026-08-11 PM,ZEC,Neutral,Neutral,Bearish,Bullish,Neutral,Bullish,Neutral,Bullish,Bullish,Neutral,4,1,none,"p1 Neutral: mechanical count <5 and no holdings, so sentiment.py not triggered per Section 0 amendment; no overrides to mechanical p2-10 labels on review"
2026-08-12T07:17:14Z,2026-08-12 AM,AAVE,Neutral,Bearish,Neutral,Bullish,Neutral,Bullish,Neutral,Bullish,Bullish,Neutral,4,1,none,"p1 Neutral: mechanical count <5 and no holdings, so sentiment.py not triggered per Section 0 amendment; no overrides to mechanical p2-10 labels on review"
2026-08-12T07:17:14Z,2026-08-12 AM,ADA,Neutral,Neutral,Neutral,Bullish,Neutral,Bullish,Neutral,Bullish,Bullish,Neutral,4,0,none,"p1 Neutral: mechanical count <5 and no holdings, so sentiment.py not triggered per Section 0 amendment; no overrides to mechanical p2-10 labels on review"
2026-08-12T07:17:14Z,2026-08-12 AM,ARB,Neutral,Bearish,Bearish,Bullish,Neutral,Bullish,Neutral,Bullish,Bullish,Neutral,4,2,none,"p1 Neutral: mechanical count <5 and no holdings, so sentiment.py not triggered per Section 0 amendment; no overrides to mechanical p2-10 labels on review"
2026-08-12T07:17:14Z,2026-08-12 AM,BCH,Neutral,Bearish,Neutral,Bullish,Neutral,Bullish,Neutral,Bullish,Bullish,Neutral,4,1,none,"p1 Neutral: mechanical count <5 and no holdings, so sentiment.py not triggered per Section 0 amendment; no overrides to mechanical p2-10 labels on review"
2026-08-12T07:17:14Z,2026-08-12 AM,BNB,Neutral,Neutral,Bullish,Neutral,Neutral,Bullish,Neutral,Bullish,Bullish,Neutral,4,0,none,"p1 Neutral: mechanical count fell to 4/9 (was 7/9 at PM arm -- rvol, volume-z, and OI all rolled from Bullish to Neutral/negative), below the >=5 sentiment.py trigger threshold, so not run. Moot for gating regardless: max possible with a Bullish sentiment read is 5/10, well short of the 7/10 re-confirmation bar -- arm breaks on mechanical deterioration alone."
2026-08-12T07:17:14Z,2026-08-12 AM,BTC,Neutral,Neutral,Neutral,Bullish,Neutral,Bullish,Bearish,Bullish,Bullish,Neutral,4,1,none,"p1 Neutral: mechanical count <5 and no holdings, so sentiment.py not triggered per Section 0 amendment; no overrides to mechanical p2-10 labels on review"
2026-08-12T07:17:14Z,2026-08-12 AM,CAKE,Bearish,Neutral,Bullish,Bullish,Neutral,Bullish,Bullish,Bullish,Bullish,Neutral,6,1,none,"sentiment.py run (mech 6/9, closest to arming besides TRX): interest trend flipped to rising with stacked euphoria markers -- rocket-emoji $10 price target, detailed bull-thesis stacking (tokenomics 3.0, burns), ""entered top 100 market cap"" framed as a milestone. Same rocket-emoji/stacked-target pattern previously faded contrarian-Bearish for TRX -- applying the same standard here. Contrarian fade to Bearish; keeps CAKE at 6/10, does not arm."
2026-08-12T07:17:14Z,2026-08-12 AM,DOGE,Neutral,Bearish,Neutral,Bullish,Neutral,Bullish,Bullish,Bullish,Bullish,Neutral,5,1,none,"sentiment.py run (mech 5/9): flat interest with genuinely mixed signals -- euphoria markers (680M-DOGE whale buy, 1-month-high long/short ratio) sit alongside real capitulation markers ($0.055 flush risk, -90% from peak framing) -- two-sided technical debate, not one-sided crowd extremity. Neutral."
2026-08-12T07:17:14Z,2026-08-12 AM,ENA,Neutral,Neutral,Neutral,Bullish,Neutral,Bullish,Neutral,Bullish,Bullish,Neutral,4,0,none,"p1 Neutral: mechanical count <5 and no holdings, so sentiment.py not triggered per Section 0 amendment; no overrides to mechanical p2-10 labels on review"
2026-08-12T07:17:14Z,2026-08-12 AM,ETH,Neutral,Neutral,Neutral,Bullish,Neutral,Bullish,Neutral,Bullish,Bullish,Neutral,4,0,none,"p1 Neutral: mechanical count <5 and no holdings, so sentiment.py not triggered per Section 0 amendment; no overrides to mechanical p2-10 labels on review"
2026-08-12T07:17:14Z,2026-08-12 AM,ETHFI,Neutral,Bearish,Bearish,Bullish,Neutral,Bullish,Bullish,Bullish,Bullish,Neutral,5,2,none,"sentiment.py run (mech 5/9): flat interest, no euphoria markers; capitulation-flavor language present (""shit"" at $0.37, heavy-drop chart call) but mixed with a +9.5% positive mention -- not held, so no thesis to judge 'intact' against for a contrarian-Bullish extension, and the despair signal itself is weak/mixed. Neutral."
2026-08-12T07:17:14Z,2026-08-12 AM,FIL,Neutral,Bearish,Bearish,Bullish,Neutral,Bullish,Neutral,Bullish,Bullish,Neutral,4,2,none,"p1 Neutral: mechanical count <5 and no holdings, so sentiment.py not triggered per Section 0 amendment; no overrides to mechanical p2-10 labels on review"
2026-08-12T07:17:14Z,2026-08-12 AM,HBAR,Neutral,Bearish,Bearish,Bullish,Neutral,Bullish,Neutral,Bullish,Bullish,Neutral,4,2,none,"p1 Neutral: mechanical count <5 and no holdings, so sentiment.py not triggered per Section 0 amendment; no overrides to mechanical p2-10 labels on review"
2026-08-12T07:17:14Z,2026-08-12 AM,JUP,Neutral,Bearish,Bearish,Neutral,Neutral,Bullish,Bearish,Bullish,Bullish,Neutral,3,3,none,"p1 Neutral: mechanical count <5 and no holdings, so sentiment.py not triggered per Section 0 amendment; no overrides to mechanical p2-10 labels on review"
2026-08-12T07:17:14Z,2026-08-12 AM,LINK,Neutral,Neutral,Bullish,Neutral,Bearish,Bullish,Bullish,Bullish,Bullish,Neutral,5,1,none,"sentiment.py run (mech 5/9, re-check after PM arm): flat interest; mixed signals -- euphoria-adjacent ($200-by-2030 Standard Chartered target, double-bottom breakout call) offset by genuine capitulation-flavor value-capture doubt (""adoption doesn't move price"", token bled 18->7, value-trap concerns) -- reads as real two-sided debate, not crowd extremity either direction. Neutral. Moot for gating: mechanical dropped to 5/9 (rvol and volume-z rolled over), max total 6/10 even with a Bullish p1 -- arm breaks."
2026-08-12T07:17:14Z,2026-08-12 AM,LTC,Neutral,Neutral,Neutral,Bullish,Neutral,Bullish,Bearish,Bullish,Bullish,Neutral,4,1,none,"p1 Neutral: mechanical count <5 and no holdings, so sentiment.py not triggered per Section 0 amendment; no overrides to mechanical p2-10 labels on review"
2026-08-12T07:17:14Z,2026-08-12 AM,MORPHO,Neutral,Bullish,Neutral,Neutral,Neutral,Bullish,Neutral,Bullish,Bullish,Neutral,4,0,none,"p1 Neutral: mechanical count <5 and no holdings, so sentiment.py not triggered per Section 0 amendment; no overrides to mechanical p2-10 labels on review"
2026-08-12T07:17:14Z,2026-08-12 AM,ONDO,Neutral,Neutral,Bearish,Bullish,Neutral,Bullish,Neutral,Bullish,Bullish,Neutral,4,1,none,"p1 Neutral: mechanical count <5 and no holdings, so sentiment.py not triggered per Section 0 amendment; no overrides to mechanical p2-10 labels on review"
2026-08-12T07:17:14Z,2026-08-12 AM,PEPE,Neutral,Bearish,Neutral,Bullish,Neutral,Bullish,Bearish,Bullish,Bullish,Neutral,4,2,none,"p1 Neutral: mechanical count <5 and no holdings, so sentiment.py not triggered per Section 0 amendment; no overrides to mechanical p2-10 labels on review"
2026-08-12T07:17:14Z,2026-08-12 AM,PUMP,Neutral,Bearish,Neutral,Neutral,Bearish,Bullish,Bullish,Bullish,Bullish,Neutral,4,2,none,"p1 Neutral: mechanical count <5 and no holdings, so sentiment.py not triggered per Section 0 amendment; no overrides to mechanical p2-10 labels on review"
2026-08-12T07:17:14Z,2026-08-12 AM,RENDER,Neutral,Bearish,Bearish,Neutral,Neutral,Bullish,Bearish,Bullish,Bullish,Neutral,3,3,none,"p1 Neutral: mechanical count <5 and no holdings, so sentiment.py not triggered per Section 0 amendment; no overrides to mechanical p2-10 labels on review"
2026-08-12T07:17:14Z,2026-08-12 AM,SHIB,Neutral,Neutral,Neutral,Bullish,Neutral,Bullish,Neutral,Bullish,Bullish,Neutral,4,0,none,"p1 Neutral: mechanical count <5 and no holdings, so sentiment.py not triggered per Section 0 amendment; no overrides to mechanical p2-10 labels on review"
2026-08-12T07:17:14Z,2026-08-12 AM,SOL,Neutral,Neutral,Neutral,Neutral,Neutral,Bullish,Bullish,Bullish,Bullish,Neutral,4,0,none,"p1 Neutral: mechanical count <5 and no holdings, so sentiment.py not triggered per Section 0 amendment; no overrides to mechanical p2-10 labels on review"
2026-08-12T07:17:14Z,2026-08-12 AM,TAO,Neutral,Neutral,Neutral,Neutral,Neutral,Bullish,Bullish,Bullish,Bullish,Neutral,4,0,none,"p1 Neutral: mechanical count <5 and no holdings, so sentiment.py not triggered per Section 0 amendment; no overrides to mechanical p2-10 labels on review"
2026-08-12T07:17:14Z,2026-08-12 AM,TRX,Neutral,Bullish,Bullish,Bullish,Neutral,Bullish,Bullish,Bullish,Bullish,Neutral,7,0,confirmed,"sentiment.py run (mech 7/9, arming-relevant): flat interest, ZERO euphoria/capitulation markers -- second consecutive clean read (matches PM 08-11), dominant chatter is burns/DeFi-incentive/giveaway content not crowd extremity. Neutral, not contrarian-fade. Web search re-check: Coinsbuy drain still off-ticker, SEC pullback on Tron enforcement unescalated (House hearing only), Tether's $344M TRC20 freeze is AML/law-enforcement compliance not a TRX-specific action -- no hack/regulatory/team-exit exclude."
2026-08-12T07:17:14Z,2026-08-12 AM,UNI,Neutral,Bullish,Neutral,Bullish,Neutral,Bullish,Neutral,Bullish,Bullish,Neutral,5,0,none,"sentiment.py run (mech 5/9): flat interest; one euphoria marker (V4 fee-switch revenue hype, $6 target) balanced against a live short-trade signal and a -5.4%/24h callout -- mixed, no clear crowd extremity. Neutral."
2026-08-12T07:17:14Z,2026-08-12 AM,VIRTUAL,Neutral,Bearish,Bearish,Bullish,Neutral,Bullish,Bearish,Bullish,Bullish,Neutral,4,3,none,"p1 Neutral: mechanical count <5 and no holdings, so sentiment.py not triggered per Section 0 amendment; no overrides to mechanical p2-10 labels on review"
2026-08-12T07:17:14Z,2026-08-12 AM,XLM,Neutral,Bearish,Bearish,Bullish,Neutral,Bullish,Neutral,Bullish,Bullish,Neutral,4,2,none,"p1 Neutral: mechanical count <5 and no holdings, so sentiment.py not triggered per Section 0 amendment; no overrides to mechanical p2-10 labels on review"
2026-08-12T07:17:14Z,2026-08-12 AM,XRP,Neutral,Bearish,Bearish,Neutral,Neutral,Bullish,Bearish,Bullish,Bullish,Neutral,3,3,none,"p1 Neutral: mechanical count <5 and no holdings, so sentiment.py not triggered per Section 0 amendment; no overrides to mechanical p2-10 labels on review"
2026-08-12T07:17:14Z,2026-08-12 AM,ZEC,Neutral,Neutral,Neutral,Bullish,Neutral,Bullish,Neutral,Bullish,Bullish,Neutral,4,0,none,"p1 Neutral: mechanical count <5 and no holdings, so sentiment.py not triggered per Section 0 amendment; no overrides to mechanical p2-10 labels on review"
2026-08-12T19:06:31Z,2026-08-12 PM,AAVE,Neutral,Bearish,Neutral,Bullish,Neutral,Bullish,Neutral,Bullish,Bullish,Neutral,4,1,none,"p1 Neutral: mechanical count <5 and no holdings, so sentiment.py not triggered per Section 0 amendment; no overrides to mechanical p2-10 labels on review"
2026-08-12T19:06:31Z,2026-08-12 PM,ADA,Neutral,Neutral,Neutral,Neutral,Neutral,Bullish,Neutral,Bullish,Bullish,Neutral,3,0,none,"p1 Neutral: mechanical count <5 and no holdings, so sentiment.py not triggered per Section 0 amendment; no overrides to mechanical p2-10 labels on review"
2026-08-12T19:06:31Z,2026-08-12 PM,ARB,Neutral,Bearish,Bearish,Bullish,Neutral,Bullish,Neutral,Bullish,Bullish,Neutral,4,2,none,"p1 Neutral: mechanical count <5 and no holdings, so sentiment.py not triggered per Section 0 amendment; no overrides to mechanical p2-10 labels on review"
2026-08-12T19:06:31Z,2026-08-12 PM,BCH,Neutral,Bearish,Neutral,Bullish,Neutral,Bullish,Neutral,Bullish,Bullish,Neutral,4,1,none,"p1 Neutral: mechanical count <5 and no holdings, so sentiment.py not triggered per Section 0 amendment; no overrides to mechanical p2-10 labels on review"
2026-08-12T19:06:31Z,2026-08-12 PM,BNB,Neutral,Neutral,Bullish,Neutral,Neutral,Bullish,Neutral,Bullish,Bullish,Neutral,4,0,none,"p1 Neutral: mechanical count <5 and no holdings, so sentiment.py not triggered per Section 0 amendment; no overrides to mechanical p2-10 labels on review"
2026-08-12T19:06:31Z,2026-08-12 PM,BTC,Neutral,Neutral,Neutral,Bullish,Neutral,Bullish,Bearish,Bullish,Bullish,Neutral,4,1,none,"p1 Neutral: mechanical count <5 and no holdings, so sentiment.py not triggered per Section 0 amendment; no overrides to mechanical p2-10 labels on review"
2026-08-12T19:06:31Z,2026-08-12 PM,CAKE,Neutral,Neutral,Bullish,Bullish,Neutral,Bullish,Bullish,Bullish,Bullish,Neutral,6,0,none,"sentiment.py run (mech 6/9): interest flat, NO euphoria markers this read (the rocket-emoji/$10-target/top-100-milestone hype flagged this morning is absent) -- narrative is real fundamentals (14.6% supply burned since peak, fee buybacks, $4T+ cumulative volume) plus a technical note on shorts stacking/OI surge, not one-sided crowd extremity. Genuine change from the AM euphoric read -- Neutral, not held to the prior Bearish fade."
2026-08-12T19:06:31Z,2026-08-12 PM,DOGE,Neutral,Bearish,Neutral,Neutral,Neutral,Bullish,Bullish,Bullish,Bullish,Neutral,4,1,none,"p1 Neutral: mechanical count <5 and no holdings, so sentiment.py not triggered per Section 0 amendment; no overrides to mechanical p2-10 labels on review"
2026-08-12T19:06:31Z,2026-08-12 PM,ENA,Neutral,Neutral,Neutral,Bullish,Neutral,Bullish,Neutral,Bullish,Bullish,Neutral,4,0,none,"p1 Neutral: mechanical count <5 and no holdings, so sentiment.py not triggered per Section 0 amendment; no overrides to mechanical p2-10 labels on review"
2026-08-12T19:06:31Z,2026-08-12 PM,ETH,Neutral,Neutral,Neutral,Bullish,Neutral,Bullish,Neutral,Bullish,Bullish,Neutral,4,0,none,"p1 Neutral: mechanical count <5 and no holdings, so sentiment.py not triggered per Section 0 amendment; no overrides to mechanical p2-10 labels on review"
2026-08-12T19:06:31Z,2026-08-12 PM,ETHFI,Neutral,Bearish,Neutral,Bullish,Neutral,Bullish,Neutral,Bullish,Bullish,Neutral,4,1,none,"p1 Neutral: mechanical count <5 and no holdings, so sentiment.py not triggered per Section 0 amendment; no overrides to mechanical p2-10 labels on review"
2026-08-12T19:06:31Z,2026-08-12 PM,FIL,Neutral,Bearish,Bearish,Bullish,Neutral,Bullish,Neutral,Bullish,Bullish,Neutral,4,2,none,"p1 Neutral: mechanical count <5 and no holdings, so sentiment.py not triggered per Section 0 amendment; no overrides to mechanical p2-10 labels on review"
2026-08-12T19:06:31Z,2026-08-12 PM,HBAR,Neutral,Bearish,Bearish,Bullish,Neutral,Bullish,Neutral,Bullish,Bullish,Neutral,4,2,none,"p1 Neutral: mechanical count <5 and no holdings, so sentiment.py not triggered per Section 0 amendment; no overrides to mechanical p2-10 labels on review"
2026-08-12T19:06:31Z,2026-08-12 PM,JUP,Neutral,Bearish,Bearish,Neutral,Neutral,Bullish,Bearish,Bullish,Bullish,Neutral,3,3,none,"p1 Neutral: mechanical count <5 and no holdings, so sentiment.py not triggered per Section 0 amendment; no overrides to mechanical p2-10 labels on review"
2026-08-12T19:06:31Z,2026-08-12 PM,LINK,Neutral,Neutral,Bullish,Neutral,Bearish,Bullish,Neutral,Bullish,Bullish,Neutral,4,1,none,"p1 Neutral: mechanical count <5 and no holdings, so sentiment.py not triggered per Section 0 amendment; no overrides to mechanical p2-10 labels on review"
2026-08-12T19:06:31Z,2026-08-12 PM,LTC,Neutral,Neutral,Neutral,Bullish,Neutral,Bullish,Bearish,Bullish,Bullish,Neutral,4,1,none,"p1 Neutral: mechanical count <5 and no holdings, so sentiment.py not triggered per Section 0 amendment; no overrides to mechanical p2-10 labels on review"
2026-08-12T19:06:31Z,2026-08-12 PM,MORPHO,Neutral,Bullish,Neutral,Neutral,Neutral,Bullish,Neutral,Bullish,Bullish,Neutral,4,0,none,"p1 Neutral: mechanical count <5 and no holdings, so sentiment.py not triggered per Section 0 amendment; no overrides to mechanical p2-10 labels on review"
2026-08-12T19:06:31Z,2026-08-12 PM,ONDO,Neutral,Neutral,Bearish,Bullish,Neutral,Bullish,Neutral,Bullish,Bullish,Neutral,4,1,none,"p1 Neutral: mechanical count <5 and no holdings, so sentiment.py not triggered per Section 0 amendment; no overrides to mechanical p2-10 labels on review"
2026-08-12T19:06:31Z,2026-08-12 PM,PEPE,Neutral,Bearish,Neutral,Bullish,Neutral,Bullish,Bearish,Bullish,Bullish,Neutral,4,2,none,"p1 Neutral: mechanical count <5 and no holdings, so sentiment.py not triggered per Section 0 amendment; no overrides to mechanical p2-10 labels on review"
2026-08-12T19:06:31Z,2026-08-12 PM,PUMP,Neutral,Bearish,Neutral,Neutral,Neutral,Bullish,Bullish,Bullish,Bullish,Neutral,4,1,none,"p1 Neutral: mechanical count <5 and no holdings, so sentiment.py not triggered per Section 0 amendment; no overrides to mechanical p2-10 labels on review"
2026-08-12T19:06:31Z,2026-08-12 PM,RENDER,Neutral,Bearish,Bearish,Neutral,Neutral,Bullish,Bearish,Bullish,Bullish,Neutral,3,3,none,"p1 Neutral: mechanical count <5 and no holdings, so sentiment.py not triggered per Section 0 amendment; no overrides to mechanical p2-10 labels on review"
2026-08-12T19:06:31Z,2026-08-12 PM,SHIB,Neutral,Neutral,Neutral,Bullish,Neutral,Bullish,Neutral,Bullish,Bullish,Neutral,4,0,none,"p1 Neutral: mechanical count <5 and no holdings, so sentiment.py not triggered per Section 0 amendment; no overrides to mechanical p2-10 labels on review"
2026-08-12T19:06:31Z,2026-08-12 PM,SOL,Neutral,Neutral,Neutral,Neutral,Neutral,Bullish,Bullish,Bullish,Bullish,Neutral,4,0,none,"p1 Neutral: mechanical count <5 and no holdings, so sentiment.py not triggered per Section 0 amendment; no overrides to mechanical p2-10 labels on review"
2026-08-12T19:06:31Z,2026-08-12 PM,TAO,Neutral,Bearish,Neutral,Neutral,Neutral,Bullish,Bullish,Bullish,Bullish,Neutral,4,1,none,"p1 Neutral: mechanical count <5 and no holdings, so sentiment.py not triggered per Section 0 amendment; no overrides to mechanical p2-10 labels on review"
2026-08-12T19:06:31Z,2026-08-12 PM,TRX,Neutral,Bullish,Bullish,Bullish,Neutral,Bullish,Bullish,Bullish,Bullish,Neutral,7,0,held-stage2-add,"sentiment.py run (mech 7/9, held position -- hold-check for stage-2 add): flat interest, ZERO euphoria/capitulation markers -- third consecutive clean read (PM 08-11, AM 08-12, now PM 08-12), dominant chatter is staking/GasFree/DeFi-yield content, not crowd extremity. Neutral, not contrarian-fade."
2026-08-12T19:06:31Z,2026-08-12 PM,UNI,Neutral,Neutral,Bearish,Bullish,Bearish,Bullish,Neutral,Bullish,Bullish,Neutral,4,2,none,"p1 Neutral: mechanical count <5 and no holdings, so sentiment.py not triggered per Section 0 amendment; no overrides to mechanical p2-10 labels on review"
2026-08-12T19:06:31Z,2026-08-12 PM,VIRTUAL,Neutral,Neutral,Bullish,Neutral,Bullish,Bullish,Bullish,Bullish,Bullish,Neutral,6,0,none,"sentiment.py run (mech 6/9, first check -- new to arming range): flat interest, one weak capitulation post (""only dump $virtual"", bear emoji) amid otherwise scattered protocol/pairing mentions -- not held, so no thesis to test 'intact' against, and a single post isn't broad capitulation. Neutral."
2026-08-12T19:06:31Z,2026-08-12 PM,XLM,Neutral,Bearish,Bearish,Bullish,Neutral,Bullish,Neutral,Bullish,Bullish,Neutral,4,2,none,"p1 Neutral: mechanical count <5 and no holdings, so sentiment.py not triggered per Section 0 amendment; no overrides to mechanical p2-10 labels on review"
2026-08-12T19:06:31Z,2026-08-12 PM,XRP,Neutral,Bearish,Bearish,Neutral,Neutral,Bullish,Bearish,Bullish,Bullish,Neutral,3,3,none,"p1 Neutral: mechanical count <5 and no holdings, so sentiment.py not triggered per Section 0 amendment; no overrides to mechanical p2-10 labels on review"
2026-08-12T19:06:31Z,2026-08-12 PM,ZEC,Neutral,Bullish,Neutral,Bullish,Neutral,Bullish,Neutral,Bullish,Bullish,Neutral,5,0,none,"sentiment.py run (mech 5/9): interest falling but narrative is thin/mixed trading-signal chatter (Hyperliquid long/short calls split both ways), not a deteriorating fundamental narrative or euphoria/capitulation extreme -- insufficient signal to force a contrarian read either direction. Neutral."
2026-08-13T07:19:52Z,2026-08-13 AM,BTC,Neutral,Neutral,Neutral,Bullish,Neutral,Bullish,Bearish,Bullish,Bullish,Neutral,4,1,none,"p1 Neutral: mechanical count <5 and no holdings, so sentiment.py not triggered per Section 0 amendment; no overrides to mechanical p2-10 labels on review"
2026-08-13T07:19:52Z,2026-08-13 AM,ETH,Neutral,Neutral,Neutral,Bullish,Neutral,Bullish,Neutral,Bullish,Bullish,Neutral,4,0,none,"p1 Neutral: mechanical count <5 and no holdings, so sentiment.py not triggered per Section 0 amendment; no overrides to mechanical p2-10 labels on review"
2026-08-13T07:19:52Z,2026-08-13 AM,BNB,Neutral,Neutral,Bullish,Neutral,Neutral,Bullish,Neutral,Bullish,Bullish,Neutral,4,0,none,"p1 Neutral: mechanical count <5 and no holdings, so sentiment.py not triggered per Section 0 amendment; no overrides to mechanical p2-10 labels on review"
2026-08-13T07:19:52Z,2026-08-13 AM,XRP,Neutral,Bearish,Bearish,Neutral,Neutral,Bullish,Bearish,Bullish,Bullish,Neutral,3,3,none,"p1 Neutral: mechanical count <5 and no holdings, so sentiment.py not triggered per Section 0 amendment; no overrides to mechanical p2-10 labels on review"
2026-08-13T07:19:52Z,2026-08-13 AM,SOL,Neutral,Neutral,Bullish,Bullish,Bearish,Bullish,Bullish,Bullish,Bullish,Neutral,6,1,none,"sentiment.py run (mech 6/9, bear1): flat interest; euphoria markers present but almost entirely SOL-memecoin-ecosystem hype (giveaways, shill posts, wild price bets) rather than SOL-itself conviction -- noisy, not a clean crowd read on SOL. Neutral, not contrarian-faded."
2026-08-13T07:19:52Z,2026-08-13 AM,TRX,Neutral,Bullish,Bullish,Bullish,Neutral,Bullish,Bullish,Bullish,Bullish,Neutral,7,0,held,"sentiment.py run (mech 7/9, held position): interest FALLING (change from 3 straight flat/clean reads) with two new soft euphoria markers (targets >=$0.34, rocket emojis in TA) but narrative is genuinely mixed -- same posts show a short call (0.33685, supply pressure) alongside the bulls, i.e. two-sided TA chatter, not one-sided crowd conviction. Not broad euphoria, not capitulation. Neutral, flag the shift for next checkpoint."
2026-08-13T07:19:52Z,2026-08-13 AM,DOGE,Neutral,Bearish,Neutral,Neutral,Neutral,Bullish,Bullish,Bullish,Bullish,Neutral,4,1,none,"p1 Neutral: mechanical count <5 and no holdings, so sentiment.py not triggered per Section 0 amendment; no overrides to mechanical p2-10 labels on review"
2026-08-13T07:19:52Z,2026-08-13 AM,ZEC,Neutral,Bullish,Neutral,Bullish,Neutral,Bullish,Bearish,Bullish,Bullish,Neutral,5,1,none,"sentiment.py run (mech 5/9, bear1): euphoria-flavored markers (rocket emojis, 'buying now like Aug 2025' FOMO framing) but the data itself describes this as low-volume promotional posts, not broad crowd participation -- thin/isolated hype, not 'everyone's in'. Neutral, consistent with prior thin-signal reads."
2026-08-13T07:19:52Z,2026-08-13 AM,ADA,Neutral,Neutral,Neutral,Bullish,Neutral,Bullish,Neutral,Bullish,Bullish,Neutral,4,0,none,"p1 Neutral: mechanical count <5 and no holdings, so sentiment.py not triggered per Section 0 amendment; no overrides to mechanical p2-10 labels on review"
2026-08-13T07:19:52Z,2026-08-13 AM,LINK,Neutral,Neutral,Bullish,Neutral,Bearish,Bullish,Neutral,Bullish,Bullish,Neutral,4,1,none,"p1 Neutral: mechanical count <5 and no holdings, so sentiment.py not triggered per Section 0 amendment; no overrides to mechanical p2-10 labels on review"
2026-08-13T07:19:52Z,2026-08-13 AM,UNI,Bearish,Bullish,Neutral,Bullish,Neutral,Bullish,Neutral,Bullish,Bullish,Neutral,5,1,none,"sentiment.py run (mech 5/9): interest falling, dominant narrative is the price dip (-5.45%) with capitulation-flavored chatter ('sellers controlled the microphone', 'bearish pressure building') and bearish TA calls -- fits the rubric's deteriorating-narrative Bearish column; not held, so no thesis-intact case for a contrarian Bullish capitulation read."
2026-08-13T07:19:52Z,2026-08-13 AM,AAVE,Neutral,Bearish,Neutral,Bullish,Neutral,Bullish,Neutral,Bullish,Bullish,Neutral,4,1,none,"p1 Neutral: mechanical count <5 and no holdings, so sentiment.py not triggered per Section 0 amendment; no overrides to mechanical p2-10 labels on review"
2026-08-13T07:19:52Z,2026-08-13 AM,ENA,Neutral,Neutral,Neutral,Bullish,Neutral,Bullish,Neutral,Bullish,Bullish,Neutral,4,0,none,"p1 Neutral: mechanical count <5 and no holdings, so sentiment.py not triggered per Section 0 amendment; no overrides to mechanical p2-10 labels on review"
2026-08-13T07:19:52Z,2026-08-13 AM,MORPHO,Neutral,Neutral,Neutral,Neutral,Neutral,Bullish,Neutral,Bullish,Bullish,Neutral,3,0,none,"p1 Neutral: mechanical count <5 and no holdings, so sentiment.py not triggered per Section 0 amendment; no overrides to mechanical p2-10 labels on review"
2026-08-13T07:19:52Z,2026-08-13 AM,ONDO,Neutral,Neutral,Bearish,Bullish,Neutral,Bullish,Neutral,Bullish,Bullish,Neutral,4,1,none,"p1 Neutral: mechanical count <5 and no holdings, so sentiment.py not triggered per Section 0 amendment; no overrides to mechanical p2-10 labels on review"
2026-08-13T07:19:52Z,2026-08-13 AM,ETHFI,Neutral,Bearish,Neutral,Bullish,Bearish,Bullish,Bullish,Bullish,Bullish,Neutral,5,2,none,"sentiment.py run (mech 5/9, bear2): flat interest, no euphoria or capitulation markers, narrative is a mix of a rewards-date vote, a long-term bull thesis post, and a bearish 8h TA note -- genuinely mixed, no crowd extreme. Neutral."
2026-08-13T07:19:52Z,2026-08-13 AM,CAKE,Neutral,Neutral,Bullish,Bullish,Neutral,Bullish,Bullish,Bullish,Bullish,Neutral,6,0,none,"sentiment.py run (mech 6/9): flat interest, no euphoria or capitulation markers, narrative is scattered long/short signal chatter plus routine staking mentions. Neutral."
2026-08-13T07:19:52Z,2026-08-13 AM,JUP,Neutral,Bearish,Bearish,Bullish,Neutral,Bullish,Bearish,Bullish,Bullish,Neutral,4,3,none,"p1 Neutral: mechanical count <5 and no holdings, so sentiment.py not triggered per Section 0 amendment; no overrides to mechanical p2-10 labels on review"
2026-08-13T07:19:52Z,2026-08-13 AM,LTC,Neutral,Neutral,Neutral,Bullish,Neutral,Bullish,Bearish,Bullish,Bullish,Neutral,4,1,none,"p1 Neutral: mechanical count <5 and no holdings, so sentiment.py not triggered per Section 0 amendment; no overrides to mechanical p2-10 labels on review"
2026-08-13T07:19:52Z,2026-08-13 AM,BCH,Neutral,Bearish,Neutral,Bullish,Neutral,Bullish,Neutral,Bullish,Bullish,Neutral,4,1,none,"p1 Neutral: mechanical count <5 and no holdings, so sentiment.py not triggered per Section 0 amendment; no overrides to mechanical p2-10 labels on review"
2026-08-13T07:19:52Z,2026-08-13 AM,XLM,Neutral,Bearish,Bearish,Bullish,Neutral,Bullish,Neutral,Bullish,Bullish,Neutral,4,2,none,"p1 Neutral: mechanical count <5 and no holdings, so sentiment.py not triggered per Section 0 amendment; no overrides to mechanical p2-10 labels on review"
2026-08-13T07:19:52Z,2026-08-13 AM,HBAR,Neutral,Bearish,Bearish,Bullish,Neutral,Bullish,Neutral,Bullish,Bullish,Neutral,4,2,none,"p1 Neutral: mechanical count <5 and no holdings, so sentiment.py not triggered per Section 0 amendment; no overrides to mechanical p2-10 labels on review"
2026-08-13T07:19:52Z,2026-08-13 AM,SHIB,Neutral,Neutral,Neutral,Bullish,Neutral,Bullish,Neutral,Bullish,Bullish,Neutral,4,0,none,"p1 Neutral: mechanical count <5 and no holdings, so sentiment.py not triggered per Section 0 amendment; no overrides to mechanical p2-10 labels on review"
2026-08-13T07:19:52Z,2026-08-13 AM,PEPE,Neutral,Bearish,Bearish,Neutral,Neutral,Bullish,Neutral,Bullish,Bullish,Neutral,3,2,none,"p1 Neutral: mechanical count <5 and no holdings, so sentiment.py not triggered per Section 0 amendment; no overrides to mechanical p2-10 labels on review"
2026-08-13T07:19:52Z,2026-08-13 AM,PUMP,Neutral,Bearish,Neutral,Neutral,Bearish,Bullish,Bullish,Bullish,Bullish,Neutral,4,2,none,"p1 Neutral: mechanical count <5 and no holdings, so sentiment.py not triggered per Section 0 amendment; no overrides to mechanical p2-10 labels on review"
2026-08-13T07:19:52Z,2026-08-13 AM,TAO,Neutral,Bearish,Neutral,Neutral,Neutral,Bullish,Bullish,Bullish,Bullish,Neutral,4,1,none,"p1 Neutral: mechanical count <5 and no holdings, so sentiment.py not triggered per Section 0 amendment; no overrides to mechanical p2-10 labels on review"
2026-08-13T07:19:52Z,2026-08-13 AM,RENDER,Neutral,Bearish,Bearish,Neutral,Neutral,Bullish,Bearish,Bullish,Bullish,Neutral,3,3,none,"p1 Neutral: mechanical count <5 and no holdings, so sentiment.py not triggered per Section 0 amendment; no overrides to mechanical p2-10 labels on review"
2026-08-13T07:19:52Z,2026-08-13 AM,VIRTUAL,Bearish,Neutral,Neutral,Bullish,Neutral,Bullish,Bullish,Bullish,Bullish,Neutral,5,1,none,"sentiment.py run (mech 5/9): clear euphoria cluster this read (+200% breakout calls, 'flying to ATH', institutional/smart-money framing) plus narrative_change explicitly noting a shift toward a bullish rebound story -- broader-based enthusiasm than the single weak post flagged last PM. Contrarian Bearish."
2026-08-13T07:19:52Z,2026-08-13 AM,ARB,Neutral,Bearish,Bearish,Neutral,Neutral,Bullish,Neutral,Bullish,Bullish,Neutral,3,2,none,"p1 Neutral: mechanical count <5 and no holdings, so sentiment.py not triggered per Section 0 amendment; no overrides to mechanical p2-10 labels on review"
2026-08-13T07:19:52Z,2026-08-13 AM,FIL,Neutral,Bearish,Bearish,Neutral,Neutral,Bullish,Neutral,Bullish,Bullish,Neutral,3,2,none,"p1 Neutral: mechanical count <5 and no holdings, so sentiment.py not triggered per Section 0 amendment; no overrides to mechanical p2-10 labels on review"
2026-08-13T19:14:01Z,2026-08-13 PM,BTC,Neutral,Neutral,Neutral,Bullish,Neutral,Bullish,Bearish,Bullish,Bullish,Neutral,4,1,none,"p1 Neutral: mechanical count <5 and no holdings, so sentiment.py not triggered per Section 0 amendment; no overrides to mechanical p2-10 labels on review"
2026-08-13T19:14:01Z,2026-08-13 PM,ETH,Neutral,Neutral,Neutral,Bullish,Neutral,Bullish,Neutral,Bullish,Bullish,Neutral,4,0,none,"p1 Neutral: mechanical count <5 and no holdings, so sentiment.py not triggered per Section 0 amendment; no overrides to mechanical p2-10 labels on review"
2026-08-13T19:14:01Z,2026-08-13 PM,BNB,Neutral,Neutral,Bullish,Neutral,Neutral,Bullish,Neutral,Bullish,Bullish,Neutral,4,0,none,"p1 Neutral: mechanical count <5 and no holdings, so sentiment.py not triggered per Section 0 amendment; no overrides to mechanical p2-10 labels on review"
2026-08-13T19:14:01Z,2026-08-13 PM,XRP,Neutral,Bearish,Bearish,Neutral,Neutral,Bullish,Bearish,Bullish,Bullish,Neutral,3,3,none,"p1 Neutral: mechanical count <5 and no holdings, so sentiment.py not triggered per Section 0 amendment; no overrides to mechanical p2-10 labels on review"
2026-08-13T19:14:01Z,2026-08-13 PM,SOL,Neutral,Neutral,Neutral,Bullish,Neutral,Bullish,Bullish,Bullish,Bullish,Neutral,5,0,none,"sentiment.py run (mech 5/9): flat interest, no euphoria/capitulation markers -- narrative is ecosystem event/airdrop chatter (Summer House event, validator decentralization), not crowd conviction on SOL price. Neutral."
2026-08-13T19:14:01Z,2026-08-13 PM,TRX,Neutral,Bullish,Bullish,Neutral,Neutral,Bullish,Bullish,Bullish,Bullish,Neutral,6,0,held,"sentiment.py run (mech 6/9, held position): interest flat, no euphoria/capitulation markers -- narrative is two-sided TA chatter (bullish triangle breakout watch vs a short call citing rising supply), same mixed pattern flagged AM. Neutral, not contrarian-fade."
2026-08-13T19:14:01Z,2026-08-13 PM,DOGE,Neutral,Bearish,Neutral,Neutral,Neutral,Bullish,Bullish,Bullish,Bullish,Neutral,4,1,none,"p1 Neutral: mechanical count <5 and no holdings, so sentiment.py not triggered per Section 0 amendment; no overrides to mechanical p2-10 labels on review"
2026-08-13T19:14:01Z,2026-08-13 PM,ZEC,Neutral,Bullish,Neutral,Bullish,Neutral,Bullish,Bearish,Bullish,Bullish,Neutral,5,1,none,"sentiment.py run (mech 5/9): flat interest, no euphoria/capitulation markers, scattered low-engagement chatter (multi-coin trade lists, cross-chain bridge note, unrelated coin question). No signal either direction. Neutral."
2026-08-13T19:14:01Z,2026-08-13 PM,ADA,Neutral,Neutral,Neutral,Bullish,Neutral,Bullish,Neutral,Bullish,Bullish,Neutral,4,0,none,"p1 Neutral: mechanical count <5 and no holdings, so sentiment.py not triggered per Section 0 amendment; no overrides to mechanical p2-10 labels on review"
2026-08-13T19:14:01Z,2026-08-13 PM,LINK,Neutral,Neutral,Bullish,Neutral,Neutral,Bullish,Neutral,Bullish,Bullish,Neutral,4,0,none,"p1 Neutral: mechanical count <5 and no holdings, so sentiment.py not triggered per Section 0 amendment; no overrides to mechanical p2-10 labels on review"
2026-08-13T19:14:01Z,2026-08-13 PM,UNI,Neutral,Neutral,Bearish,Bullish,Neutral,Bullish,Neutral,Bullish,Bullish,Neutral,4,1,none,"p1 Neutral: mechanical count <5 and no holdings, so sentiment.py not triggered per Section 0 amendment; no overrides to mechanical p2-10 labels on review"
2026-08-13T19:14:01Z,2026-08-13 PM,AAVE,Neutral,Bearish,Bearish,Bullish,Neutral,Bullish,Neutral,Bullish,Bullish,Neutral,4,2,none,"p1 Neutral: mechanical count <5 and no holdings, so sentiment.py not triggered per Section 0 amendment; no overrides to mechanical p2-10 labels on review"
2026-08-13T19:14:01Z,2026-08-13 PM,ENA,Neutral,Neutral,Neutral,Bullish,Neutral,Bullish,Neutral,Bullish,Bullish,Neutral,4,0,none,"p1 Neutral: mechanical count <5 and no holdings, so sentiment.py not triggered per Section 0 amendment; no overrides to mechanical p2-10 labels on review"
2026-08-13T19:14:01Z,2026-08-13 PM,MORPHO,Neutral,Neutral,Neutral,Neutral,Neutral,Bullish,Neutral,Bullish,Bullish,Neutral,3,0,none,"p1 Neutral: mechanical count <5 and no holdings, so sentiment.py not triggered per Section 0 amendment; no overrides to mechanical p2-10 labels on review"
2026-08-13T19:14:01Z,2026-08-13 PM,ONDO,Neutral,Neutral,Bearish,Bullish,Neutral,Bullish,Neutral,Bullish,Bullish,Neutral,4,1,none,"p1 Neutral: mechanical count <5 and no holdings, so sentiment.py not triggered per Section 0 amendment; no overrides to mechanical p2-10 labels on review"
2026-08-13T19:14:01Z,2026-08-13 PM,ETHFI,Neutral,Neutral,Bullish,Neutral,Bullish,Bullish,Bullish,Bullish,Bullish,Neutral,6,0,none,"sentiment.py run (mech 6/9, first check -- new to arming range): genuinely mixed -- euphoria markers (10x year-end price target, governance-vote voting incentive) alongside capitulation markers (poop-emoji price complaints, a short signal) on the same read window. No one-sided crowd extreme. Neutral."
2026-08-13T19:14:01Z,2026-08-13 PM,CAKE,Neutral,Neutral,Neutral,Bullish,Neutral,Bullish,Bullish,Bullish,Bullish,Neutral,5,0,none,"sentiment.py run (mech 5/9): interest falling, no euphoria/capitulation markers, isolated low-engagement mentions (cross-asset comparison, off-topic cake jokes). Neutral."
2026-08-13T19:14:01Z,2026-08-13 PM,JUP,Neutral,Bearish,Bearish,Bullish,Neutral,Bullish,Bearish,Bullish,Bullish,Neutral,4,3,none,"p1 Neutral: mechanical count <5 and no holdings, so sentiment.py not triggered per Section 0 amendment; no overrides to mechanical p2-10 labels on review"
2026-08-13T19:14:01Z,2026-08-13 PM,LTC,Neutral,Bearish,Neutral,Bullish,Neutral,Bullish,Neutral,Bullish,Bullish,Neutral,4,1,none,"p1 Neutral: mechanical count <5 and no holdings, so sentiment.py not triggered per Section 0 amendment; no overrides to mechanical p2-10 labels on review"
2026-08-13T19:14:01Z,2026-08-13 PM,BCH,Neutral,Bearish,Bearish,Bullish,Neutral,Bullish,Neutral,Bullish,Bullish,Neutral,4,2,none,"p1 Neutral: mechanical count <5 and no holdings, so sentiment.py not triggered per Section 0 amendment; no overrides to mechanical p2-10 labels on review"
2026-08-13T19:14:01Z,2026-08-13 PM,XLM,Neutral,Bearish,Bearish,Bullish,Neutral,Bullish,Neutral,Bullish,Bullish,Neutral,4,2,none,"p1 Neutral: mechanical count <5 and no holdings, so sentiment.py not triggered per Section 0 amendment; no overrides to mechanical p2-10 labels on review"
2026-08-13T19:14:01Z,2026-08-13 PM,HBAR,Neutral,Bearish,Bearish,Bullish,Neutral,Bullish,Neutral,Bullish,Bullish,Neutral,4,2,none,"p1 Neutral: mechanical count <5 and no holdings, so sentiment.py not triggered per Section 0 amendment; no overrides to mechanical p2-10 labels on review"
2026-08-13T19:14:01Z,2026-08-13 PM,SHIB,Neutral,Neutral,Neutral,Bullish,Neutral,Bullish,Neutral,Bullish,Bullish,Neutral,4,0,none,"p1 Neutral: mechanical count <5 and no holdings, so sentiment.py not triggered per Section 0 amendment; no overrides to mechanical p2-10 labels on review"
2026-08-13T19:14:01Z,2026-08-13 PM,PEPE,Neutral,Bearish,Bearish,Neutral,Neutral,Bullish,Neutral,Bullish,Bullish,Neutral,3,2,none,"p1 Neutral: mechanical count <5 and no holdings, so sentiment.py not triggered per Section 0 amendment; no overrides to mechanical p2-10 labels on review"
2026-08-13T19:14:01Z,2026-08-13 PM,PUMP,Neutral,Bearish,Neutral,Neutral,Neutral,Bullish,Bullish,Bullish,Bullish,Neutral,4,1,none,"p1 Neutral: mechanical count <5 and no holdings, so sentiment.py not triggered per Section 0 amendment; no overrides to mechanical p2-10 labels on review"
2026-08-13T19:14:01Z,2026-08-13 PM,TAO,Neutral,Neutral,Neutral,Neutral,Neutral,Bullish,Bullish,Bullish,Bullish,Neutral,4,0,none,"p1 Neutral: mechanical count <5 and no holdings, so sentiment.py not triggered per Section 0 amendment; no overrides to mechanical p2-10 labels on review"
2026-08-13T19:14:01Z,2026-08-13 PM,RENDER,Neutral,Bearish,Bearish,Bullish,Neutral,Bullish,Bearish,Bullish,Bullish,Neutral,4,3,none,"p1 Neutral: mechanical count <5 and no holdings, so sentiment.py not triggered per Section 0 amendment; no overrides to mechanical p2-10 labels on review"
2026-08-13T19:14:01Z,2026-08-13 PM,VIRTUAL,Neutral,Neutral,Neutral,Bullish,Neutral,Bullish,Bullish,Bullish,Bullish,Neutral,5,0,none,"sentiment.py run (mech 5/9): euphoria cluster from AM (breakout/ATH calls) has died down -- this read shows only scattered whale-buy, meme-contest, and routine signal chatter, no broad enthusiasm or capitulation. Neutral, de-escalated from AM's contrarian Bearish."
2026-08-13T19:14:01Z,2026-08-13 PM,ARB,Neutral,Bearish,Bearish,Neutral,Neutral,Bullish,Neutral,Bullish,Bullish,Neutral,3,2,none,"p1 Neutral: mechanical count <5 and no holdings, so sentiment.py not triggered per Section 0 amendment; no overrides to mechanical p2-10 labels on review"
2026-08-13T19:14:01Z,2026-08-13 PM,FIL,Neutral,Bearish,Bearish,Neutral,Neutral,Bullish,Neutral,Bullish,Bullish,Neutral,3,2,none,"p1 Neutral: mechanical count <5 and no holdings, so sentiment.py not triggered per Section 0 amendment; no overrides to mechanical p2-10 labels on review"
2026-08-14T07:29:54.743017+00:00,2026-08-14 AM,BTC,Neutral,Bearish,Bearish,Bullish,Neutral,Bullish,Bearish,Bullish,Bullish,Neutral,4,3,none,"p1 Neutral: mechanical count <5 and no holdings, so sentiment.py not triggered per Section 0 amendment; no overrides to mechanical p2-10 labels on review"
2026-08-14T07:29:54.743017+00:00,2026-08-14 AM,ETH,Neutral,Neutral,Neutral,Bullish,Neutral,Bullish,Neutral,Bullish,Bullish,Neutral,4,0,none,"p1 Neutral: mechanical count <5 and no holdings, so sentiment.py not triggered per Section 0 amendment; no overrides to mechanical p2-10 labels on review"
2026-08-14T07:29:54.743017+00:00,2026-08-14 AM,BNB,Neutral,Neutral,Bullish,Neutral,Neutral,Bullish,Neutral,Bullish,Bullish,Neutral,4,0,none,"p1 Neutral: mechanical count <5 and no holdings, so sentiment.py not triggered per Section 0 amendment; no overrides to mechanical p2-10 labels on review"
2026-08-14T07:29:54.743017+00:00,2026-08-14 AM,XRP,Neutral,Bearish,Bearish,Bullish,Neutral,Bullish,Bearish,Bullish,Bullish,Neutral,4,3,none,"p1 Neutral: mechanical count <5 and no holdings, so sentiment.py not triggered per Section 0 amendment; no overrides to mechanical p2-10 labels on review"
2026-08-14T07:29:54.743017+00:00,2026-08-14 AM,SOL,Neutral,Bearish,Neutral,Bullish,Neutral,Bullish,Bullish,Bullish,Bullish,Neutral,5,1,none,"sentiment.py run (mech 5/9): flat interest, no euphoria/capitulation markers on SOL itself -- dominant chatter is Solana-ecosystem memecoin/airdrop noise (unrelated token multiples, drop-your-address bait), not crowd conviction on SOL price. Neutral."
2026-08-14T07:29:54.743017+00:00,2026-08-14 AM,TRX,Neutral,Bullish,Bullish,Neutral,Neutral,Bullish,Bullish,Bullish,Bullish,Neutral,6,0,held,"sentiment.py run (mech 6/9, held position): flat interest, no euphoria/capitulation markers -- narrative is the same two-sided bullish TA chatter (triangle breakout watch, buyers in control, weekly uptrend intact) seen in recent reads, no crowd extreme either way. Neutral."
2026-08-14T07:29:54.743017+00:00,2026-08-14 AM,DOGE,Neutral,Bearish,Neutral,Neutral,Neutral,Bullish,Bullish,Bullish,Bullish,Neutral,4,1,none,"p1 Neutral: mechanical count <5 and no holdings, so sentiment.py not triggered per Section 0 amendment; no overrides to mechanical p2-10 labels on review"
2026-08-14T07:29:54.743017+00:00,2026-08-14 AM,ZEC,Neutral,Bullish,Neutral,Bullish,Neutral,Bullish,Neutral,Bullish,Bullish,Neutral,5,0,none,"sentiment.py run (mech 5/9): flat interest; euphoria-flavored language present (price targets w/ rocket emoji, 'whales scooping', 'quiet comeback') but framed as accumulation/technical-breakout commentary rather than broad euphoric participation, and interest itself isn't rising. Neutral, consistent with prior thin-signal reads."
2026-08-14T07:29:54.743017+00:00,2026-08-14 AM,ADA,Neutral,Neutral,Neutral,Bullish,Neutral,Bullish,Neutral,Bullish,Bullish,Neutral,4,0,none,"p1 Neutral: mechanical count <5 and no holdings, so sentiment.py not triggered per Section 0 amendment; no overrides to mechanical p2-10 labels on review"
2026-08-14T07:29:54.743017+00:00,2026-08-14 AM,LINK,Neutral,Neutral,Bullish,Neutral,Bearish,Bullish,Neutral,Bullish,Bullish,Neutral,4,1,none,"p1 Neutral: mechanical count <5 and no holdings, so sentiment.py not triggered per Section 0 amendment; no overrides to mechanical p2-10 labels on review"
2026-08-14T07:29:54.743017+00:00,2026-08-14 AM,UNI,Neutral,Neutral,Bearish,Bullish,Neutral,Bullish,Neutral,Bullish,Bullish,Neutral,4,1,none,"p1 Neutral: mechanical count <5 and no holdings, so sentiment.py not triggered per Section 0 amendment; no overrides to mechanical p2-10 labels on review"
2026-08-14T07:29:54.743017+00:00,2026-08-14 AM,AAVE,Neutral,Bearish,Bearish,Bullish,Neutral,Bullish,Neutral,Bullish,Bullish,Neutral,4,2,none,"p1 Neutral: mechanical count <5 and no holdings, so sentiment.py not triggered per Section 0 amendment; no overrides to mechanical p2-10 labels on review"
2026-08-14T07:29:54.743017+00:00,2026-08-14 AM,ENA,Neutral,Neutral,Neutral,Bullish,Neutral,Bullish,Neutral,Bullish,Bullish,Neutral,4,0,none,"p1 Neutral: mechanical count <5 and no holdings, so sentiment.py not triggered per Section 0 amendment; no overrides to mechanical p2-10 labels on review"
2026-08-14T07:29:54.743017+00:00,2026-08-14 AM,MORPHO,Neutral,Neutral,Neutral,Bullish,Neutral,Bullish,Neutral,Bullish,Bullish,Neutral,4,0,none,"p1 Neutral: mechanical count <5 and no holdings, so sentiment.py not triggered per Section 0 amendment; no overrides to mechanical p2-10 labels on review"
2026-08-14T07:29:54.743017+00:00,2026-08-14 AM,ONDO,Neutral,Neutral,Bearish,Bullish,Neutral,Bullish,Bearish,Bullish,Bullish,Neutral,4,2,none,"p1 Neutral: mechanical count <5 and no holdings, so sentiment.py not triggered per Section 0 amendment; no overrides to mechanical p2-10 labels on review"
2026-08-14T07:29:54.743017+00:00,2026-08-14 AM,ETHFI,Bearish,Neutral,Bullish,Neutral,Neutral,Bullish,Bullish,Bullish,Bullish,Neutral,5,1,none,"sentiment.py run (mech 5/9): rising interest, multiple euphoria markers (+13-16% surge highlights, 'aping in' with six figures, neobank hype) plus an explicit narrative_change to a full-DeFi-neobank story -- genuine one-sided crowd enthusiasm, no offsetting capitulation this read. Contrarian Bearish."
2026-08-14T07:29:54.743017+00:00,2026-08-14 AM,CAKE,Neutral,Neutral,Neutral,Bullish,Neutral,Bullish,Bullish,Bullish,Bullish,Neutral,5,0,none,"sentiment.py run (mech 5/9): flat interest, genuinely mixed -- euphoria markers (breakout-past-$2 chatter, burn praise) alongside capitulation markers (buyers waiting for a dip to $1.20-1.35) in the same window. Neutral."
2026-08-14T07:29:54.743017+00:00,2026-08-14 AM,JUP,Neutral,Bearish,Bearish,Bullish,Neutral,Bullish,Neutral,Bullish,Bullish,Neutral,4,2,none,"p1 Neutral: mechanical count <5 and no holdings, so sentiment.py not triggered per Section 0 amendment; no overrides to mechanical p2-10 labels on review"
2026-08-14T07:29:54.743017+00:00,2026-08-14 AM,LTC,Neutral,Bearish,Neutral,Bullish,Neutral,Bullish,Neutral,Bullish,Bullish,Neutral,4,1,none,"p1 Neutral: mechanical count <5 and no holdings, so sentiment.py not triggered per Section 0 amendment; no overrides to mechanical p2-10 labels on review"
2026-08-14T07:29:54.743017+00:00,2026-08-14 AM,BCH,Neutral,Bearish,Bearish,Bullish,Neutral,Bullish,Bearish,Bullish,Bullish,Neutral,4,3,none,"p1 Neutral: mechanical count <5 and no holdings, so sentiment.py not triggered per Section 0 amendment; no overrides to mechanical p2-10 labels on review"
2026-08-14T07:29:54.743017+00:00,2026-08-14 AM,XLM,Neutral,Bearish,Bearish,Bullish,Neutral,Bullish,Neutral,Bullish,Bullish,Neutral,4,2,none,"p1 Neutral: mechanical count <5 and no holdings, so sentiment.py not triggered per Section 0 amendment; no overrides to mechanical p2-10 labels on review"
2026-08-14T07:29:54.743017+00:00,2026-08-14 AM,HBAR,Neutral,Bearish,Bearish,Bullish,Neutral,Bullish,Neutral,Bullish,Bullish,Neutral,4,2,none,"p1 Neutral: mechanical count <5 and no holdings, so sentiment.py not triggered per Section 0 amendment; no overrides to mechanical p2-10 labels on review"
2026-08-14T07:29:54.743017+00:00,2026-08-14 AM,SHIB,Neutral,Neutral,Neutral,Bullish,Neutral,Bullish,Neutral,Bullish,Bullish,Neutral,4,0,none,"p1 Neutral: mechanical count <5 and no holdings, so sentiment.py not triggered per Section 0 amendment; no overrides to mechanical p2-10 labels on review"
2026-08-14T07:29:54.743017+00:00,2026-08-14 AM,PEPE,Neutral,Bearish,Bearish,Neutral,Neutral,Bullish,Neutral,Bullish,Bullish,Neutral,3,2,none,"p1 Neutral: mechanical count <5 and no holdings, so sentiment.py not triggered per Section 0 amendment; no overrides to mechanical p2-10 labels on review"
2026-08-14T07:29:54.743017+00:00,2026-08-14 AM,PUMP,Neutral,Bearish,Neutral,Bullish,Bearish,Bullish,Bullish,Bullish,Bullish,Neutral,5,2,none,"sentiment.py run (mech 5/9): flat interest, no euphoria/capitulation markers -- narrative is routine fee/burn metrics and listing-vote chatter. Neutral. (Moot -- entry_blocked red flag regardless.)"
2026-08-14T07:29:54.743017+00:00,2026-08-14 AM,TAO,Neutral,Bearish,Neutral,Neutral,Neutral,Bullish,Bullish,Bullish,Bullish,Neutral,4,1,none,"p1 Neutral: mechanical count <5 and no holdings, so sentiment.py not triggered per Section 0 amendment; no overrides to mechanical p2-10 labels on review"
2026-08-14T07:29:54.743017+00:00,2026-08-14 AM,RENDER,Neutral,Bearish,Bearish,Bullish,Neutral,Bullish,Neutral,Bullish,Bullish,Neutral,4,2,none,"p1 Neutral: mechanical count <5 and no holdings, so sentiment.py not triggered per Section 0 amendment; no overrides to mechanical p2-10 labels on review"
2026-08-14T07:29:54.743017+00:00,2026-08-14 AM,VIRTUAL,Bearish,Bearish,Neutral,Bullish,Neutral,Bullish,Bullish,Bullish,Bullish,Neutral,5,2,none,"sentiment.py run (mech 5/9): rising interest with a euphoria cluster (price targets $1.01/$4+, breakout-from-accumulation calls, 'smart money stepping up' framing, volume-surge hype) -- one-sided crowd conviction building again after AM 08-13's flagged episode. Contrarian Bearish."
2026-08-14T07:29:54.743017+00:00,2026-08-14 AM,ARB,Neutral,Bearish,Bearish,Neutral,Neutral,Bullish,Neutral,Bullish,Bullish,Neutral,3,2,none,"p1 Neutral: mechanical count <5 and no holdings, so sentiment.py not triggered per Section 0 amendment; no overrides to mechanical p2-10 labels on review"
2026-08-14T07:29:54.743017+00:00,2026-08-14 AM,FIL,Neutral,Bearish,Bearish,Neutral,Neutral,Bullish,Bearish,Bullish,Bullish,Neutral,3,3,none,"p1 Neutral: mechanical count <5 and no holdings, so sentiment.py not triggered per Section 0 amendment; no overrides to mechanical p2-10 labels on review"
2026-08-14T19:11:14.759535Z,2026-08-14 PM,BTC,Neutral,Bearish,Bearish,Bullish,Neutral,Bullish,Bearish,Bullish,Bullish,Neutral,4,3,none,"p1 Neutral: mechanical count <5 and no holdings, so sentiment.py not triggered per Section 0 amendment; no overrides to mechanical p2-10 labels on review"
2026-08-14T19:11:14.759535Z,2026-08-14 PM,ETH,Neutral,Neutral,Neutral,Bullish,Neutral,Bullish,Bearish,Bullish,Bullish,Neutral,4,1,none,"p1 Neutral: mechanical count <5 and no holdings, so sentiment.py not triggered per Section 0 amendment; no overrides to mechanical p2-10 labels on review"
2026-08-14T19:11:14.759535Z,2026-08-14 PM,BNB,Neutral,Neutral,Bullish,Neutral,Neutral,Bullish,Neutral,Bullish,Bullish,Neutral,4,0,none,"p1 Neutral: mechanical count <5 and no holdings, so sentiment.py not triggered per Section 0 amendment; no overrides to mechanical p2-10 labels on review"
2026-08-14T19:11:14.759535Z,2026-08-14 PM,XRP,Neutral,Bearish,Bearish,Neutral,Neutral,Bullish,Bearish,Bullish,Bullish,Neutral,3,3,none,"p1 Neutral: mechanical count <5 and no holdings, so sentiment.py not triggered per Section 0 amendment; no overrides to mechanical p2-10 labels on review"
2026-08-14T19:11:14.759535Z,2026-08-14 PM,SOL,Neutral,Bearish,Neutral,Neutral,Neutral,Bullish,Bullish,Bullish,Bullish,Neutral,4,1,none,"p1 Neutral: mechanical count <5 and no holdings, so sentiment.py not triggered per Section 0 amendment; no overrides to mechanical p2-10 labels on review"
2026-08-14T19:11:14.759535Z,2026-08-14 PM,TRX,Neutral,Bullish,Bullish,Neutral,Neutral,Bullish,Bullish,Bullish,Bullish,Neutral,6,0,held,"sentiment.py run (mech 6/9, held position): flat interest, no euphoria/capitulation markers -- narrative is steady TRON utility/revenue chatter (triangle breakout watch, whale activity, resilience noted), no crowd extreme either way. Neutral."
2026-08-14T19:11:14.759535Z,2026-08-14 PM,DOGE,Neutral,Bearish,Bearish,Neutral,Neutral,Bullish,Bearish,Bullish,Bullish,Neutral,3,3,none,"p1 Neutral: mechanical count <5 and no holdings, so sentiment.py not triggered per Section 0 amendment; no overrides to mechanical p2-10 labels on review"
2026-08-14T19:11:14.759535Z,2026-08-14 PM,ZEC,Neutral,Bullish,Neutral,Bullish,Neutral,Bullish,Neutral,Bullish,Bullish,Neutral,5,0,none,"sentiment.py run (mech 5/9): flat interest, no euphoria/capitulation markers -- narrative is privacy-shielding flows and technical levels with a mild 'quiet comeback' framing, consistent with prior thin-signal reads. Neutral."
2026-08-14T19:11:14.759535Z,2026-08-14 PM,ADA,Neutral,Neutral,Neutral,Bullish,Neutral,Bullish,Neutral,Bullish,Bullish,Neutral,4,0,none,"p1 Neutral: mechanical count <5 and no holdings, so sentiment.py not triggered per Section 0 amendment; no overrides to mechanical p2-10 labels on review"
2026-08-14T19:11:14.759535Z,2026-08-14 PM,LINK,Bearish,Neutral,Bullish,Neutral,Neutral,Bullish,Bullish,Bullish,Bullish,Neutral,5,1,none,"sentiment.py run (mech 5/9): flat interest but a fresh one-sided euphoria cluster -- Standard Chartered's $200-by-2030 target, 'bull market time for LINK', 'generational entries', 'if not in your bag can't trust you' -- with only a single dissenting voice (inflation complaint) as counterweight. Contrarian Bearish."
2026-08-14T19:11:14.759535Z,2026-08-14 PM,UNI,Neutral,Bearish,Bearish,Bullish,Neutral,Bullish,Neutral,Bullish,Bullish,Neutral,4,2,none,"p1 Neutral: mechanical count <5 and no holdings, so sentiment.py not triggered per Section 0 amendment; no overrides to mechanical p2-10 labels on review"
2026-08-14T19:11:14.759535Z,2026-08-14 PM,AAVE,Neutral,Bearish,Bearish,Bullish,Neutral,Bullish,Neutral,Bullish,Bullish,Neutral,4,2,none,"p1 Neutral: mechanical count <5 and no holdings, so sentiment.py not triggered per Section 0 amendment; no overrides to mechanical p2-10 labels on review"
2026-08-14T19:11:14.759535Z,2026-08-14 PM,ENA,Neutral,Neutral,Neutral,Bullish,Neutral,Bullish,Neutral,Bullish,Bullish,Neutral,4,0,none,"p1 Neutral: mechanical count <5 and no holdings, so sentiment.py not triggered per Section 0 amendment; no overrides to mechanical p2-10 labels on review"
2026-08-14T19:11:14.759535Z,2026-08-14 PM,MORPHO,Neutral,Neutral,Neutral,Neutral,Neutral,Bullish,Neutral,Bullish,Bullish,Neutral,3,0,none,"p1 Neutral: mechanical count <5 and no holdings, so sentiment.py not triggered per Section 0 amendment; no overrides to mechanical p2-10 labels on review"
2026-08-14T19:11:14.759535Z,2026-08-14 PM,ONDO,Neutral,Neutral,Bearish,Bullish,Neutral,Bullish,Neutral,Bullish,Bullish,Neutral,4,1,none,"p1 Neutral: mechanical count <5 and no holdings, so sentiment.py not triggered per Section 0 amendment; no overrides to mechanical p2-10 labels on review"
2026-08-14T19:11:14.759535Z,2026-08-14 PM,ETHFI,Neutral,Neutral,Bullish,Neutral,Bearish,Bullish,Bullish,Bullish,Bullish,Neutral,5,1,none,"sentiment.py run (mech 5/9): interest cooled to flat from AM's rising read, no euphoria markers this pass (AM's surge-highlight/aping-in cluster has died down) -- narrative is routine product news (Aave V4 integration, buybacks). Neutral, de-escalated from AM's contrarian Bearish."
2026-08-14T19:11:14.759535Z,2026-08-14 PM,CAKE,Neutral,Neutral,Neutral,Bullish,Neutral,Bullish,Bullish,Bullish,Bullish,Neutral,5,0,none,"sentiment.py run (mech 5/9): flat interest, no euphoria/capitulation markers -- narrative is the same deflationary-burn/buyback thread seen in recent reads. Neutral."
2026-08-14T19:11:14.759535Z,2026-08-14 PM,JUP,Neutral,Bearish,Bearish,Bullish,Neutral,Bullish,Bearish,Bullish,Bullish,Neutral,4,3,none,"p1 Neutral: mechanical count <5 and no holdings, so sentiment.py not triggered per Section 0 amendment; no overrides to mechanical p2-10 labels on review"
2026-08-14T19:11:14.759535Z,2026-08-14 PM,LTC,Neutral,Bearish,Bearish,Bullish,Neutral,Bullish,Neutral,Bullish,Bullish,Neutral,4,2,none,"p1 Neutral: mechanical count <5 and no holdings, so sentiment.py not triggered per Section 0 amendment; no overrides to mechanical p2-10 labels on review"
2026-08-14T19:11:14.759535Z,2026-08-14 PM,BCH,Neutral,Bearish,Bearish,Bullish,Neutral,Bullish,Bearish,Bullish,Bullish,Neutral,4,3,none,"p1 Neutral: mechanical count <5 and no holdings, so sentiment.py not triggered per Section 0 amendment; no overrides to mechanical p2-10 labels on review"
2026-08-14T19:11:14.759535Z,2026-08-14 PM,XLM,Neutral,Bearish,Bearish,Bullish,Neutral,Bullish,Neutral,Bullish,Bullish,Neutral,4,2,none,"p1 Neutral: mechanical count <5 and no holdings, so sentiment.py not triggered per Section 0 amendment; no overrides to mechanical p2-10 labels on review"
2026-08-14T19:11:14.759535Z,2026-08-14 PM,HBAR,Neutral,Bearish,Bearish,Bullish,Neutral,Bullish,Neutral,Bullish,Bullish,Neutral,4,2,none,"p1 Neutral: mechanical count <5 and no holdings, so sentiment.py not triggered per Section 0 amendment; no overrides to mechanical p2-10 labels on review"
2026-08-14T19:11:14.759535Z,2026-08-14 PM,SHIB,Neutral,Neutral,Neutral,Bullish,Neutral,Bullish,Neutral,Bullish,Bullish,Neutral,4,0,none,"p1 Neutral: mechanical count <5 and no holdings, so sentiment.py not triggered per Section 0 amendment; no overrides to mechanical p2-10 labels on review"
2026-08-14T19:11:14.759535Z,2026-08-14 PM,PEPE,Neutral,Bearish,Bearish,Neutral,Neutral,Bullish,Neutral,Bullish,Bullish,Neutral,3,2,none,"p1 Neutral: mechanical count <5 and no holdings, so sentiment.py not triggered per Section 0 amendment; no overrides to mechanical p2-10 labels on review"
2026-08-14T19:11:14.759535Z,2026-08-14 PM,PUMP,Neutral,Bearish,Bullish,Bullish,Neutral,Bullish,Bullish,Bullish,Bullish,Neutral,6,1,none,"sentiment.py run (mech 6/9): genuinely mixed -- euphoria markers (price targets, rocket-emoji gainers, 'flipping HYPE revenue', room-to-run framing) offset by capitulation markers (bearish-structure warnings, weak-handed holders called out). Neutral, no one-sided crowd extreme. (Moot -- entry_blocked red flag regardless.)"
2026-08-14T19:11:14.759535Z,2026-08-14 PM,TAO,Neutral,Bearish,Neutral,Neutral,Neutral,Bullish,Bullish,Bullish,Bullish,Neutral,4,1,none,"p1 Neutral: mechanical count <5 and no holdings, so sentiment.py not triggered per Section 0 amendment; no overrides to mechanical p2-10 labels on review"
2026-08-14T19:11:14.759535Z,2026-08-14 PM,RENDER,Neutral,Bearish,Bearish,Bullish,Neutral,Bullish,Neutral,Bullish,Bullish,Neutral,4,2,none,"p1 Neutral: mechanical count <5 and no holdings, so sentiment.py not triggered per Section 0 amendment; no overrides to mechanical p2-10 labels on review"
2026-08-14T19:11:14.759535Z,2026-08-14 PM,VIRTUAL,Neutral,Bearish,Neutral,Bullish,Neutral,Bullish,Bullish,Bullish,Bullish,Neutral,5,1,none,"sentiment.py run (mech 5/9): interest falling, capitulation-leaning markers (poor 90-day performance, fake-airdrop scam spam) but no held thesis to read 'capitulation while intact' as Bullish -- narrative shifted from breakout optimism to caution/scam warnings. Neutral, not a crowd extreme either direction."
2026-08-14T19:11:14.759535Z,2026-08-14 PM,ARB,Neutral,Bearish,Bearish,Neutral,Neutral,Bullish,Neutral,Bullish,Bullish,Neutral,3,2,none,"p1 Neutral: mechanical count <5 and no holdings, so sentiment.py not triggered per Section 0 amendment; no overrides to mechanical p2-10 labels on review"
2026-08-14T19:11:14.759535Z,2026-08-14 PM,FIL,Neutral,Bearish,Bearish,Neutral,Neutral,Bullish,Neutral,Bullish,Bullish,Neutral,3,2,none,"p1 Neutral: mechanical count <5 and no holdings, so sentiment.py not triggered per Section 0 amendment; no overrides to mechanical p2-10 labels on review"
2026-08-15T07:09:45.495436Z,2026-08-15 AM,BTC,Neutral,Bearish,Bearish,Bullish,Neutral,Bullish,Bearish,Bullish,Bullish,Neutral,4,3,none,"p1 Neutral: mechanical count <5 and no holdings, so sentiment.py not triggered per Section 0 amendment; no overrides to mechanical p2-10 labels on review"
2026-08-15T07:09:45.495436Z,2026-08-15 AM,ETH,Neutral,Neutral,Neutral,Bullish,Neutral,Bullish,Bearish,Bullish,Bullish,Neutral,4,1,none,"p1 Neutral: mechanical count <5 and no holdings, so sentiment.py not triggered per Section 0 amendment; no overrides to mechanical p2-10 labels on review"
2026-08-15T07:09:45.495436Z,2026-08-15 AM,BNB,Neutral,Neutral,Bullish,Neutral,Neutral,Bullish,Neutral,Bullish,Bullish,Neutral,4,0,none,"p1 Neutral: mechanical count <5 and no holdings, so sentiment.py not triggered per Section 0 amendment; no overrides to mechanical p2-10 labels on review"
2026-08-15T07:09:45.495436Z,2026-08-15 AM,XRP,Neutral,Bearish,Bearish,Bullish,Neutral,Bullish,Bearish,Bullish,Bullish,Neutral,4,3,none,"p1 Neutral: mechanical count <5 and no holdings, so sentiment.py not triggered per Section 0 amendment; no overrides to mechanical p2-10 labels on review"
2026-08-15T07:09:45.495436Z,2026-08-15 AM,SOL,Neutral,Bearish,Neutral,Bullish,Neutral,Bullish,Bearish,Bullish,Bullish,Neutral,4,2,none,"p1 Neutral: mechanical count <5 and no holdings, so sentiment.py not triggered per Section 0 amendment; no overrides to mechanical p2-10 labels on review"
2026-08-15T07:09:45.495436Z,2026-08-15 AM,TRX,Neutral,Bullish,Bullish,Neutral,Neutral,Bullish,Bullish,Bullish,Bullish,Neutral,6,0,held,"sentiment.py run (mech 6/9, held position): flat interest, no euphoria/capitulation markers -- narrative is technical-breakout chatter (triangle breakout, $0.34/$0.3775 targets) plus routine JustLend DeFi utility mentions, no crowd extreme either way. Neutral."
2026-08-15T07:09:45.495436Z,2026-08-15 AM,DOGE,Neutral,Bearish,Neutral,Neutral,Neutral,Bullish,Bearish,Bullish,Bullish,Neutral,3,2,none,"p1 Neutral: mechanical count <5 and no holdings, so sentiment.py not triggered per Section 0 amendment; no overrides to mechanical p2-10 labels on review"
2026-08-15T07:09:45.495436Z,2026-08-15 AM,ZEC,Bearish,Bullish,Neutral,Bullish,Neutral,Bullish,Neutral,Bullish,Bullish,Neutral,5,1,none,"sentiment.py run (mech 5/9): euphoria markers dominate (rocket emojis, 'apex is near', 'sharp move up', 'to the moon') against a single short-sell dissent -- lopsided one-sided-euphoria framing despite the flat interest-trend metric. Contrarian Bearish."
2026-08-15T07:09:45.495436Z,2026-08-15 AM,ADA,Neutral,Neutral,Neutral,Bullish,Neutral,Bullish,Neutral,Bullish,Bullish,Neutral,4,0,none,"p1 Neutral: mechanical count <5 and no holdings, so sentiment.py not triggered per Section 0 amendment; no overrides to mechanical p2-10 labels on review"
2026-08-15T07:09:45.495436Z,2026-08-15 AM,LINK,Neutral,Neutral,Neutral,Neutral,Bullish,Bullish,Bullish,Bullish,Bullish,Neutral,5,0,none,"sentiment.py run (mech 5/9): flat interest, no euphoria or capitulation markers this pass -- narrative shifted from AM/PM's price-target hype cluster to concrete regulatory engagement (White House summit invite) and value-accrual mechanics (strategic reserve buying, supply reduction). Neutral, de-escalated from prior contrarian Bearish."
2026-08-15T07:09:45.495436Z,2026-08-15 AM,UNI,Neutral,Bearish,Bearish,Neutral,Neutral,Bullish,Neutral,Bullish,Bullish,Neutral,3,2,none,"p1 Neutral: mechanical count <5 and no holdings, so sentiment.py not triggered per Section 0 amendment; no overrides to mechanical p2-10 labels on review"
2026-08-15T07:09:45.495436Z,2026-08-15 AM,AAVE,Neutral,Bearish,Bearish,Bullish,Neutral,Bullish,Neutral,Bullish,Bullish,Neutral,4,2,none,"p1 Neutral: mechanical count <5 and no holdings, so sentiment.py not triggered per Section 0 amendment; no overrides to mechanical p2-10 labels on review"
2026-08-15T07:09:45.495436Z,2026-08-15 AM,ENA,Neutral,Neutral,Neutral,Bullish,Neutral,Bullish,Neutral,Bullish,Bullish,Neutral,4,0,none,"p1 Neutral: mechanical count <5 and no holdings, so sentiment.py not triggered per Section 0 amendment; no overrides to mechanical p2-10 labels on review"
2026-08-15T07:09:45.495436Z,2026-08-15 AM,MORPHO,Neutral,Neutral,Neutral,Bullish,Neutral,Bullish,Neutral,Bullish,Bullish,Neutral,4,0,none,"p1 Neutral: mechanical count <5 and no holdings, so sentiment.py not triggered per Section 0 amendment; no overrides to mechanical p2-10 labels on review"
2026-08-15T07:09:45.495436Z,2026-08-15 AM,ONDO,Neutral,Neutral,Bearish,Bullish,Neutral,Bullish,Neutral,Bullish,Bullish,Neutral,4,1,none,"p1 Neutral: mechanical count <5 and no holdings, so sentiment.py not triggered per Section 0 amendment; no overrides to mechanical p2-10 labels on review"
2026-08-15T07:09:45.495436Z,2026-08-15 AM,ETHFI,Neutral,Neutral,Bullish,Neutral,Bearish,Bullish,Bullish,Bullish,Bullish,Neutral,5,1,none,"sentiment.py run (mech 5/9): flat interest, no euphoria/capitulation markers -- narrative is routine (rewards-date voting, TA range-breakout watch, minor daily gain). Neutral."
2026-08-15T07:09:45.495436Z,2026-08-15 AM,CAKE,Neutral,Neutral,Neutral,Bullish,Neutral,Bullish,Bearish,Bullish,Bullish,Neutral,4,1,none,"p1 Neutral: mechanical count <5 and no holdings, so sentiment.py not triggered per Section 0 amendment; no overrides to mechanical p2-10 labels on review"
2026-08-15T07:09:45.495436Z,2026-08-15 AM,JUP,Neutral,Bearish,Bearish,Bullish,Neutral,Bullish,Bearish,Bullish,Bullish,Neutral,4,3,none,"p1 Neutral: mechanical count <5 and no holdings, so sentiment.py not triggered per Section 0 amendment; no overrides to mechanical p2-10 labels on review"
2026-08-15T07:09:45.495436Z,2026-08-15 AM,LTC,Neutral,Bearish,Bearish,Bullish,Neutral,Bullish,Neutral,Bullish,Bullish,Neutral,4,2,none,"p1 Neutral: mechanical count <5 and no holdings, so sentiment.py not triggered per Section 0 amendment; no overrides to mechanical p2-10 labels on review"
2026-08-15T07:09:45.495436Z,2026-08-15 AM,BCH,Neutral,Bearish,Bearish,Bullish,Neutral,Bullish,Bearish,Bullish,Bullish,Neutral,4,3,none,"p1 Neutral: mechanical count <5 and no holdings, so sentiment.py not triggered per Section 0 amendment; no overrides to mechanical p2-10 labels on review"
2026-08-15T07:09:45.495436Z,2026-08-15 AM,XLM,Neutral,Bearish,Bearish,Bullish,Neutral,Bullish,Neutral,Bullish,Bullish,Neutral,4,2,none,"p1 Neutral: mechanical count <5 and no holdings, so sentiment.py not triggered per Section 0 amendment; no overrides to mechanical p2-10 labels on review"
2026-08-15T07:09:45.495436Z,2026-08-15 AM,HBAR,Neutral,Bearish,Bearish,Bullish,Neutral,Bullish,Neutral,Bullish,Bullish,Neutral,4,2,none,"p1 Neutral: mechanical count <5 and no holdings, so sentiment.py not triggered per Section 0 amendment; no overrides to mechanical p2-10 labels on review"
2026-08-15T07:09:45.495436Z,2026-08-15 AM,SHIB,Neutral,Neutral,Neutral,Bullish,Neutral,Bullish,Neutral,Bullish,Bullish,Neutral,4,0,none,"p1 Neutral: mechanical count <5 and no holdings, so sentiment.py not triggered per Section 0 amendment; no overrides to mechanical p2-10 labels on review"
2026-08-15T07:09:45.495436Z,2026-08-15 AM,PEPE,Neutral,Bearish,Bearish,Bullish,Neutral,Bullish,Neutral,Bullish,Bullish,Neutral,4,2,none,"p1 Neutral: mechanical count <5 and no holdings, so sentiment.py not triggered per Section 0 amendment; no overrides to mechanical p2-10 labels on review"
2026-08-15T07:09:45.495436Z,2026-08-15 AM,PUMP,Bearish,Bearish,Bullish,Bullish,Bearish,Bullish,Bullish,Bullish,Bullish,Neutral,6,3,none,"sentiment.py run (mech 6/9): interest trend rising with one-sided euphoria markers (price targets, '2x gains highlighted') and zero offsetting capitulation language this pass -- narrative all fee-record/buyback-burn/bullish-TA, no dissent. Contrarian Bearish (moot -- entry_blocked red flag regardless)."
2026-08-15T07:09:45.495436Z,2026-08-15 AM,TAO,Neutral,Bearish,Neutral,Bullish,Neutral,Bullish,Bearish,Bullish,Bullish,Neutral,4,2,none,"p1 Neutral: mechanical count <5 and no holdings, so sentiment.py not triggered per Section 0 amendment; no overrides to mechanical p2-10 labels on review"
2026-08-15T07:09:45.495436Z,2026-08-15 AM,RENDER,Neutral,Bearish,Bearish,Bullish,Neutral,Bullish,Bearish,Bullish,Bullish,Neutral,4,3,none,"p1 Neutral: mechanical count <5 and no holdings, so sentiment.py not triggered per Section 0 amendment; no overrides to mechanical p2-10 labels on review"
2026-08-15T07:09:45.495436Z,2026-08-15 AM,VIRTUAL,Neutral,Bearish,Neutral,Bearish,Neutral,Bullish,Bearish,Bullish,Bullish,Neutral,3,3,none,"p1 Neutral: mechanical count <5 and no holdings, so sentiment.py not triggered per Section 0 amendment; no overrides to mechanical p2-10 labels on review"
2026-08-15T07:09:45.495436Z,2026-08-15 AM,ARB,Neutral,Bearish,Bearish,Neutral,Neutral,Bullish,Neutral,Bullish,Bullish,Neutral,3,2,none,"p1 Neutral: mechanical count <5 and no holdings, so sentiment.py not triggered per Section 0 amendment; no overrides to mechanical p2-10 labels on review"
2026-08-15T07:09:45.495436Z,2026-08-15 AM,FIL,Neutral,Bearish,Bearish,Neutral,Neutral,Bullish,Neutral,Bullish,Bullish,Neutral,3,2,none,"p1 Neutral: mechanical count <5 and no holdings, so sentiment.py not triggered per Section 0 amendment; no overrides to mechanical p2-10 labels on review"
2026-08-15T19:15:00Z,2026-08-15 PM,BTC,Neutral,Bearish,Bearish,Bullish,Neutral,Bullish,Bearish,Bullish,Bullish,Neutral,4,3,none,"p1 Neutral: mechanical count <5 and no holdings, so sentiment.py not triggered per Section 0 amendment; no overrides to mechanical p2-10 labels on review"
2026-08-15T19:15:00Z,2026-08-15 PM,ETH,Neutral,Neutral,Neutral,Bullish,Neutral,Bullish,Bearish,Bullish,Bullish,Neutral,4,1,none,"p1 Neutral: mechanical count <5 and no holdings, so sentiment.py not triggered per Section 0 amendment; no overrides to mechanical p2-10 labels on review"
2026-08-15T19:15:00Z,2026-08-15 PM,BNB,Neutral,Neutral,Bullish,Neutral,Neutral,Bullish,Neutral,Bullish,Bullish,Neutral,4,0,none,"p1 Neutral: mechanical count <5 and no holdings, so sentiment.py not triggered per Section 0 amendment; no overrides to mechanical p2-10 labels on review"
2026-08-15T19:15:00Z,2026-08-15 PM,XRP,Neutral,Bearish,Bearish,Bullish,Neutral,Bullish,Bearish,Bullish,Bullish,Neutral,4,3,none,"p1 Neutral: mechanical count <5 and no holdings, so sentiment.py not triggered per Section 0 amendment; no overrides to mechanical p2-10 labels on review"
2026-08-15T19:15:00Z,2026-08-15 PM,SOL,Neutral,Bearish,Neutral,Bullish,Neutral,Bullish,Bearish,Bullish,Bullish,Neutral,4,2,none,"p1 Neutral: mechanical count <5 and no holdings, so sentiment.py not triggered per Section 0 amendment; no overrides to mechanical p2-10 labels on review"
2026-08-15T19:15:00Z,2026-08-15 PM,TRX,Neutral,Bullish,Neutral,Neutral,Neutral,Bullish,Neutral,Bullish,Bullish,Neutral,4,0,held,"sentiment.py (mech 4/9, holding): interest flat, no euphoria/capitulation markers -- narrative is routine treasury accumulation (Tron Inc +144k TRX to treasury) and JustLend staking/Fireblocks utility chatter, no crowd extreme either way. Neutral."
2026-08-15T19:15:00Z,2026-08-15 PM,DOGE,Neutral,Bearish,Neutral,Neutral,Neutral,Bullish,Bearish,Bullish,Bullish,Neutral,3,2,none,"p1 Neutral: mechanical count <5 and no holdings, so sentiment.py not triggered per Section 0 amendment; no overrides to mechanical p2-10 labels on review"
2026-08-15T19:15:00Z,2026-08-15 PM,ZEC,Neutral,Bullish,Neutral,Bullish,Neutral,Bullish,Neutral,Bullish,Bullish,Neutral,5,0,none,"sentiment.py (mech 5/9): interest flat, no euphoria markers this fetch (de-escalated from AM's lopsided 'to the moon'/'apex' cluster) and no capitulation markers -- narrative is whale dip-buying + Ironwood upgrade, one post noting whale sells slightly outpacing buys. No crowd extreme either way. Neutral."
2026-08-15T19:15:00Z,2026-08-15 PM,ADA,Neutral,Neutral,Neutral,Bullish,Neutral,Bullish,Neutral,Bullish,Bullish,Neutral,4,0,none,"p1 Neutral: mechanical count <5 and no holdings, so sentiment.py not triggered per Section 0 amendment; no overrides to mechanical p2-10 labels on review"
2026-08-15T19:15:00Z,2026-08-15 PM,LINK,Neutral,Neutral,Neutral,Neutral,Bullish,Bullish,Bullish,Bullish,Bullish,Neutral,5,0,none,"sentiment.py (mech 5/9): interest flat, mixed markers -- light euphoria (rocket-emoji posts) offset by persistent 'Chainlink is dead' capitulation-flavored dissent -- narrative is routine TA/CCIP chatter, no lopsided crowd extreme. Neutral."
2026-08-15T19:15:00Z,2026-08-15 PM,UNI,Neutral,Bearish,Bearish,Bullish,Neutral,Bullish,Neutral,Bullish,Bullish,Neutral,4,2,none,"p1 Neutral: mechanical count <5 and no holdings, so sentiment.py not triggered per Section 0 amendment; no overrides to mechanical p2-10 labels on review"
2026-08-15T19:15:00Z,2026-08-15 PM,AAVE,Neutral,Bearish,Bearish,Bullish,Neutral,Bullish,Neutral,Bullish,Bullish,Neutral,4,2,none,"p1 Neutral: mechanical count <5 and no holdings, so sentiment.py not triggered per Section 0 amendment; no overrides to mechanical p2-10 labels on review"
2026-08-15T19:15:00Z,2026-08-15 PM,ENA,Neutral,Neutral,Neutral,Bullish,Neutral,Bullish,Neutral,Bullish,Bullish,Neutral,4,0,none,"p1 Neutral: mechanical count <5 and no holdings, so sentiment.py not triggered per Section 0 amendment; no overrides to mechanical p2-10 labels on review"
2026-08-15T19:15:00Z,2026-08-15 PM,MORPHO,Neutral,Neutral,Neutral,Bullish,Neutral,Bullish,Neutral,Bullish,Bullish,Neutral,4,0,none,"p1 Neutral: mechanical count <5 and no holdings, so sentiment.py not triggered per Section 0 amendment; no overrides to mechanical p2-10 labels on review"
2026-08-15T19:15:00Z,2026-08-15 PM,ONDO,Neutral,Neutral,Bearish,Bullish,Neutral,Bullish,Neutral,Bullish,Bullish,Neutral,4,1,none,"p1 Neutral: mechanical count <5 and no holdings, so sentiment.py not triggered per Section 0 amendment; no overrides to mechanical p2-10 labels on review"
2026-08-15T19:15:00Z,2026-08-15 PM,ETHFI,Bearish,Neutral,Bullish,Neutral,Bullish,Bullish,Bullish,Bullish,Bullish,Neutral,6,1,none,"sentiment.py (mech 6/9): interest rising with one-sided euphoria markers (price targets 0.67-1.365, rocket-emoji profit calls, influencer accumulation posts) and zero offsetting capitulation language -- narrative is neobank/Cash-update hype. Contrarian Bearish."
2026-08-15T19:15:00Z,2026-08-15 PM,CAKE,Neutral,Neutral,Neutral,Bullish,Neutral,Bullish,Bearish,Bullish,Bullish,Neutral,4,1,none,"p1 Neutral: mechanical count <5 and no holdings, so sentiment.py not triggered per Section 0 amendment; no overrides to mechanical p2-10 labels on review"
2026-08-15T19:15:00Z,2026-08-15 PM,JUP,Neutral,Bearish,Bearish,Bullish,Neutral,Bullish,Neutral,Bullish,Bullish,Neutral,4,2,none,"p1 Neutral: mechanical count <5 and no holdings, so sentiment.py not triggered per Section 0 amendment; no overrides to mechanical p2-10 labels on review"
2026-08-15T19:15:00Z,2026-08-15 PM,LTC,Neutral,Bearish,Bearish,Bullish,Neutral,Bullish,Neutral,Bullish,Bullish,Neutral,4,2,none,"p1 Neutral: mechanical count <5 and no holdings, so sentiment.py not triggered per Section 0 amendment; no overrides to mechanical p2-10 labels on review"
2026-08-15T19:15:00Z,2026-08-15 PM,BCH,Neutral,Bearish,Bearish,Bullish,Bearish,Bullish,Bearish,Bullish,Bullish,Neutral,4,4,none,"p1 Neutral: mechanical count <5 and no holdings, so sentiment.py not triggered per Section 0 amendment; no overrides to mechanical p2-10 labels on review"
2026-08-15T19:15:00Z,2026-08-15 PM,XLM,Neutral,Bearish,Bearish,Bullish,Neutral,Bullish,Neutral,Bullish,Bullish,Neutral,4,2,none,"p1 Neutral: mechanical count <5 and no holdings, so sentiment.py not triggered per Section 0 amendment; no overrides to mechanical p2-10 labels on review"
2026-08-15T19:15:00Z,2026-08-15 PM,HBAR,Neutral,Bearish,Bearish,Bullish,Neutral,Bullish,Neutral,Bullish,Bullish,Neutral,4,2,none,"p1 Neutral: mechanical count <5 and no holdings, so sentiment.py not triggered per Section 0 amendment; no overrides to mechanical p2-10 labels on review"
2026-08-15T19:15:00Z,2026-08-15 PM,SHIB,Neutral,Neutral,Neutral,Bullish,Neutral,Bullish,Neutral,Bullish,Bullish,Neutral,4,0,none,"p1 Neutral: mechanical count <5 and no holdings, so sentiment.py not triggered per Section 0 amendment; no overrides to mechanical p2-10 labels on review"
2026-08-15T19:15:00Z,2026-08-15 PM,PEPE,Neutral,Bearish,Bearish,Bullish,Neutral,Bullish,Neutral,Bullish,Bullish,Neutral,4,2,none,"p1 Neutral: mechanical count <5 and no holdings, so sentiment.py not triggered per Section 0 amendment; no overrides to mechanical p2-10 labels on review"
2026-08-15T19:15:00Z,2026-08-15 PM,PUMP,Bearish,Bearish,Bullish,Bullish,Bearish,Bullish,Bullish,Bullish,Bullish,Neutral,6,3,none,"sentiment.py (mech 6/9): interest flat but lopsided euphoria markers (rocket emojis, 1-cent price target, 'to the moon', 'making good moves') with zero capitulation dissent -- unlock-event hype cluster. Contrarian Bearish (moot -- entry_blocked red flag regardless)."
2026-08-15T19:15:00Z,2026-08-15 PM,TAO,Neutral,Bearish,Neutral,Bullish,Neutral,Bullish,Bearish,Bullish,Bullish,Neutral,4,2,none,"p1 Neutral: mechanical count <5 and no holdings, so sentiment.py not triggered per Section 0 amendment; no overrides to mechanical p2-10 labels on review"
2026-08-15T19:15:00Z,2026-08-15 PM,RENDER,Neutral,Bearish,Bearish,Bullish,Neutral,Bullish,Neutral,Bullish,Bullish,Neutral,4,2,none,"p1 Neutral: mechanical count <5 and no holdings, so sentiment.py not triggered per Section 0 amendment; no overrides to mechanical p2-10 labels on review"
2026-08-15T19:15:00Z,2026-08-15 PM,VIRTUAL,Neutral,Bearish,Neutral,Bearish,Neutral,Bullish,Bearish,Bullish,Bullish,Neutral,3,3,none,"p1 Neutral: mechanical count <5 and no holdings, so sentiment.py not triggered per Section 0 amendment; no overrides to mechanical p2-10 labels on review"
2026-08-15T19:15:00Z,2026-08-15 PM,ARB,Neutral,Bearish,Bearish,Neutral,Neutral,Bullish,Neutral,Bullish,Bullish,Neutral,3,2,none,"p1 Neutral: mechanical count <5 and no holdings, so sentiment.py not triggered per Section 0 amendment; no overrides to mechanical p2-10 labels on review"
2026-08-15T19:15:00Z,2026-08-15 PM,FIL,Neutral,Bearish,Bearish,Neutral,Neutral,Bullish,Neutral,Bullish,Bullish,Neutral,3,2,none,"p1 Neutral: mechanical count <5 and no holdings, so sentiment.py not triggered per Section 0 amendment; no overrides to mechanical p2-10 labels on review"
2026-08-16T07:10:00Z,2026-08-16 AM,BTC,Neutral,Bearish,Bearish,Bullish,Neutral,Bullish,Bearish,Bullish,Bullish,Neutral,4,3,none,"p1 Neutral: mechanical count <5 and no holdings, so sentiment.py not triggered per Section 0 amendment; no overrides to mechanical p2-10 labels on review"
2026-08-16T07:10:00Z,2026-08-16 AM,ETH,Neutral,Neutral,Neutral,Bullish,Neutral,Bullish,Bearish,Bullish,Bullish,Neutral,4,1,none,"p1 Neutral: mechanical count <5 and no holdings, so sentiment.py not triggered per Section 0 amendment; no overrides to mechanical p2-10 labels on review"
2026-08-16T07:10:00Z,2026-08-16 AM,BNB,Neutral,Neutral,Bullish,Neutral,Neutral,Bullish,Bullish,Bullish,Bullish,Neutral,5,0,none,"sentiment.py (mech 5/9): interest flat, zero euphoria/capitulation markers -- narrative explicitly described as ""neutral low-conviction consolidation with thin on-chain activity."" Neutral."
2026-08-16T07:10:00Z,2026-08-16 AM,XRP,Neutral,Bearish,Bearish,Bullish,Neutral,Bullish,Bearish,Bullish,Bullish,Neutral,4,3,none,"p1 Neutral: mechanical count <5 and no holdings, so sentiment.py not triggered per Section 0 amendment; no overrides to mechanical p2-10 labels on review"
2026-08-16T07:10:00Z,2026-08-16 AM,SOL,Neutral,Bearish,Neutral,Bullish,Neutral,Bullish,Bearish,Bullish,Bullish,Neutral,4,2,none,"p1 Neutral: mechanical count <5 and no holdings, so sentiment.py not triggered per Section 0 amendment; no overrides to mechanical p2-10 labels on review"
2026-08-16T07:10:00Z,2026-08-16 AM,TRX,Neutral,Bullish,Neutral,Neutral,Neutral,Bullish,Bearish,Bullish,Bullish,Neutral,4,1,held,"p7 overridden Neutral->Bearish: 7d OI printed -0.4% this checkpoint, the first negative 7d OI reading of the hold, continuing the deceleration the prior two red-team passes flagged as the explicit trim trigger (7d OI: +19.0% -> +15.6% -> +8.8% -> +7.2% -> +0.7% -> -0.4%); price rallied earlier in the hold and OI has now fully round-tripped to net contraction -- fits the rubric's ""OI collapsing after a rally"" Bearish criterion better than a mechanical Neutral read. | sentiment.py (mech 4/9, holding): interest flat, mild non-lopsided markers (0.351 price target, rocket emoji on TA pattern) vs zero capitulation -- narrative is routine network-utility/consolidation chatter (resource management, reclaiming support), not crowd euphoria. Neutral."
2026-08-16T07:10:00Z,2026-08-16 AM,DOGE,Neutral,Bearish,Neutral,Neutral,Neutral,Bullish,Bullish,Bullish,Bullish,Neutral,4,1,none,"p1 Neutral: mechanical count <5 and no holdings, so sentiment.py not triggered per Section 0 amendment; no overrides to mechanical p2-10 labels on review"
2026-08-16T07:10:00Z,2026-08-16 AM,ZEC,Neutral,Neutral,Neutral,Bullish,Neutral,Bullish,Neutral,Bullish,Bullish,Neutral,4,0,none,"p1 Neutral: mechanical count <5 and no holdings, so sentiment.py not triggered per Section 0 amendment; no overrides to mechanical p2-10 labels on review"
2026-08-16T07:10:00Z,2026-08-16 AM,ADA,Neutral,Neutral,Neutral,Bullish,Neutral,Bullish,Neutral,Bullish,Bullish,Neutral,4,0,none,"p1 Neutral: mechanical count <5 and no holdings, so sentiment.py not triggered per Section 0 amendment; no overrides to mechanical p2-10 labels on review"
2026-08-16T07:10:00Z,2026-08-16 AM,LINK,Neutral,Neutral,Bullish,Neutral,Bearish,Bullish,Bullish,Bullish,Bullish,Neutral,5,1,none,"sentiment.py (mech 5/9): interest rising, but mixed markers -- real euphoria (institutional-adoption hype, agent-layer excitement, repricing calls) offset by real capitulation dissent (""Chainlink is dead,"" dumping warnings) -- no lopsided crowd extreme. Neutral."
2026-08-16T07:10:00Z,2026-08-16 AM,UNI,Neutral,Bearish,Bearish,Bullish,Neutral,Bullish,Bearish,Bullish,Bullish,Neutral,4,3,none,"p1 Neutral: mechanical count <5 and no holdings, so sentiment.py not triggered per Section 0 amendment; no overrides to mechanical p2-10 labels on review"
2026-08-16T07:10:00Z,2026-08-16 AM,AAVE,Neutral,Bearish,Bearish,Bullish,Neutral,Bullish,Neutral,Bullish,Bullish,Neutral,4,2,none,"p1 Neutral: mechanical count <5 and no holdings, so sentiment.py not triggered per Section 0 amendment; no overrides to mechanical p2-10 labels on review"
2026-08-16T07:10:00Z,2026-08-16 AM,ENA,Neutral,Bearish,Bearish,Bullish,Neutral,Bullish,Neutral,Bullish,Bullish,Neutral,4,2,none,"p1 Neutral: mechanical count <5 and no holdings, so sentiment.py not triggered per Section 0 amendment; no overrides to mechanical p2-10 labels on review"
2026-08-16T07:10:00Z,2026-08-16 AM,MORPHO,Neutral,Neutral,Neutral,Bullish,Neutral,Bullish,Neutral,Bullish,Bullish,Neutral,4,0,none,"p1 Neutral: mechanical count <5 and no holdings, so sentiment.py not triggered per Section 0 amendment; no overrides to mechanical p2-10 labels on review"
2026-08-16T07:10:00Z,2026-08-16 AM,ONDO,Neutral,Neutral,Bearish,Bullish,Neutral,Bullish,Bearish,Bullish,Bullish,Neutral,4,2,none,"p1 Neutral: mechanical count <5 and no holdings, so sentiment.py not triggered per Section 0 amendment; no overrides to mechanical p2-10 labels on review"
2026-08-16T07:10:00Z,2026-08-16 AM,ETHFI,Neutral,Neutral,Bullish,Neutral,Bearish,Bullish,Bullish,Bullish,Bullish,Neutral,5,1,none,"sentiment.py (mech 5/9): interest flat, zero euphoria markers this pass (de-escalated from PM 08-15's lopsided price-target/rocket-emoji cluster) -- one capitulation-flavored marker (spam list calling it damaging) reads as generic FUD noise, not genuine capitulation, against a modestly positive real-news narrative (buybacks, borrowing features, neobank upgrade). No crowd extreme either way. Neutral."
2026-08-16T07:10:00Z,2026-08-16 AM,CAKE,Neutral,Neutral,Neutral,Bullish,Neutral,Bullish,Bearish,Bullish,Bullish,Neutral,4,1,none,"p1 Neutral: mechanical count <5 and no holdings, so sentiment.py not triggered per Section 0 amendment; no overrides to mechanical p2-10 labels on review"
2026-08-16T07:10:00Z,2026-08-16 AM,JUP,Neutral,Bearish,Bearish,Bullish,Neutral,Bullish,Neutral,Bullish,Bullish,Neutral,4,2,none,"p1 Neutral: mechanical count <5 and no holdings, so sentiment.py not triggered per Section 0 amendment; no overrides to mechanical p2-10 labels on review"
2026-08-16T07:10:00Z,2026-08-16 AM,LTC,Neutral,Bearish,Bearish,Bullish,Neutral,Bullish,Neutral,Bullish,Bullish,Neutral,4,2,none,"p1 Neutral: mechanical count <5 and no holdings, so sentiment.py not triggered per Section 0 amendment; no overrides to mechanical p2-10 labels on review"
2026-08-16T07:10:00Z,2026-08-16 AM,BCH,Neutral,Bearish,Bearish,Bullish,Neutral,Bullish,Bearish,Bullish,Bullish,Neutral,4,3,none,"p1 Neutral: mechanical count <5 and no holdings, so sentiment.py not triggered per Section 0 amendment; no overrides to mechanical p2-10 labels on review"
2026-08-16T07:10:00Z,2026-08-16 AM,XLM,Neutral,Bearish,Bearish,Bullish,Neutral,Bullish,Neutral,Bullish,Bullish,Neutral,4,2,none,"p1 Neutral: mechanical count <5 and no holdings, so sentiment.py not triggered per Section 0 amendment; no overrides to mechanical p2-10 labels on review"
2026-08-16T07:10:00Z,2026-08-16 AM,HBAR,Neutral,Bearish,Bearish,Bullish,Neutral,Bullish,Neutral,Bullish,Bullish,Neutral,4,2,none,"p1 Neutral: mechanical count <5 and no holdings, so sentiment.py not triggered per Section 0 amendment; no overrides to mechanical p2-10 labels on review"
2026-08-16T07:10:00Z,2026-08-16 AM,SHIB,Neutral,Neutral,Neutral,Bullish,Neutral,Bullish,Neutral,Bullish,Bullish,Neutral,4,0,none,"p1 Neutral: mechanical count <5 and no holdings, so sentiment.py not triggered per Section 0 amendment; no overrides to mechanical p2-10 labels on review"
2026-08-16T07:10:00Z,2026-08-16 AM,PEPE,Neutral,Bearish,Bearish,Bullish,Neutral,Bullish,Neutral,Bullish,Bullish,Neutral,4,2,none,"p1 Neutral: mechanical count <5 and no holdings, so sentiment.py not triggered per Section 0 amendment; no overrides to mechanical p2-10 labels on review"
2026-08-16T07:10:00Z,2026-08-16 AM,PUMP,Neutral,Bearish,Bullish,Bullish,Neutral,Bullish,Bullish,Bullish,Bullish,Neutral,6,1,none,"sentiment.py (mech 6/9): interest flat, no euphoria markers, one capitulation-flavored note (short closed +54% on a fade) -- but dominant narrative is diffuse ecosystem chatter (NEET/FOMO pairings), not PUMP-specific crowd extreme either way. Neutral (moot -- entry_blocked red flag regardless)."
2026-08-16T07:10:00Z,2026-08-16 AM,TAO,Neutral,Bearish,Neutral,Bullish,Neutral,Bullish,Neutral,Bullish,Bullish,Neutral,4,1,none,"p1 Neutral: mechanical count <5 and no holdings, so sentiment.py not triggered per Section 0 amendment; no overrides to mechanical p2-10 labels on review"
2026-08-16T07:10:00Z,2026-08-16 AM,RENDER,Neutral,Bearish,Bearish,Bullish,Neutral,Bullish,Neutral,Bullish,Bullish,Neutral,4,2,none,"p1 Neutral: mechanical count <5 and no holdings, so sentiment.py not triggered per Section 0 amendment; no overrides to mechanical p2-10 labels on review"
2026-08-16T07:10:00Z,2026-08-16 AM,VIRTUAL,Neutral,Bearish,Neutral,Bearish,Neutral,Bullish,Bearish,Bullish,Bullish,Neutral,3,3,none,"p1 Neutral: mechanical count <5 and no holdings, so sentiment.py not triggered per Section 0 amendment; no overrides to mechanical p2-10 labels on review"
2026-08-16T07:10:00Z,2026-08-16 AM,ARB,Neutral,Bearish,Bearish,Neutral,Neutral,Bullish,Neutral,Bullish,Bullish,Neutral,3,2,none,"p1 Neutral: mechanical count <5 and no holdings, so sentiment.py not triggered per Section 0 amendment; no overrides to mechanical p2-10 labels on review"
2026-08-16T07:10:00Z,2026-08-16 AM,FIL,Neutral,Bearish,Bearish,Neutral,Neutral,Bullish,Neutral,Bullish,Bullish,Neutral,3,2,none,"p1 Neutral: mechanical count <5 and no holdings, so sentiment.py not triggered per Section 0 amendment; no overrides to mechanical p2-10 labels on review"
2026-08-16T19:09:43Z,2026-08-16 PM,AAVE,Neutral,Bearish,Bearish,Bullish,Neutral,Bullish,Neutral,Bullish,Bullish,Neutral,4,2,none,"p1 Neutral: mechanical count <5 and no holdings, so sentiment.py not triggered per Section 0 amendment; no overrides to mechanical p2-10 labels on review"
2026-08-16T19:09:43Z,2026-08-16 PM,ADA,Neutral,Neutral,Neutral,Bullish,Neutral,Bullish,Neutral,Bullish,Bullish,Neutral,4,0,none,"p1 Neutral: mechanical count <5 and no holdings, so sentiment.py not triggered per Section 0 amendment; no overrides to mechanical p2-10 labels on review"
2026-08-16T19:09:43Z,2026-08-16 PM,ARB,Neutral,Bearish,Bearish,Neutral,Neutral,Bullish,Neutral,Bullish,Bullish,Neutral,3,2,none,"p1 Neutral: mechanical count <5 and no holdings, so sentiment.py not triggered per Section 0 amendment; no overrides to mechanical p2-10 labels on review"
2026-08-16T19:09:43Z,2026-08-16 PM,ASTER,Neutral,Bearish,Bearish,Bullish,Neutral,Bullish,Neutral,Bullish,Bullish,Neutral,4,2,none,"p1 Neutral: mechanical count <5 and no holdings, so sentiment.py not triggered per Section 0 amendment; no overrides to mechanical p2-10 labels on review"
2026-08-16T19:09:43Z,2026-08-16 PM,BCH,Neutral,Bearish,Bearish,Bullish,Neutral,Bullish,Bearish,Bullish,Bullish,Neutral,4,3,none,"p1 Neutral: mechanical count <5 and no holdings, so sentiment.py not triggered per Section 0 amendment; no overrides to mechanical p2-10 labels on review"
2026-08-16T19:09:43Z,2026-08-16 PM,BNB,Neutral,Neutral,Bullish,Neutral,Neutral,Bullish,Bullish,Bullish,Bullish,Neutral,5,0,none,"sentiment.py (mech 5/9): interest flat, one non-lopsided euphoria marker ($2K long-term target) against zero capitulation -- narrative still routine (security hardfork, compliance/sanctions news). Neutral."
2026-08-16T19:09:43Z,2026-08-16 PM,BTC,Neutral,Bearish,Bearish,Bullish,Neutral,Bullish,Bearish,Bullish,Bullish,Neutral,4,3,none,"p1 Neutral: mechanical count <5 and no holdings, so sentiment.py not triggered per Section 0 amendment; no overrides to mechanical p2-10 labels on review"
2026-08-16T19:09:43Z,2026-08-16 PM,CAKE,Neutral,Neutral,Bullish,Bullish,Neutral,Bullish,Neutral,Bullish,Bullish,Neutral,5,0,none,"sentiment.py (mech 5/9): interest falling, no euphoria or capitulation markers -- narrative is routine burn/emission-cut updates. Neutral."
2026-08-16T19:09:43Z,2026-08-16 PM,DOGE,Neutral,Bearish,Neutral,Neutral,Neutral,Bullish,Bullish,Bullish,Bullish,Neutral,4,1,none,"p1 Neutral: mechanical count <5 and no holdings, so sentiment.py not triggered per Section 0 amendment; no overrides to mechanical p2-10 labels on review"
2026-08-16T19:09:43Z,2026-08-16 PM,ENA,Neutral,Neutral,Neutral,Bullish,Neutral,Bullish,Neutral,Bullish,Bullish,Neutral,4,0,none,"p1 Neutral: mechanical count <5 and no holdings, so sentiment.py not triggered per Section 0 amendment; no overrides to mechanical p2-10 labels on review"
2026-08-16T19:09:43Z,2026-08-16 PM,ETH,Neutral,Neutral,Neutral,Bullish,Neutral,Bullish,Bearish,Bullish,Bullish,Neutral,4,1,none,"p1 Neutral: mechanical count <5 and no holdings, so sentiment.py not triggered per Section 0 amendment; no overrides to mechanical p2-10 labels on review"
2026-08-16T19:09:43Z,2026-08-16 PM,ETHFI,Neutral,Bearish,Neutral,Neutral,Neutral,Bullish,Bullish,Bullish,Bullish,Neutral,4,1,none,"p1 Neutral: mechanical count <5 and no holdings, so sentiment.py not triggered per Section 0 amendment; no overrides to mechanical p2-10 labels on review"
2026-08-16T19:09:43Z,2026-08-16 PM,FIL,Neutral,Bearish,Bearish,Neutral,Neutral,Bullish,Bearish,Bullish,Bullish,Neutral,3,3,none,"p1 Neutral: mechanical count <5 and no holdings, so sentiment.py not triggered per Section 0 amendment; no overrides to mechanical p2-10 labels on review"
2026-08-16T19:09:43Z,2026-08-16 PM,HBAR,Neutral,Bearish,Bearish,Bullish,Neutral,Bullish,Neutral,Bullish,Bullish,Neutral,4,2,none,"p1 Neutral: mechanical count <5 and no holdings, so sentiment.py not triggered per Section 0 amendment; no overrides to mechanical p2-10 labels on review"
2026-08-16T19:09:43Z,2026-08-16 PM,ICP,Neutral,Neutral,Bullish,Neutral,Neutral,Bullish,Bullish,Bullish,Bullish,Neutral,5,0,none,"sentiment.py (mech 5/9, first sentiment read -- added to watchlist today): interest flat, mixed -- frustration/deteriorating-narrative markers (slow Dfinity progress, AI tech-gap concerns) against one buy-the-dip comment ('adding more despite market') -- leaning skeptical but not lopsided enough for a clean Bearish call. Neutral."
2026-08-16T19:09:43Z,2026-08-16 PM,JUP,Neutral,Bearish,Bearish,Bullish,Neutral,Bullish,Neutral,Bullish,Bullish,Neutral,4,2,none,"p1 Neutral: mechanical count <5 and no holdings, so sentiment.py not triggered per Section 0 amendment; no overrides to mechanical p2-10 labels on review"
2026-08-16T19:09:43Z,2026-08-16 PM,LINK,Neutral,Neutral,Bullish,Neutral,Neutral,Bullish,Bullish,Bullish,Bullish,Neutral,5,0,none,"sentiment.py (mech 5/9): interest flat, real euphoria ($160 target, 'major rally setup' chatter, post-pump FOMO claims) offset by real capitulation-flavored dissent ('Chainlink is dead... CPR') -- mixed, no lopsided extreme. Neutral."
2026-08-16T19:09:43Z,2026-08-16 PM,MORPHO,Neutral,Bullish,Bullish,Bullish,Neutral,Bullish,Bullish,Bullish,Bullish,Neutral,7,0,armed,"sentiment.py (mech 7/9, first-ever >=7 mechanical print on this coin): interest falling, no euphoria, narrative sparse and mixed (protocol strong at $8B TVL but zero token revenue flagged, one failed-breakout/'dropping the chase' comment) -- reads as generic low-conviction chatter, not genuine capitulation or improving interest. Neutral. Confluence 7/10 Bullish, 0/10 Bearish this checkpoint -- first occurrence, ARMED (needs second consecutive trading checkpoint to confirm)."
2026-08-16T19:09:43Z,2026-08-16 PM,ONDO,Neutral,Neutral,Bearish,Bullish,Neutral,Bullish,Bearish,Bullish,Bullish,Neutral,4,2,none,"p1 Neutral: mechanical count <5 and no holdings, so sentiment.py not triggered per Section 0 amendment; no overrides to mechanical p2-10 labels on review"
2026-08-16T19:09:43Z,2026-08-16 PM,PEPE,Neutral,Bearish,Bearish,Bullish,Neutral,Bullish,Neutral,Bullish,Bullish,Neutral,4,2,none,"p1 Neutral: mechanical count <5 and no holdings, so sentiment.py not triggered per Section 0 amendment; no overrides to mechanical p2-10 labels on review"
2026-08-16T19:09:43Z,2026-08-16 PM,RENDER,Neutral,Bearish,Bearish,Bullish,Neutral,Bullish,Neutral,Bullish,Bullish,Neutral,4,2,none,"p1 Neutral: mechanical count <5 and no holdings, so sentiment.py not triggered per Section 0 amendment; no overrides to mechanical p2-10 labels on review"
2026-08-16T19:09:43Z,2026-08-16 PM,SHIB,Neutral,Neutral,Neutral,Bullish,Neutral,Bullish,Neutral,Bullish,Bullish,Neutral,4,0,none,"p1 Neutral: mechanical count <5 and no holdings, so sentiment.py not triggered per Section 0 amendment; no overrides to mechanical p2-10 labels on review"
2026-08-16T19:09:43Z,2026-08-16 PM,SOL,Neutral,Bearish,Neutral,Bullish,Neutral,Bullish,Neutral,Bullish,Bullish,Neutral,4,1,none,"p1 Neutral: mechanical count <5 and no holdings, so sentiment.py not triggered per Section 0 amendment; no overrides to mechanical p2-10 labels on review"
2026-08-16T19:09:43Z,2026-08-16 PM,TAO,Neutral,Bearish,Neutral,Bullish,Neutral,Bullish,Neutral,Bullish,Bullish,Neutral,4,1,none,"p1 Neutral: mechanical count <5 and no holdings, so sentiment.py not triggered per Section 0 amendment; no overrides to mechanical p2-10 labels on review"
2026-08-16T19:09:43Z,2026-08-16 PM,TRX,Neutral,Bullish,Neutral,Neutral,Neutral,Bullish,Bearish,Bullish,Bullish,Neutral,4,1,held,"p7 overridden Neutral->Bearish: 7d OI printed -1.6% this checkpoint, continuing to deteriorate from -0.4% at AM (7d OI: +0.7% -> -0.4% -> -1.6%), reaffirming the AM override per the standing red-team-committed trigger (OI thesis-test leg has round-tripped to net contraction after the rally, not just decelerated) -- 24h OI improved to -2.6% (from -7.0% AM) but the 7d trend, the metric the thesis actually tests, kept worsening. | sentiment.py (mech 4/9, holding): interest flat, one unverified red-flag/capitulation-flavored claim (price-manipulation/SEC-oversight accusation, single post) against a routine GasFree/USDD-utility narrative -- not a crowd extreme either way. Neutral."
2026-08-16T19:09:43Z,2026-08-16 PM,UNI,Neutral,Bearish,Bearish,Neutral,Neutral,Bullish,Neutral,Bullish,Bullish,Neutral,3,2,none,"p1 Neutral: mechanical count <5 and no holdings, so sentiment.py not triggered per Section 0 amendment; no overrides to mechanical p2-10 labels on review"
2026-08-16T19:09:43Z,2026-08-16 PM,VIRTUAL,Neutral,Bearish,Neutral,Bearish,Neutral,Bullish,Bearish,Bullish,Bullish,Neutral,3,3,none,"p1 Neutral: mechanical count <5 and no holdings, so sentiment.py not triggered per Section 0 amendment; no overrides to mechanical p2-10 labels on review"
2026-08-16T19:09:43Z,2026-08-16 PM,XLM,Neutral,Bearish,Bearish,Bullish,Neutral,Bullish,Neutral,Bullish,Bullish,Neutral,4,2,none,"p1 Neutral: mechanical count <5 and no holdings, so sentiment.py not triggered per Section 0 amendment; no overrides to mechanical p2-10 labels on review"
2026-08-16T19:09:43Z,2026-08-16 PM,XRP,Neutral,Bearish,Bearish,Bullish,Neutral,Bullish,Bearish,Bullish,Bullish,Neutral,4,3,none,"p1 Neutral: mechanical count <5 and no holdings, so sentiment.py not triggered per Section 0 amendment; no overrides to mechanical p2-10 labels on review"
2026-08-16T19:09:43Z,2026-08-16 PM,ZEC,Neutral,Bullish,Neutral,Bullish,Neutral,Bullish,Neutral,Bullish,Bullish,Neutral,5,0,none,"sentiment.py (mech 5/9): interest falling, near-zero signal (mostly spam tagging unrelated coins), one small whale-buy mention -- no crowd extreme either way. Neutral."
2026-08-17T07:23:00Z,2026-08-17 AM,AAVE,Neutral,Bearish,Bearish,Bullish,Neutral,Bullish,Neutral,Neutral,Bullish,Neutral,3,2,none,"p1 Neutral: mechanical count <5 and no holdings, so sentiment.py not triggered per Section 0 amendment; no overrides to mechanical p2-10 labels on review"
2026-08-17T07:23:00Z,2026-08-17 AM,ADA,Neutral,Neutral,Neutral,Bullish,Neutral,Bullish,Neutral,Neutral,Bullish,Neutral,3,0,none,"p1 Neutral: mechanical count <5 and no holdings, so sentiment.py not triggered per Section 0 amendment; no overrides to mechanical p2-10 labels on review"
2026-08-17T07:23:00Z,2026-08-17 AM,ARB,Neutral,Bearish,Bearish,Neutral,Neutral,Bullish,Neutral,Neutral,Bullish,Neutral,2,2,none,"p1 Neutral: mechanical count <5 and no holdings, so sentiment.py not triggered per Section 0 amendment; no overrides to mechanical p2-10 labels on review"
2026-08-17T07:23:00Z,2026-08-17 AM,ASTER,Neutral,Bearish,Bearish,Bullish,Neutral,Bullish,Neutral,Neutral,Bullish,Neutral,3,2,none,"p1 Neutral: mechanical count <5 and no holdings, so sentiment.py not triggered per Section 0 amendment; no overrides to mechanical p2-10 labels on review"
2026-08-17T07:23:00Z,2026-08-17 AM,BCH,Neutral,Bearish,Bearish,Bullish,Neutral,Bullish,Bearish,Neutral,Bullish,Neutral,3,3,none,"p1 Neutral: mechanical count <5 and no holdings, so sentiment.py not triggered per Section 0 amendment; no overrides to mechanical p2-10 labels on review"
2026-08-17T07:23:00Z,2026-08-17 AM,BNB,Neutral,Neutral,Bullish,Neutral,Neutral,Bullish,Bullish,Neutral,Bullish,Neutral,4,0,none,"p1 Neutral: mechanical count <5 and no holdings, so sentiment.py not triggered per Section 0 amendment; no overrides to mechanical p2-10 labels on review"
2026-08-17T07:23:00Z,2026-08-17 AM,BTC,Neutral,Bearish,Neutral,Bullish,Neutral,Bullish,Bearish,Neutral,Bullish,Neutral,3,2,none,"p1 Neutral: mechanical count <5 and no holdings, so sentiment.py not triggered per Section 0 amendment; no overrides to mechanical p2-10 labels on review"
2026-08-17T07:23:00Z,2026-08-17 AM,CAKE,Neutral,Neutral,Bullish,Bullish,Neutral,Bullish,Neutral,Neutral,Bullish,Neutral,4,0,none,"p1 Neutral: mechanical count <5 and no holdings, so sentiment.py not triggered per Section 0 amendment; no overrides to mechanical p2-10 labels on review"
2026-08-17T07:23:00Z,2026-08-17 AM,DOGE,Neutral,Bearish,Neutral,Neutral,Neutral,Bullish,Bullish,Neutral,Bullish,Neutral,3,1,none,"p1 Neutral: mechanical count <5 and no holdings, so sentiment.py not triggered per Section 0 amendment; no overrides to mechanical p2-10 labels on review"
2026-08-17T07:23:00Z,2026-08-17 AM,ENA,Neutral,Neutral,Neutral,Bullish,Neutral,Bullish,Neutral,Neutral,Bullish,Neutral,3,0,none,"p1 Neutral: mechanical count <5 and no holdings, so sentiment.py not triggered per Section 0 amendment; no overrides to mechanical p2-10 labels on review"
2026-08-17T07:23:00Z,2026-08-17 AM,ETH,Neutral,Neutral,Bullish,Bullish,Neutral,Bullish,Bullish,Neutral,Bullish,Neutral,5,0,none,"sentiment.py (mech 5/9): interest flat, three mild euphoria-flavored posts (whale $10M buy framed as accumulation, 'local bottom confirmed' with a 1960-2400 target, 'back above $1900' with rocket emoji) against zero capitulation markers and one unverified red-flag claim (investor fee/fund-access warning, single post, uncorroborated). Leans mildly toward hype but interest itself is flat, not surging -- doesn't clear the 'euphoria/everyone's in' crowd-extreme bar for a Bearish read. Neutral, watch next checkpoint if euphoria markers multiply."
2026-08-17T07:23:00Z,2026-08-17 AM,ETHFI,Neutral,Neutral,Neutral,Neutral,Bearish,Bullish,Bullish,Neutral,Bullish,Neutral,3,1,none,"p1 Neutral: mechanical count <5 and no holdings, so sentiment.py not triggered per Section 0 amendment; no overrides to mechanical p2-10 labels on review"
2026-08-17T07:23:00Z,2026-08-17 AM,FIL,Neutral,Bearish,Bearish,Neutral,Neutral,Bullish,Bearish,Neutral,Bullish,Neutral,2,3,none,"p1 Neutral: mechanical count <5 and no holdings, so sentiment.py not triggered per Section 0 amendment; no overrides to mechanical p2-10 labels on review"
2026-08-17T07:23:00Z,2026-08-17 AM,HBAR,Neutral,Bearish,Bearish,Bullish,Neutral,Bullish,Neutral,Neutral,Bullish,Neutral,3,2,none,"p1 Neutral: mechanical count <5 and no holdings, so sentiment.py not triggered per Section 0 amendment; no overrides to mechanical p2-10 labels on review"
2026-08-17T07:23:00Z,2026-08-17 AM,ICP,Neutral,Neutral,Bullish,Neutral,Neutral,Bullish,Bullish,Neutral,Bullish,Neutral,4,0,none,"p1 Neutral: mechanical count <5 and no holdings, so sentiment.py not triggered per Section 0 amendment; no overrides to mechanical p2-10 labels on review"
2026-08-17T07:23:00Z,2026-08-17 AM,JUP,Neutral,Bearish,Bearish,Bullish,Neutral,Bullish,Neutral,Neutral,Bullish,Neutral,3,2,none,"p1 Neutral: mechanical count <5 and no holdings, so sentiment.py not triggered per Section 0 amendment; no overrides to mechanical p2-10 labels on review"
2026-08-17T07:23:00Z,2026-08-17 AM,LINK,Neutral,Neutral,Neutral,Neutral,Bearish,Bullish,Bullish,Neutral,Bullish,Neutral,3,1,none,"p1 Neutral: mechanical count <5 and no holdings, so sentiment.py not triggered per Section 0 amendment; no overrides to mechanical p2-10 labels on review"
2026-08-17T07:23:00Z,2026-08-17 AM,MORPHO,Neutral,Bullish,Bullish,Bullish,Neutral,Bullish,Bullish,Neutral,Bullish,Neutral,6,0,none,"sentiment.py (mech 6/9, dropped from PM's 7/9): interest flat (up from 'falling' at PM), no euphoria, no capitulation, narrative cleanly positive ($5B Base TVL crossed, USDD/Pendle composability, historic exchange outflow, vault/RWA strategies) with none of PM's negative undertones (no 'zero token revenue' or 'failed breakout' comments this time). Genuinely stronger picture than PM's Neutral call, but 'flat' interest with no crowd extreme in either direction is still Neutral by the letter of the rubric -- p1 measures crowd sentiment/interest trend, not fundamental/on-chain narrative quality, and there is no improving-interest or capitulation signal to hang a Bullish call on. Confluence lands at 6/10 Bullish, 0/10 Bearish -- one short of the second consecutive >=7/10 needed to confirm; the 2026-08-16 PM arm LAPSES (mechanical p7_oi/p4_rvol softened slightly too: rv_ratio 0.55 still Bullish but p5_volz stayed Neutral at -0.5). Would need a fresh first occurrence at >=7/10 to re-arm."
2026-08-17T07:23:00Z,2026-08-17 AM,ONDO,Neutral,Neutral,Bearish,Bullish,Neutral,Bullish,Bearish,Neutral,Bullish,Neutral,3,2,none,"p1 Neutral: mechanical count <5 and no holdings, so sentiment.py not triggered per Section 0 amendment; no overrides to mechanical p2-10 labels on review"
2026-08-17T07:23:00Z,2026-08-17 AM,PEPE,Neutral,Bearish,Bearish,Bullish,Neutral,Bullish,Neutral,Neutral,Bullish,Neutral,3,2,none,"p1 Neutral: mechanical count <5 and no holdings, so sentiment.py not triggered per Section 0 amendment; no overrides to mechanical p2-10 labels on review"
2026-08-17T07:23:00Z,2026-08-17 AM,RENDER,Neutral,Bearish,Bearish,Bullish,Neutral,Bullish,Bearish,Neutral,Bullish,Neutral,3,3,none,"p1 Neutral: mechanical count <5 and no holdings, so sentiment.py not triggered per Section 0 amendment; no overrides to mechanical p2-10 labels on review"
2026-08-17T07:23:00Z,2026-08-17 AM,SHIB,Neutral,Neutral,Neutral,Bullish,Neutral,Bullish,Neutral,Neutral,Bullish,Neutral,3,0,none,"p1 Neutral: mechanical count <5 and no holdings, so sentiment.py not triggered per Section 0 amendment; no overrides to mechanical p2-10 labels on review"
2026-08-17T07:23:00Z,2026-08-17 AM,SOL,Neutral,Bearish,Neutral,Bullish,Neutral,Bullish,Neutral,Neutral,Bullish,Neutral,3,1,none,"p1 Neutral: mechanical count <5 and no holdings, so sentiment.py not triggered per Section 0 amendment; no overrides to mechanical p2-10 labels on review"
2026-08-17T07:23:00Z,2026-08-17 AM,TAO,Neutral,Bearish,Neutral,Bullish,Neutral,Neutral,Neutral,Neutral,Bullish,Neutral,2,1,none,"p1 Neutral: mechanical count <5 and no holdings, so sentiment.py not triggered per Section 0 amendment; no overrides to mechanical p2-10 labels on review"
2026-08-17T07:23:00Z,2026-08-17 AM,TRX,Neutral,Bullish,Bullish,Neutral,Neutral,Bullish,Neutral,Neutral,Bullish,Neutral,4,0,held,"sentiment.py (mech 4/9, holding): interest flat, no euphoria, no capitulation, narrative routine (JustLend staking, USDT transfer volumes, DeFi Summer S2 incentives, OKX perps listing) -- no red-flag claims this run (unlike prior checkpoints' single unverified accusation), not a crowd extreme either way. Neutral. | p7_oi override LIFTED this checkpoint: 7d OI printed -0.3% (up from PM's -1.6%), breaking the three-checkpoint deterioration streak (+0.7% -> -0.4% -> -1.6% -> -0.3%) that the standing override was conditioned on reaffirming; 24h OI also improved (-0.5% vs PM's -2.6%, itself improved from AM's -7.0%). This is stabilization, not yet the 'genuine OI re-expansion' the 08-16 AM red-team set as the restore-to-Intact bar (7d OI is still net negative, not positive) -- so conviction stays Weakening/thesis stays Stalled for now, but the specific Bearish-override trigger no longer holds and mechanical Neutral is accepted as-is. Bearish count now 0/10 (down from 1/10 last two checkpoints)."
2026-08-17T07:23:00Z,2026-08-17 AM,UNI,Neutral,Bearish,Bearish,Neutral,Neutral,Bullish,Neutral,Neutral,Bullish,Neutral,2,2,none,"p1 Neutral: mechanical count <5 and no holdings, so sentiment.py not triggered per Section 0 amendment; no overrides to mechanical p2-10 labels on review"
2026-08-17T07:23:00Z,2026-08-17 AM,VIRTUAL,Neutral,Bearish,Neutral,Bullish,Neutral,Bullish,Bullish,Neutral,Bullish,Neutral,4,1,none,"p1 Neutral: mechanical count <5 and no holdings, so sentiment.py not triggered per Section 0 amendment; no overrides to mechanical p2-10 labels on review"
2026-08-17T07:23:00Z,2026-08-17 AM,XLM,Neutral,Bearish,Bearish,Bullish,Neutral,Bullish,Neutral,Neutral,Bullish,Neutral,3,2,none,"p1 Neutral: mechanical count <5 and no holdings, so sentiment.py not triggered per Section 0 amendment; no overrides to mechanical p2-10 labels on review"
2026-08-17T07:23:00Z,2026-08-17 AM,XRP,Neutral,Bearish,Bearish,Bullish,Neutral,Bullish,Bearish,Neutral,Bullish,Neutral,3,3,none,"p1 Neutral: mechanical count <5 and no holdings, so sentiment.py not triggered per Section 0 amendment; no overrides to mechanical p2-10 labels on review"
2026-08-17T07:23:00Z,2026-08-17 AM,ZEC,Neutral,Bullish,Bullish,Neutral,Neutral,Bullish,Neutral,Neutral,Bullish,Neutral,4,0,none,"p1 Neutral: mechanical count <5 and no holdings, so sentiment.py not triggered per Section 0 amendment; no overrides to mechanical p2-10 labels on review"
2026-08-17T19:20:00Z,2026-08-17 PM,BTC,Neutral,Neutral,Neutral,Bullish,Neutral,Bullish,Bullish,Bullish,Bullish,Neutral,5,0,none,"sentiment.py (mech 5/9): interest flat, chatter leans cautious/technical (BTC-dominance-vs-alts framing, hedge-with-a-short suggestion, a 'futures demand turned positive then declined' historical pattern note) but none of it is a crowd-extreme euphoria or capitulation signal -- no red-flag claims. Neutral."
2026-08-17T19:20:00Z,2026-08-17 PM,ETH,Neutral,Neutral,Bullish,Bullish,Neutral,Bullish,Bullish,Bullish,Bullish,Neutral,6,0,none,"sentiment.py (mech 6/9): interest flat, dominated by unrelated NFT/meme spam and low-engagement chatter tagging ETH -- no euphoria, no capitulation, no red-flag claims, no real signal either way. Neutral."
2026-08-17T19:20:00Z,2026-08-17 PM,BNB,Neutral,Neutral,Bullish,Neutral,Neutral,Bullish,Bullish,Bullish,Bullish,Neutral,5,0,none,"sentiment.py (mech 5/9): interest falling but on sparse, low-engagement posts (unrelated memes, generic ecosystem-thinking commentary) -- no capitulation markers and no deteriorating-narrative content to hang a Bearish read on, just apathy. Neutral."
2026-08-17T19:20:00Z,2026-08-17 PM,XRP,Neutral,Bearish,Bearish,Bullish,Neutral,Bullish,Bearish,Bullish,Bullish,Neutral,4,3,none,"p1 Neutral: mechanical count <5 and no holdings, so sentiment.py not triggered per Section 0 amendment; no overrides to mechanical p2-10 labels on review"
2026-08-17T19:20:00Z,2026-08-17 PM,SOL,Neutral,Bearish,Neutral,Bullish,Neutral,Bullish,Neutral,Bullish,Bullish,Neutral,4,1,none,"p1 Neutral: mechanical count <5 and no holdings, so sentiment.py not triggered per Section 0 amendment; no overrides to mechanical p2-10 labels on review"
2026-08-17T19:20:00Z,2026-08-17 PM,TRX,Neutral,Bullish,Neutral,Neutral,Neutral,Bullish,Neutral,Bullish,Bullish,Neutral,4,0,held,"sentiment.py (mech 4/9, holding): interest flat, no euphoria beyond generic 'modest price targets' TA chatter, no capitulation, narrative routine (399M total accounts milestone, USDD staking updates, a large $1.39M exchange outflow) -- no red-flag claims this run. Neutral. | p7_oi: mechanical stays Neutral this run despite 7d OI printing -3.4% (worse again after AM's -0.3% stabilization print, reversing that improvement) -- the mechanical Bearish threshold for 'OI collapsing after a rally' requires oi_7d < -15% WITH a rising week, and TRX's own 7d price change is only +0.06% (flat, not a rally), so the rubric's literal test isn't met and no override is warranted; accepting mechanical Neutral. Flagging for the interim review: OI has now failed to sustain even one clean improving print (+0.7% -> -0.4% -> -1.6% -> -0.3% -> -3.4%), so the thesis's OI-confirmation leg remains unresolved, not repaired -- conviction stays Weakening, thesis stays Stalled, no new trim triggered (Bearish count still 0/10, invalidation $0.318 not breached, no fresh deterioration threshold crossed)."
2026-08-17T19:20:00Z,2026-08-17 PM,DOGE,Neutral,Bearish,Neutral,Neutral,Neutral,Bullish,Bullish,Bullish,Bullish,Neutral,4,1,none,"p1 Neutral: mechanical count <5 and no holdings, so sentiment.py not triggered per Section 0 amendment; no overrides to mechanical p2-10 labels on review"
2026-08-17T19:20:00Z,2026-08-17 PM,ZEC,Neutral,Bullish,Bullish,Neutral,Bullish,Bullish,Neutral,Bullish,Bullish,Neutral,6,0,none,"sentiment.py (mech 6/9): interest flat, dominant narrative is shielded-pool migration + dev updates with a few genuinely bullish TA/price-target posts (one '$1000 target' call) but no broad crowd-extreme euphoria ('everyone's in') and no capitulation markers. Neutral."
2026-08-17T19:20:00Z,2026-08-17 PM,ADA,Neutral,Neutral,Neutral,Bullish,Neutral,Bullish,Neutral,Bullish,Bullish,Neutral,4,0,none,"p1 Neutral: mechanical count <5 and no holdings, so sentiment.py not triggered per Section 0 amendment; no overrides to mechanical p2-10 labels on review"
2026-08-17T19:20:00Z,2026-08-17 PM,LINK,Neutral,Neutral,Neutral,Neutral,Neutral,Bullish,Bullish,Bullish,Bullish,Neutral,4,0,none,"p1 Neutral: mechanical count <5 and no holdings, so sentiment.py not triggered per Section 0 amendment; no overrides to mechanical p2-10 labels on review"
2026-08-17T19:20:00Z,2026-08-17 PM,UNI,Neutral,Bearish,Bearish,Neutral,Neutral,Bullish,Bearish,Bullish,Bullish,Neutral,3,3,none,"p1 Neutral: mechanical count <5 and no holdings, so sentiment.py not triggered per Section 0 amendment; no overrides to mechanical p2-10 labels on review"
2026-08-17T19:20:00Z,2026-08-17 PM,AAVE,Neutral,Bearish,Neutral,Bullish,Neutral,Bullish,Neutral,Bullish,Bullish,Neutral,4,1,none,"p1 Neutral: mechanical count <5 and no holdings, so sentiment.py not triggered per Section 0 amendment; no overrides to mechanical p2-10 labels on review"
2026-08-17T19:20:00Z,2026-08-17 PM,ENA,Neutral,Bearish,Neutral,Bullish,Neutral,Bullish,Neutral,Bullish,Bullish,Neutral,4,1,none,"p1 Neutral: mechanical count <5 and no holdings, so sentiment.py not triggered per Section 0 amendment; no overrides to mechanical p2-10 labels on review"
2026-08-17T19:20:00Z,2026-08-17 PM,MORPHO,Neutral,Bullish,Bullish,Neutral,Neutral,Bullish,Bullish,Bullish,Bullish,Neutral,6,0,none,"sentiment.py (mech 6/9): interest flat, no euphoria, no capitulation -- narrative constructive (TVL growth, accumulation notes) but tempered by the standing 'zero token revenue' concern; same flat-interest/no-crowd-extreme picture as the last two checkpoints. Neutral."
2026-08-17T19:20:00Z,2026-08-17 PM,ONDO,Neutral,Neutral,Bearish,Bullish,Neutral,Bullish,Bearish,Bullish,Bullish,Neutral,4,2,none,"p1 Neutral: mechanical count <5 and no holdings, so sentiment.py not triggered per Section 0 amendment; no overrides to mechanical p2-10 labels on review"
2026-08-17T19:20:00Z,2026-08-17 PM,ETHFI,Neutral,Neutral,Bullish,Neutral,Neutral,Bullish,Bullish,Bullish,Bullish,Neutral,5,0,none,"sentiment.py (mech 5/9): interest flat, genuinely mixed takes (one bullish-structure post, one explicit bearish-bias-below-$0.50 post) -- no one-sided crowd extreme, no red flags. Neutral."
2026-08-17T19:20:00Z,2026-08-17 PM,CAKE,Neutral,Neutral,Bullish,Bullish,Neutral,Bullish,Bullish,Bullish,Bullish,Neutral,6,0,none,"sentiment.py (mech 6/9): interest flat, purely technical-setup chatter (entry/TP levels, OI-on-longs note) with no euphoria or capitulation markers, no red flags. Neutral."
2026-08-17T19:20:00Z,2026-08-17 PM,JUP,Neutral,Bearish,Bearish,Bullish,Neutral,Bullish,Neutral,Bullish,Bullish,Neutral,4,2,none,"p1 Neutral: mechanical count <5 and no holdings, so sentiment.py not triggered per Section 0 amendment; no overrides to mechanical p2-10 labels on review"
2026-08-17T19:20:00Z,2026-08-17 PM,BCH,Neutral,Bearish,Bearish,Bullish,Neutral,Bullish,Bearish,Bullish,Bullish,Neutral,4,3,none,"p1 Neutral: mechanical count <5 and no holdings, so sentiment.py not triggered per Section 0 amendment; no overrides to mechanical p2-10 labels on review"
2026-08-17T19:20:00Z,2026-08-17 PM,XLM,Neutral,Bearish,Bearish,Bullish,Neutral,Bullish,Neutral,Bullish,Bullish,Neutral,4,2,none,"p1 Neutral: mechanical count <5 and no holdings, so sentiment.py not triggered per Section 0 amendment; no overrides to mechanical p2-10 labels on review"
2026-08-17T19:20:00Z,2026-08-17 PM,HBAR,Neutral,Bearish,Bearish,Bullish,Neutral,Bullish,Neutral,Bullish,Bullish,Neutral,4,2,none,"p1 Neutral: mechanical count <5 and no holdings, so sentiment.py not triggered per Section 0 amendment; no overrides to mechanical p2-10 labels on review"
2026-08-17T19:20:00Z,2026-08-17 PM,SHIB,Neutral,Neutral,Neutral,Bullish,Neutral,Bullish,Bearish,Bullish,Bullish,Neutral,4,1,none,"p1 Neutral: mechanical count <5 and no holdings, so sentiment.py not triggered per Section 0 amendment; no overrides to mechanical p2-10 labels on review"
2026-08-17T19:20:00Z,2026-08-17 PM,PEPE,Neutral,Bearish,Bearish,Bullish,Neutral,Bullish,Neutral,Bullish,Bullish,Neutral,4,2,none,"p1 Neutral: mechanical count <5 and no holdings, so sentiment.py not triggered per Section 0 amendment; no overrides to mechanical p2-10 labels on review"
2026-08-17T19:20:00Z,2026-08-17 PM,TAO,Neutral,Bearish,Neutral,Bullish,Neutral,Bullish,Bearish,Bullish,Bullish,Neutral,4,2,none,"p1 Neutral: mechanical count <5 and no holdings, so sentiment.py not triggered per Section 0 amendment; no overrides to mechanical p2-10 labels on review"
2026-08-17T19:20:00Z,2026-08-17 PM,RENDER,Neutral,Bearish,Bearish,Bullish,Neutral,Bullish,Bearish,Bullish,Bullish,Neutral,4,3,none,"p1 Neutral: mechanical count <5 and no holdings, so sentiment.py not triggered per Section 0 amendment; no overrides to mechanical p2-10 labels on review"
2026-08-17T19:20:00Z,2026-08-17 PM,VIRTUAL,Bearish,Neutral,Neutral,Bullish,Neutral,Bullish,Bullish,Bullish,Bullish,Neutral,5,1,none,"sentiment.py (mech 5/9): interest labeled flat but content shows real crowd-extreme euphoria -- 'parabolic soon', '$20 easy' targets, rocket emojis, breakout hype, and VIRTUAL flagged as 'most mentioned ticker' this window, alongside a narrative shift toward scam-adjacent airdrop-claim-portal spam (classic late-stage pump magnet for bad actors). This clears the 'euphoria/everyone's in' bar even though the raw interest-trend field reads flat. Contrarian Bearish."
2026-08-17T19:20:00Z,2026-08-17 PM,ARB,Neutral,Bearish,Bearish,Neutral,Neutral,Bullish,Neutral,Bullish,Bullish,Neutral,3,2,none,"p1 Neutral: mechanical count <5 and no holdings, so sentiment.py not triggered per Section 0 amendment; no overrides to mechanical p2-10 labels on review"
2026-08-17T19:20:00Z,2026-08-17 PM,FIL,Neutral,Bearish,Bearish,Neutral,Neutral,Bullish,Bearish,Bullish,Bullish,Neutral,3,3,none,"p1 Neutral: mechanical count <5 and no holdings, so sentiment.py not triggered per Section 0 amendment; no overrides to mechanical p2-10 labels on review"
2026-08-17T19:20:00Z,2026-08-17 PM,ASTER,Neutral,Bearish,Bearish,Bullish,Neutral,Bullish,Neutral,Bullish,Bullish,Neutral,4,2,none,"p1 Neutral: mechanical count <5 and no holdings, so sentiment.py not triggered per Section 0 amendment; no overrides to mechanical p2-10 labels on review"
2026-08-17T19:20:00Z,2026-08-17 PM,ICP,Neutral,Neutral,Bullish,Neutral,Neutral,Bullish,Bearish,Bullish,Bullish,Neutral,4,1,none,"p1 Neutral: mechanical count <5 and no holdings, so sentiment.py not triggered per Section 0 amendment; no overrides to mechanical p2-10 labels on review"
2026-08-18T07:15:55Z,2026-08-18 AM,BTC,Neutral,Neutral,Neutral,Neutral,Neutral,Bullish,Bullish,Bullish,Bullish,Bullish,5,0,none,"sentiment.py (mech 5/9): flat interest, no euphoria/capitulation -- range-bound technical chatter only. Neutral."
2026-08-18T07:15:55Z,2026-08-18 AM,ETH,Bullish,Neutral,Neutral,Bullish,Neutral,Bullish,Bullish,Bullish,Bullish,Bullish,7,0,armed,"sentiment.py (mech 6/9): flat interest but a one-sided capitulation-flavoured cluster -- 'sentiment plunged to -4.0 bearish', 'life support', 'buyers exhausted', 'slightly fearful' -- zero offsetting euphoria. Same pattern as the 2026-08-08 SOL and 2026-08-08 PM LINK precedents (one-sided despair chatter, no hype dissent) -- contrarian Bullish."
2026-08-18T07:15:55Z,2026-08-18 AM,BNB,Neutral,Neutral,Bullish,Bullish,Neutral,Bullish,Bearish,Bullish,Bullish,Bullish,6,1,none,"sentiment.py (mech 6/9): flat interest, no genuine euphoria/capitulation -- bearish-bias TA chatter plus unrelated presale-scam spam. Neutral."
2026-08-18T07:15:55Z,2026-08-18 AM,XRP,Bearish,Bearish,Bearish,Bullish,Neutral,Bullish,Neutral,Bullish,Bullish,Bullish,5,3,none,"sentiment.py (mech 5/9): flat interest but euphoria dominates -- whale-buying-$71M narrative, $2-by-Aug19/'$30 breakfast' targets, rocket/moons hype, auto-bridging hype-viz; the two 'capitulation' markers are actually anti-panic holder rhetoric ('don't sell'), not despair. One-sided crowd extreme -- contrarian Bearish."
2026-08-18T07:15:55Z,2026-08-18 AM,SOL,Bearish,Bearish,Neutral,Bullish,Neutral,Bullish,Neutral,Bullish,Bullish,Bullish,5,2,none,"sentiment.py (mech 5/9): flat interest but a one-sided hype cluster -- $80 pump price target, rocket emojis, memecoin-gains bragging dominating $SOL-tagged chatter, zero capitulation offset. Same spam/hype-as-euphoria pattern used for VIRTUAL/ETHFI/PUMP previously. Contrarian Bearish."
2026-08-18T07:15:55Z,2026-08-18 AM,TRX,Neutral,Bullish,Bullish,Bullish,Neutral,Bullish,Neutral,Bullish,Bullish,Bullish,7,0,held,"sentiment.py (mech 7/9, held): flat interest, no euphoria/capitulation -- Tron Inc. treasury buys and staked-TRX-ETF filing chatter is constructive but factual, not hype. Neutral."
2026-08-18T07:15:55Z,2026-08-18 AM,DOGE,Neutral,Bearish,Neutral,Bullish,Neutral,Bullish,Bearish,Bullish,Bullish,Bullish,5,2,none,"sentiment.py (mech 5/9): flat interest, genuinely mixed -- euphoria (rocket emojis, '#1 crypto' claims, 'launch coming') roughly balanced against capitulation ('most people lost hope', 'memecoins mostly dead'). No one-sided dominance. Neutral."
2026-08-18T07:15:55Z,2026-08-18 AM,ZEC,Neutral,Bullish,Neutral,Bullish,Bearish,Bullish,Bullish,Bullish,Bullish,Bullish,7,1,armed,"sentiment.py (mech 7/9): flat interest, no euphoria/capitulation -- scattered TA and mining-hardware ads, no crowd extreme. Neutral."
2026-08-18T07:15:55Z,2026-08-18 AM,ADA,Bearish,Bearish,Bearish,Bullish,Neutral,Bullish,Neutral,Bullish,Bullish,Bullish,5,3,none,"sentiment.py (mech 5/9): flat interest, no euphoria; explicit narrative_change flagged -- 'shift toward caution on selling pressure versus recent bullish breakout commentary', whale-dumping warnings, 'extraction scheme' framing. Fits the rubric's 'deteriorating narrative' bearish criterion directly. Bearish."
2026-08-18T07:15:55Z,2026-08-18 AM,LINK,Neutral,Neutral,Bullish,Neutral,Bearish,Bullish,Bullish,Bullish,Bullish,Bullish,6,1,none,"sentiment.py (mech 6/9): falling interest, one isolated euphoria post ('$LINK to $1000') against otherwise sparse/low-engagement chatter and a volume-recovery note -- not a one-sided cluster either direction. Neutral."
2026-08-18T07:15:55Z,2026-08-18 AM,UNI,Neutral,Bearish,Bearish,Neutral,Neutral,Bullish,Neutral,Bullish,Bullish,Bullish,4,2,none,"p1 Neutral: mechanical count <5 and no holdings, so sentiment.py not triggered per Section 0 amendment; no overrides to mechanical p2-10 labels on review."
2026-08-18T07:15:55Z,2026-08-18 AM,AAVE,Bearish,Bearish,Neutral,Bullish,Neutral,Bullish,Neutral,Bullish,Bullish,Bullish,5,2,none,"sentiment.py (mech 5/9): falling interest, no euphoria; deteriorating narrative -- fees compare unfavorably to newer protocols (Axiom), valuation questions tied to Morpho, unverified regulatory-concern red flag. Bearish."
2026-08-18T07:15:55Z,2026-08-18 AM,ENA,Neutral,Bearish,Bearish,Bullish,Neutral,Bullish,Neutral,Bullish,Bullish,Bullish,5,2,none,"sentiment.py (mech 5/9): flat interest, no euphoria/capitulation -- routine TA/momentum chatter only. Neutral."
2026-08-18T07:15:55Z,2026-08-18 AM,MORPHO,Neutral,Bullish,Bullish,Neutral,Neutral,Bullish,Bullish,Bullish,Bullish,Bullish,7,0,armed,"sentiment.py (mech 7/9): flat interest, no euphoria/capitulation -- modest accumulation notes tempered by standing zero-token-revenue concern, same flat picture as recent checkpoints. Neutral."
2026-08-18T07:15:55Z,2026-08-18 AM,ONDO,Neutral,Neutral,Bearish,Bullish,Neutral,Bullish,Bearish,Bullish,Bullish,Bullish,5,2,none,"sentiment.py (mech 5/9): flat interest, genuinely mixed -- euphoria (price targets, breakout momentum) against capitulation/red-flag ('worthless without fee switch', unverified fud that the founder passed away). Mixed, no one-sided dominance. Neutral -- flagging the unverified founder-death claim for MID-routine news verification since it would be a Section 2 red-flag if confirmed."
2026-08-18T07:15:55Z,2026-08-18 AM,ETHFI,Neutral,Neutral,Bullish,Neutral,Bearish,Bullish,Bullish,Bullish,Bullish,Bullish,6,1,none,"sentiment.py (mech 6/9): falling interest; the flagged 'capitulation' marker is market-structure jargon (falling CVD, cooling MFI), not genuine crowd despair, and the dominant narrative this window is hacked-account scam spam plus an unverified supply-discrepancy claim, not organic sentiment. Neutral -- flagging the circulating-supply claim (1.02B vs 1B max, unverified) for follow-up."
2026-08-18T07:15:55Z,2026-08-18 AM,CAKE,Neutral,Bullish,Bullish,Bullish,Neutral,Bullish,Bullish,Bullish,Bullish,Bullish,8,0,armed,"sentiment.py (mech 8/9): flat interest, no euphoria/capitulation -- purely factual burn/emission stats and audit-grade mentions, no crowd extreme either direction. Neutral."
2026-08-18T07:15:55Z,2026-08-18 AM,JUP,Neutral,Bearish,Bearish,Bullish,Neutral,Bullish,Neutral,Bullish,Bullish,Bullish,5,2,none,"sentiment.py (mech 5/9): flat interest, no euphoria/capitulation -- buyback/ecosystem-expansion chatter, factual not hype. Neutral."
2026-08-18T07:15:55Z,2026-08-18 AM,BCH,Neutral,Bearish,Bearish,Bullish,Neutral,Bullish,Bearish,Bullish,Bullish,Bullish,5,3,none,"sentiment.py (mech 5/9): falling interest, no euphoria/capitulation -- pure TA chart chatter. Neutral."
2026-08-18T07:15:55Z,2026-08-18 AM,XLM,Bearish,Bearish,Bearish,Bullish,Neutral,Bullish,Neutral,Bullish,Bullish,Bullish,5,3,none,"sentiment.py (mech 5/9): flat interest but a one-sided euphoria cluster -- '40% pump' hype, $2.40 price targets, 'Stellar szn incoming', 'flipping XRP' claims, zero capitulation offset. Contrarian Bearish."
2026-08-18T07:15:55Z,2026-08-18 AM,HBAR,Neutral,Bearish,Bearish,Bullish,Neutral,Bullish,Neutral,Bullish,Bullish,Bullish,5,2,none,"sentiment.py (mech 5/9): falling interest, mild/mixed -- a low price-target entry mention plus vague 'staff changes' ecosystem concern against 'mild optimism'. Not a one-sided cluster. Neutral -- flagging the unverified staff-change mention for MID-routine news screen (potential team-exit red flag if substantiated)."
2026-08-18T07:15:55Z,2026-08-18 AM,SHIB,Bearish,Neutral,Neutral,Bullish,Neutral,Bullish,Bearish,Bullish,Bullish,Bullish,5,2,none,"sentiment.py (mech 5/9): flat interest but a one-sided euphoria cluster -- price targets, 'to the moon', HODL/accumulate calls, whale/institutional-buying narrative, 'SHIBARMY community strength', zero capitulation offset. Contrarian Bearish."
2026-08-18T07:15:55Z,2026-08-18 AM,PEPE,Neutral,Bearish,Bearish,Bullish,Neutral,Bullish,Neutral,Bullish,Bullish,Bullish,5,2,none,"sentiment.py (mech 5/9): falling interest, no euphoria/capitulation -- low-engagement spam/memes only. Neutral."
2026-08-18T07:15:55Z,2026-08-18 AM,TAO,Neutral,Bearish,Bearish,Bullish,Neutral,Bullish,Bearish,Bullish,Bullish,Bullish,5,3,none,"sentiment.py (mech 5/9): flat interest, no euphoria/capitulation -- subnet buy-alert and long-term-positioning chatter reads as fundamentals-flavoured, not hype; unlike the 2026-08-09 checkpoints, interest itself is flat not rising, so the improving-interest-without-euphoria trigger isn't met this pass. Neutral."
2026-08-18T07:15:55Z,2026-08-18 AM,RENDER,Bullish,Bearish,Bearish,Bullish,Neutral,Bullish,Neutral,Bullish,Bullish,Bullish,6,2,none,"sentiment.py (mech 5/9): falling interest but a one-sided capitulation cluster -- 'looks dead', 'shitcoin', 'bloodbath', 'bear flag breakdown', zero euphoria offset, no fundamental catalyst behind the despair. Same one-sided-despair-no-offset pattern as the 2026-08-08 SOL precedent. Contrarian Bullish."
2026-08-18T07:15:55Z,2026-08-18 AM,VIRTUAL,Bearish,Neutral,Neutral,Bullish,Bearish,Bullish,Bullish,Bullish,Bullish,Bullish,6,2,none,"sentiment.py (mech 6/9): flat interest but a one-sided euphoria cluster -- rocket emojis in top-gainer lists, price targets 0.586/0.590/0.595, 'long the breakout' calls, zero capitulation offset. Milder than the 2026-08-17 PM 'parabolic soon/$20 easy' cluster but same one-sided hype pattern. Contrarian Bearish."
2026-08-18T07:15:55Z,2026-08-18 AM,ARB,Neutral,Bearish,Bearish,Neutral,Neutral,Bullish,Neutral,Bullish,Bullish,Bullish,4,2,none,"p1 Neutral: mechanical count <5 and no holdings, so sentiment.py not triggered per Section 0 amendment; no overrides to mechanical p2-10 labels on review."
2026-08-18T07:15:55Z,2026-08-18 AM,FIL,Neutral,Bearish,Bearish,Neutral,Neutral,Bullish,Bearish,Bullish,Bullish,Bullish,4,3,none,"p1 Neutral: mechanical count <5 and no holdings, so sentiment.py not triggered per Section 0 amendment; no overrides to mechanical p2-10 labels on review."
2026-08-18T07:15:55Z,2026-08-18 AM,ASTER,Neutral,Bearish,Neutral,Bullish,Neutral,Bullish,Neutral,Bullish,Bullish,Bullish,5,1,none,"sentiment.py (mech 4/9): falling interest, low-conviction/spam chatter -- dismissive 'lame, stablecoin-like' comments plus an unverified 'CZ manipulated scam coin' accusation from a single low-engagement source. Not a genuine one-sided despair cluster; flagging the manipulation claim as unverified, single-source. Neutral."
2026-08-18T07:15:55Z,2026-08-18 AM,ICP,Neutral,Neutral,Bullish,Neutral,Neutral,Bullish,Bullish,Bullish,Bullish,Bullish,6,0,none,"sentiment.py (mech 6/9): flat interest; 'capitulation' markers are actually long-standing Theranos/scam accusations (chronic ICP community FUD, unverified, recurring for years) rather than fresh price-despair -- not a genuine capitulation extreme. No euphoria. Neutral."
2026-08-18T19:05:57Z,2026-08-18 PM,AAVE,Neutral,Bearish,Neutral,Bullish,Neutral,Bullish,Neutral,Bullish,Bullish,Bullish,5,1,none,"sentiment.py (mech 5/9): flat interest, genuinely mixed -- euphoria (price targets $100+, rockets, bullish-reversal setups) vs capitulation (bearish prediction, rejected trade entry). Balanced TA debate, no one-sided dominance -- a shift from AM's deteriorating-narrative Bearish read (fee/valuation fud not present this window). Neutral."
2026-08-18T19:05:57Z,2026-08-18 PM,ADA,Neutral,Neutral,Neutral,Bullish,Neutral,Bullish,Neutral,Bullish,Bullish,Bullish,5,0,none,"sentiment.py (mech 5/9): falling interest, no euphoria/capitulation -- sparse mentions, mostly incidental (ADA listed among other L1s), no deteriorating-narrative language this window (unlike AM's whale-dumping flag). Neutral."
2026-08-18T19:05:57Z,2026-08-18 PM,ARB,Neutral,Bearish,Bearish,Neutral,Neutral,Bullish,Bearish,Bullish,Bullish,Bullish,4,3,none,"p1 Neutral: mechanical count <5 and not held, so sentiment.py not triggered per Section 0 amendment; no overrides to mechanical p2-10 labels on review."
2026-08-18T19:05:57Z,2026-08-18 PM,ASTER,Neutral,Bearish,Bearish,Bullish,Neutral,Bullish,Neutral,Bullish,Bullish,Bullish,5,2,none,"sentiment.py (mech 5/9): flat interest, no euphoria/capitulation -- buyback-burn/staking-participation mechanics discussed factually. One unverified 'CZ manipulated scam coin' accusation repeats from AM, still single-source/unconfirmed -- not acted on. Neutral."
2026-08-18T19:05:57Z,2026-08-18 PM,BCH,Neutral,Bearish,Bearish,Bullish,Neutral,Bullish,Bearish,Bullish,Bullish,Bullish,5,3,none,"sentiment.py (mech 5/9): flat interest, no euphoria/capitulation -- factual utility/privacy-tech/CashTokens chatter. Neutral."
2026-08-18T19:05:57Z,2026-08-18 PM,BNB,Neutral,Neutral,Bullish,Bullish,Neutral,Bullish,Bearish,Bullish,Bullish,Bullish,6,1,none,"sentiment.py (mech 6/9): falling interest, no euphoria/capitulation -- sparse bearish-leaning TA chatter, low engagement, one nostalgic/off-topic post. Neutral."
2026-08-18T19:05:57Z,2026-08-18 PM,BTC,Neutral,Neutral,Bullish,Neutral,Neutral,Bullish,Bullish,Bullish,Bullish,Bullish,6,0,none,"sentiment.py (mech 6/9): flat interest, genuinely two-sided debate -- 'has bottomed'/'$72.5k path' euphoria vs 'remain bearish unless above 200MA'/'bearish blood zone $49-51k' dissent. Real bull/bear argument, not a one-sided crowd extreme. Neutral."
2026-08-18T19:05:57Z,2026-08-18 PM,CAKE,Bearish,Bullish,Bullish,Bullish,Neutral,Bullish,Bullish,Bullish,Bullish,Bullish,8,1,confirmed,"sentiment.py (mech 8/9, 2nd consecutive arm): flat interest but a real euphoria cluster -- rocket emojis, explicit '$50 price target / 55x upside', 'tokenization revolution' positioning, zero capitulation offset. Fits the euphoria/everyone's-in bar despite the otherwise clean mechanical picture. Contrarian Bearish -- flagged as the one caution flag on an 8/9-mechanical entry."
2026-08-18T19:05:57Z,2026-08-18 PM,DOGE,Neutral,Bearish,Neutral,Bullish,Neutral,Bullish,Bearish,Bullish,Bullish,Bullish,5,2,none,"sentiment.py (mech 5/9): flat interest, genuinely mixed -- whale-accumulation optimism vs 'dead money... last capitulation before snap-back' single capitulation marker. No one-sided dominance. Neutral."
2026-08-18T19:05:57Z,2026-08-18 PM,ENA,Neutral,Neutral,Neutral,Bullish,Neutral,Bullish,Neutral,Bullish,Bullish,Bullish,5,0,none,"sentiment.py (mech 5/9): flat interest, no euphoria/capitulation -- USDe architecture/yield/TVL-growth analysis, factual not hype. Neutral."
2026-08-18T19:05:57Z,2026-08-18 PM,ETH,Bullish,Neutral,Bullish,Bullish,Neutral,Bullish,Bullish,Bullish,Bullish,Bullish,8,0,confirmed,"sentiment.py (mech 7/9, 2nd consecutive arm): capitulation-tilted 3:1 -- 'like on life support', 'fading rally sell-dominant exhaustion', 'who's still max longing this' vs one isolated 452%-wave-3 rocket-target post (a lone TA call, not a crowd echo). Weaker offset than the AM read (zero-euphoria then) but still net one-sided despair. Contrarian Bullish, logged as thinner-margin than AM's read."
2026-08-18T19:05:57Z,2026-08-18 PM,ETHFI,Neutral,Neutral,Bullish,Neutral,Neutral,Bullish,Bullish,Bullish,Bullish,Bullish,6,0,none,"sentiment.py (mech 6/9): rising interest but genuinely mixed -- euphoria (price targets $0.52-0.60, rockets, 30% weekly jump) offset by real capitulation (sell signals, 'sell the news', artificial-pump fud, bearish distribution notes). Balanced, no one-sided dominance. Neutral -- unverified artificial-pump claim not acted on."
2026-08-18T19:05:57Z,2026-08-18 PM,FIL,Neutral,Bearish,Bearish,Neutral,Bearish,Bullish,Bearish,Bullish,Bullish,Bullish,4,4,none,"p1 Neutral: mechanical count <5 and not held, so sentiment.py not triggered per Section 0 amendment; no overrides to mechanical p2-10 labels on review."
2026-08-18T19:05:57Z,2026-08-18 PM,HBAR,Neutral,Bearish,Bearish,Bullish,Neutral,Bullish,Neutral,Bullish,Bullish,Bullish,5,2,none,"sentiment.py (mech 5/9): falling interest, no euphoria, one skepticism/debate marker (fake-tx-volume concern) rather than despair. Unverified '70% fake transactions' red-flag claim noted, not acted on. Neutral."
2026-08-18T19:05:57Z,2026-08-18 PM,ICP,Neutral,Neutral,Neutral,Neutral,Neutral,Bullish,Bearish,Bullish,Bullish,Bullish,4,1,none,"p1 Neutral: mechanical count <5 and not held, so sentiment.py not triggered per Section 0 amendment; no overrides to mechanical p2-10 labels on review."
2026-08-18T19:05:57Z,2026-08-18 PM,JUP,Neutral,Bearish,Bearish,Bullish,Neutral,Bullish,Neutral,Bullish,Bullish,Bullish,5,2,none,"sentiment.py (mech 5/9): falling interest, no euphoria/capitulation -- mentions are incidental tags inside unrelated Solana memecoin shills, low signal. Neutral."
2026-08-18T19:05:57Z,2026-08-18 PM,LINK,Neutral,Neutral,Neutral,Neutral,Neutral,Bullish,Bullish,Bullish,Bullish,Bullish,5,0,none,"sentiment.py (mech 5/9): flat interest, one mild dismissive capitulation marker ('down 80% from ATH, should sit down') against a constructive CCIP/regulatory-clarity/tokenization narrative -- not a genuine cluster either way. Neutral."
2026-08-18T19:05:57Z,2026-08-18 PM,MORPHO,Neutral,Bullish,Bullish,Neutral,Neutral,Bullish,Bullish,Bullish,Bullish,Bullish,7,0,confirmed,"sentiment.py (mech 7/9, 2nd consecutive arm): flat interest, no euphoria/capitulation -- TVL growth, institutional-ties (Ethra Harbor deploying into Morpho strategies), $3.50 deep-dive target framed analytically not as hype. Neutral."
2026-08-18T19:05:57Z,2026-08-18 PM,ONDO,Bearish,Neutral,Bearish,Bullish,Neutral,Bullish,Bearish,Bullish,Bullish,Bullish,5,3,none,"sentiment.py (mech 5/9): flat interest, euphoria markers present (price targets, rockets, long-TP setups, '174% profit' brag) with capitulation_markers empty this window (a shift from AM's genuinely-mixed read) -- one-sided euphoria now. Contrarian Bearish. Unverified 'founder death' fud red-flag claim repeats from AM, still unconfirmed -- not acted on, flagged again for MID verification."
2026-08-18T19:05:57Z,2026-08-18 PM,PEPE,Neutral,Bearish,Bearish,Neutral,Neutral,Bullish,Neutral,Bullish,Bullish,Bullish,4,2,none,"p1 Neutral: mechanical count <5 and not held, so sentiment.py not triggered per Section 0 amendment; no overrides to mechanical p2-10 labels on review."
2026-08-18T19:05:57Z,2026-08-18 PM,RENDER,Bullish,Bearish,Bearish,Bullish,Neutral,Bullish,Neutral,Bullish,Bullish,Bullish,6,2,none,"sentiment.py (mech 5/9): flat interest, one-sided despair cluster -- 'risk of fresh lows', 'down 90% from ATH', descending-triangle-squeeze framing, narrative_change explicitly 'more focus on downside risk... than prior adoption hype', zero euphoria offset. Contrarian Bullish, consistent with AM."
2026-08-18T19:05:57Z,2026-08-18 PM,SHIB,Bearish,Neutral,Neutral,Bullish,Neutral,Bullish,Bearish,Bullish,Bullish,Bullish,5,2,none,"sentiment.py (mech 5/9): flat interest, one-sided euphoria cluster -- price targets, 'phoenix rising', 'manifest 11:11', 'buy the dip hold 5-10yr', 'smashing zeros', zero capitulation offset. Contrarian Bearish, consistent with AM."
2026-08-18T19:05:57Z,2026-08-18 PM,SOL,Bearish,Neutral,Bullish,Bullish,Neutral,Bullish,Bullish,Bullish,Bullish,Bullish,7,1,armed,"sentiment.py (mech 7/9, first occurrence): flat interest but a one-sided hype cluster -- $80 price target, rocket emojis, memecoin 6x-13x MC-gain bragging, 'early entry' hype, zero capitulation offset. Same spam/hype-as-euphoria pattern as AM's SOL read (which was 5/10 mechanical then). Contrarian Bearish."
2026-08-18T19:05:57Z,2026-08-18 PM,TAO,Bearish,Bearish,Bearish,Bullish,Neutral,Bullish,Bearish,Bullish,Bullish,Bullish,5,4,none,"sentiment.py (mech 5/9): flat interest, one-sided HODL/hype cluster -- 'own 1 TAO and forget', ATH ($715) near-term price-target riddle, 'it's 2014 all over again' grandiose framing, zero capitulation offset. A shift from AM's Neutral read (AM had no euphoria markers; this window does). Contrarian Bearish."
2026-08-18T19:05:57Z,2026-08-18 PM,TRX,Neutral,Bullish,Bullish,Bullish,Bullish,Bullish,Bearish,Bullish,Bullish,Bullish,8,1,held,"sentiment.py (mech 8/9, held): rising interest, no euphoria/capitulation -- Tron Inc. treasury buys (149k TRX add, >710M held), GasFree/USDD support, staked-TRX ETF filing chatter is constructive but factual, not hype. Neutral. OVERRIDE p7_oi Neutral->Bearish: 7d OI printed -7.4% this checkpoint, more than doubling the prior worst single-checkpoint reading (-3.4% PM 08-17) and continuing the OI series (-0.4,-1.6,-0.3,-3.4,-3.1,-7.4) -- the entry thesis's explicit OI-confirmation leg is deteriorating sharply again, reinstating the standing override logic first applied 2026-08-16 AM. Literal rubric threshold (oi_7d<-15% with a rising week) still not met (TRX 7d price chg -0.48%, not a rally), but the magnitude/direction of this checkpoint's move warrants the override on rubric-misread grounds, consistent with the prior precedent."
2026-08-18T19:05:57Z,2026-08-18 PM,UNI,Neutral,Bearish,Bearish,Neutral,Neutral,Bullish,Bearish,Bullish,Bullish,Bullish,4,3,none,"p1 Neutral: mechanical count <5 and not held, so sentiment.py not triggered per Section 0 amendment; no overrides to mechanical p2-10 labels on review."
2026-08-18T19:05:57Z,2026-08-18 PM,VIRTUAL,Neutral,Neutral,Neutral,Bullish,Neutral,Bullish,Bullish,Bullish,Bullish,Bullish,6,0,none,"sentiment.py (mech 6/9): flat interest, euphoria_markers empty; the two flagged 'capitulation' markers ('down 88% from ATH mentioned', 'seems bottomed') are mild/factual rather than genuine crowd despair -- 'seems bottomed' in particular reads as a constructive technical read, not panic. Doesn't clear the one-sided-despair bar used for ETH/RENDER this cycle. Neutral -- would have armed at 7/10 on a Bullish read, but the underlying data is too thin/mild to support that call."
2026-08-18T19:05:57Z,2026-08-18 PM,XLM,Neutral,Bearish,Bearish,Bullish,Neutral,Bullish,Neutral,Bullish,Bullish,Bullish,5,2,none,"sentiment.py (mech 5/9): flat interest, no euphoria/capitulation this window -- institutional-adoption/RWA/regulatory-clarity narrative, mild boosterism ('XLM is the only one to stack') but no pump targets or rocket-emoji cluster like AM's read. Shift from AM's contrarian-Bearish call -- the euphoria cluster did not repeat. Neutral."
2026-08-18T19:05:57Z,2026-08-18 PM,XRP,Bearish,Bearish,Bearish,Bullish,Neutral,Bullish,Neutral,Bullish,Bullish,Bullish,5,3,none,"sentiment.py (mech 5/9): flat interest, one-sided euphoria -- '$2 by Aug 19' targets, '$2.16B in XRP longs added', Japan-adoption narrative, 'may not even need to sell' hopium, zero capitulation offset. Contrarian Bearish."
2026-08-18T19:05:57Z,2026-08-18 PM,ZEC,Neutral,Bullish,Neutral,Bullish,Neutral,Bullish,Bullish,Bullish,Bullish,Bullish,7,0,confirmed,"sentiment.py (mech 7/9, 2nd consecutive arm): flat interest, no euphoria/capitulation -- Cypherpunk/Winklevoss-backed mining expansion (1.92% of supply), new exchange listing, ShieldedLabs zero-indexer privacy tooling -- constructive but factual, no crowd extreme. Neutral."
2026-08-19T07:11:00Z,2026-08-19 AM,AAVE,Neutral,Bearish,Neutral,Bullish,Neutral,Bullish,Neutral,Bullish,Bullish,Neutral,4,1,none,"p1 Neutral: mechanical count <5 and not held, so sentiment.py not triggered per Section 0 amendment; no overrides to mechanical p2-10 labels on review."
2026-08-19T07:11:00Z,2026-08-19 AM,ADA,Neutral,Neutral,Neutral,Bullish,Neutral,Bullish,Neutral,Bullish,Bullish,Neutral,4,0,none,"p1 Neutral: mechanical count <5 and not held, so sentiment.py not triggered per Section 0 amendment; no overrides to mechanical p2-10 labels on review."
2026-08-19T07:11:00Z,2026-08-19 AM,ARB,Bearish,Bearish,Bearish,Bullish,Neutral,Bullish,Bullish,Bullish,Bullish,Neutral,5,3,none,"sentiment.py (mech 5/9): interest falling; red-flag claim verified across multiple posts -- a real 92.65M-token unlock driving the -3.9% move, not manufactured hype; short-side profit-bragging ('188% profit') reflects genuine bearish positioning, not crowd euphoria on the long side. This is 'deteriorating narrative' by the rubric (real supply-pressure event), not contrarian-bullish capitulation -- Bearish."
2026-08-19T07:11:00Z,2026-08-19 AM,ASTER,Neutral,Bearish,Bearish,Bullish,Neutral,Bullish,Neutral,Bullish,Bullish,Neutral,4,2,none,"p1 Neutral: mechanical count <5 and not held, so sentiment.py not triggered per Section 0 amendment; no overrides to mechanical p2-10 labels on review."
2026-08-19T07:11:00Z,2026-08-19 AM,BCH,Neutral,Bearish,Bearish,Bullish,Neutral,Bullish,Bearish,Bullish,Bullish,Neutral,4,3,none,"p1 Neutral: mechanical count <5 and not held, so sentiment.py not triggered per Section 0 amendment; no overrides to mechanical p2-10 labels on review."
2026-08-19T07:11:00Z,2026-08-19 AM,BNB,Neutral,Neutral,Bullish,Bullish,Neutral,Bullish,Bearish,Bullish,Bullish,Neutral,5,1,none,"sentiment.py (mech 5/9): flat interest, no euphoria/capitulation -- red-flag items are low-quality unverified airdrop/meme-contest spam, not a real narrative signal. Neutral, no crowd extreme."
2026-08-19T07:11:00Z,2026-08-19 AM,BTC,Neutral,Neutral,Neutral,Neutral,Neutral,Bullish,Bullish,Bullish,Bullish,Neutral,4,0,none,"p1 Neutral: mechanical count <5 and not held, so sentiment.py not triggered per Section 0 amendment; no overrides to mechanical p2-10 labels on review."
2026-08-19T07:11:00Z,2026-08-19 AM,CAKE,Neutral,Bullish,Neutral,Neutral,Bearish,Bullish,Bullish,Bullish,Bullish,Neutral,5,1,cut,"sentiment.py (mech 5/9, held): flat interest, no euphoria/capitulation this window -- syrup-pool staking promo and routine chart commentary, none of the rocket-emoji/'$50 target'/tokenization-hype language from PM 08-18. Neutral -- that euphoria cluster did not repeat, honest re-read."
2026-08-19T07:11:00Z,2026-08-19 AM,DOGE,Neutral,Bearish,Neutral,Bullish,Neutral,Bullish,Bullish,Bullish,Bullish,Neutral,5,1,none,"sentiment.py (mech 5/9): flat interest; single capitulation marker ('dead money/last capitulation at $0.07') embedded among whale-accumulation and bullish-technical chatter (falling-wedge breakout talk) -- mixed, not one-sided. Neutral."
2026-08-19T07:11:00Z,2026-08-19 AM,ENA,Neutral,Neutral,Neutral,Bullish,Neutral,Bullish,Neutral,Bullish,Bullish,Neutral,4,0,none,"p1 Neutral: mechanical count <5 and not held, so sentiment.py not triggered per Section 0 amendment; no overrides to mechanical p2-10 labels on review."
2026-08-19T07:11:00Z,2026-08-19 AM,ETH,Neutral,Neutral,Bullish,Bullish,Neutral,Bullish,Neutral,Bullish,Bullish,Neutral,5,0,cut,"sentiment.py (mech 5/9, held): flat interest, no euphoria/capitulation markers this window (classifier found none) -- price-breakout anticipation chatter ('wedge tightening', near-$2000 talk) but nothing crowd-extreme. Neutral -- a shift from PM 08-18's contrarian-Bullish call, since the capitulation-tilted chatter (3:1 despair-to-euphoria) that justified that read did not repeat; honest re-read rather than carrying yesterday's label forward."
2026-08-19T07:11:00Z,2026-08-19 AM,ETHFI,Bearish,Neutral,Bullish,Neutral,Bearish,Bullish,Bullish,Bullish,Bullish,Neutral,5,2,none,"sentiment.py (mech 5/9): flat interest, explicit euphoria markers flagged by the classifier -- 'price targets in signals', 'rocket emojis in trading posts', paid-signal-service entry/TP chatter. Contrarian Bearish (consistent with how rocket-emoji/price-target clusters were read for CAKE/SOL/SHIB elsewhere this run) -- mechanical count unaffected re: arming (5/9 mech, still short of 7 even without penalty)."
2026-08-19T07:11:00Z,2026-08-19 AM,FIL,Neutral,Bearish,Bearish,Neutral,Neutral,Bullish,Bearish,Bullish,Bullish,Neutral,3,3,none,"p1 Neutral: mechanical count <5 and not held, so sentiment.py not triggered per Section 0 amendment; no overrides to mechanical p2-10 labels on review."
2026-08-19T07:11:00Z,2026-08-19 AM,HBAR,Neutral,Bearish,Neutral,Bullish,Neutral,Bullish,Neutral,Bullish,Bullish,Neutral,4,1,none,"p1 Neutral: mechanical count <5 and not held, so sentiment.py not triggered per Section 0 amendment; no overrides to mechanical p2-10 labels on review."
2026-08-19T07:11:00Z,2026-08-19 AM,ICP,Bullish,Neutral,Neutral,Bullish,Neutral,Bullish,Bullish,Bullish,Bullish,Neutral,6,0,none,"sentiment.py (mech 5/9): flat interest, no euphoria; explicit capitulation/despair language present ('garbage with ghost devs', 'smeared/manipulated yet coin at $2') alongside a persisting build/shipping narrative (100M tx days, AI-agent infrastructure) -- capitulation with the underlying narrative still intact reads contrarian Bullish per the rubric."
2026-08-19T07:11:00Z,2026-08-19 AM,JUP,Neutral,Bearish,Bearish,Bullish,Neutral,Bullish,Neutral,Bullish,Bullish,Neutral,4,2,none,"p1 Neutral: mechanical count <5 and not held, so sentiment.py not triggered per Section 0 amendment; no overrides to mechanical p2-10 labels on review."
2026-08-19T07:11:00Z,2026-08-19 AM,LINK,Neutral,Neutral,Neutral,Bullish,Neutral,Bullish,Bullish,Bullish,Bullish,Neutral,5,0,none,"sentiment.py (mech 5/9): interest falling but narrative itself not deteriorating (fundamental 'decoupled from BTC cycles' framing, reserve-growth talk) -- no euphoria, no capitulation. Falling attention alone doesn't map to either rubric column; Neutral."
2026-08-19T07:11:00Z,2026-08-19 AM,MORPHO,Neutral,Bullish,Bullish,Neutral,Neutral,Bullish,Bearish,Bullish,Bullish,Neutral,5,1,cut,"sentiment.py (mech 6/9, held): flat interest, no euphoria/capitulation -- OI-level/unlock/protocol chatter, 'crowded positioning' caution noted but not flagged as euphoria by the classifier; Neutral, consistent with prior reads. OVERRODE p7_oi Bullish->Bearish: 24h OI printed -16.3% (a sharp single-day reversal from +17.6% at entry) alongside price down -3.8% since entry -- this is 'OI collapsing after a rally' by the letter of the rubric even though the mechanical script weighted the still-positive 7d print (+7.3%) as Bullish; the 24h collapse directly contradicts the entry thesis's named confirmation leg ('OI keeps expanding alongside price, currently the strongest OI signal of the four adds'), so overriding on rubric-misread grounds."
2026-08-19T07:11:00Z,2026-08-19 AM,ONDO,Neutral,Neutral,Bearish,Bullish,Neutral,Bullish,Bearish,Bullish,Bullish,Neutral,4,2,none,"p1 Neutral: mechanical count <5 and not held, so sentiment.py not triggered per Section 0 amendment; no overrides to mechanical p2-10 labels on review."
2026-08-19T07:11:00Z,2026-08-19 AM,PEPE,Neutral,Bearish,Bearish,Bullish,Neutral,Bullish,Neutral,Bullish,Bullish,Neutral,4,2,none,"p1 Neutral: mechanical count <5 and not held, so sentiment.py not triggered per Section 0 amendment; no overrides to mechanical p2-10 labels on review."
2026-08-19T07:11:00Z,2026-08-19 AM,RENDER,Neutral,Bearish,Bearish,Bullish,Neutral,Bullish,Neutral,Bullish,Bullish,Neutral,4,2,none,"p1 Neutral: mechanical count <5 and not held, so sentiment.py not triggered per Section 0 amendment; no overrides to mechanical p2-10 labels on review."
2026-08-19T07:11:00Z,2026-08-19 AM,SHIB,Bearish,Neutral,Neutral,Bullish,Neutral,Bullish,Bullish,Bullish,Bullish,Neutral,5,1,none,"sentiment.py (mech 5/9): flat interest, strong one-sided euphoria cluster -- price targets ($0.10, $0.000888), rocket emojis, 'to the moon', 'altcoin season awakening', 'WOOF'. Contrarian Bearish, consistent with prior reads."
2026-08-19T07:11:00Z,2026-08-19 AM,SOL,Neutral,Neutral,Bullish,Bullish,Neutral,Bullish,Bullish,Bullish,Bullish,Neutral,6,0,none,"sentiment.py (mech 6/9): flat interest, no euphoria; single mild capitulation marker ('potential bottom at $50-54') embedded in otherwise bearish-leaning TA chatter (lower highs, 29% flush risk) -- not a one-sided crowd-extreme read either way, judged Neutral (shift from PM 08-18's contrarian-Bearish euphoria call, which does not repeat this window). Arm from PM 08-18 (7/10, first occurrence) LAPSES: mechanical 6/9 + Neutral p1 = 6/10, short of the 7/10 second-consecutive-checkpoint bar."
2026-08-19T07:11:00Z,2026-08-19 AM,TAO,Neutral,Bearish,Bearish,Bullish,Neutral,Bullish,Neutral,Bullish,Bullish,Neutral,4,2,none,"p1 Neutral: mechanical count <5 and not held, so sentiment.py not triggered per Section 0 amendment; no overrides to mechanical p2-10 labels on review."
2026-08-19T07:11:00Z,2026-08-19 AM,TRX,Neutral,Bullish,Bullish,Bullish,Neutral,Bullish,Bearish,Bullish,Bullish,Neutral,6,1,exit,"sentiment.py (mech 6/9, held): rising interest but factual/institutional (Tron Inc. treasury buys, GasFree/USDD, staked-TRX ETF filing) not speculative crowd enthusiasm -- no euphoria, no capitulation cluster; consistent Neutral read for the fifth straight checkpoint (rising interest alone doesn't clear the 'improving interest' bar when it's news-driven, not sentiment-cycle-driven). OVERRODE p7_oi Neutral->Bearish: 7d OI printed -13.6%, nearly double the prior worst single-checkpoint reading (-7.4% PM 08-18) and the sharpest deterioration yet on the exact thesis-confirmation metric; literal rubric threshold (<-15% with a rising week) still not technically met (7d price chg -0.92%, not a rally) but magnitude/direction again warrants the rubric-misread override per the standing 08-16 precedent."
2026-08-19T07:11:00Z,2026-08-19 AM,UNI,Neutral,Bearish,Bearish,Neutral,Neutral,Bullish,Bearish,Bullish,Bullish,Neutral,3,3,none,"p1 Neutral: mechanical count <5 and not held, so sentiment.py not triggered per Section 0 amendment; no overrides to mechanical p2-10 labels on review."
2026-08-19T07:11:00Z,2026-08-19 AM,VIRTUAL,Neutral,Bearish,Neutral,Neutral,Neutral,Bullish,Bearish,Bullish,Bullish,Neutral,3,2,none,"p1 Neutral: mechanical count <5 and not held, so sentiment.py not triggered per Section 0 amendment; no overrides to mechanical p2-10 labels on review."
2026-08-19T07:11:00Z,2026-08-19 AM,XLM,Neutral,Bearish,Bearish,Bullish,Neutral,Bullish,Neutral,Bullish,Bullish,Neutral,4,2,none,"p1 Neutral: mechanical count <5 and not held, so sentiment.py not triggered per Section 0 amendment; no overrides to mechanical p2-10 labels on review."
2026-08-19T07:11:00Z,2026-08-19 AM,XRP,Neutral,Bearish,Bearish,Bullish,Neutral,Bullish,Neutral,Bullish,Bullish,Neutral,4,2,none,"p1 Neutral: mechanical count <5 and not held, so sentiment.py not triggered per Section 0 amendment; no overrides to mechanical p2-10 labels on review."
2026-08-19T07:11:00Z,2026-08-19 AM,ZEC,Neutral,Bullish,Neutral,Neutral,Neutral,Bullish,Bullish,Bullish,Bullish,Neutral,5,0,cut,"sentiment.py (mech 5/9, held): flat interest, no euphoria/capitulation -- factual Cypherpunk mining-fleet-acquisition and 'top holding' mentions, scattered signal-list chatter. Neutral, consistent with both prior entry-day reads."
2026-08-19T19:06:11Z,2026-08-19 PM,AAVE,Neutral,Neutral,Neutral,Bullish,Neutral,Bullish,Neutral,Bullish,Bullish,Neutral,4,0,none,"p1 Neutral: mechanical count <5 and not held, so sentiment.py not triggered per Section 0 amendment; no overrides to mechanical p2-10 labels on review."
2026-08-19T19:06:11Z,2026-08-19 PM,ADA,Neutral,Neutral,Neutral,Bullish,Neutral,Bullish,Neutral,Bullish,Bullish,Neutral,4,0,none,"p1 Neutral: mechanical count <5 and not held, so sentiment.py not triggered per Section 0 amendment; no overrides to mechanical p2-10 labels on review."
2026-08-19T19:06:11Z,2026-08-19 PM,ARB,Neutral,Bearish,Neutral,Neutral,Bullish,Bullish,Bullish,Bullish,Bullish,Neutral,5,1,none,"sentiment.py (mech 5/9): flat interest, no euphoria/capitulation -- BVNK USDC payment-rail expansion and routine DeFi/swap promo chatter. No crowd extreme, no fresh red flags (consistent with the 08-19 MID re-screen). Neutral."
2026-08-19T19:06:11Z,2026-08-19 PM,ASTER,Neutral,Bearish,Neutral,Bullish,Bullish,Bullish,Neutral,Bullish,Bullish,Neutral,5,1,none,"sentiment.py (mech 5/9): falling interest, genuinely mixed -- one rocket-emoji pump joke and a DEX-competition promo (euphoria-ish) versus 'CZ manipulated scam' / 'retail extraction mechanism' accusations (capitulation/distrust-ish), neither side dominant. Neutral."
2026-08-19T19:06:11Z,2026-08-19 PM,BCH,Neutral,Bearish,Bearish,Bullish,Bullish,Bullish,Bearish,Bullish,Bullish,Neutral,5,3,none,"sentiment.py (mech 5/9): falling interest, no euphoria/capitulation -- low-engagement spam and isolated 'BCH is the real Bitcoin' posts. No crowd extreme. Neutral."
2026-08-19T19:06:11Z,2026-08-19 PM,BNB,Neutral,Neutral,Bullish,Bullish,Bullish,Bullish,Neutral,Bullish,Bullish,Neutral,6,0,none,"sentiment.py (mech 6/9): flat interest, no euphoria/capitulation -- VIP-fee promos, affiliate spam, light memes. No crowd extreme. Neutral."
2026-08-19T19:06:11Z,2026-08-19 PM,BTC,Bearish,Neutral,Neutral,Bullish,Bullish,Bullish,Neutral,Bullish,Bullish,Neutral,5,1,none,"sentiment.py (mech 5/9): rising interest with a genuine euphoria cluster breaking out on the rally -- '$100k' price targets, BTC giveaway spam, unverified 'coordinated $9.7B institutional buy' claims, narrative_change explicitly 'shift from consolidation/bearish chatter to sudden pump excitement.' Capitulation remnants (MSTR death-spiral, bull-trap warnings) are the losing side of a sentiment flip, not the dominant read. Contrarian Bearish -- flagged for the pre-mortem regime read given today's BTC +5.6%/24h move."
2026-08-19T19:06:11Z,2026-08-19 PM,CAKE,Neutral,Bullish,Bearish,Neutral,Bullish,Bullish,Bullish,Bullish,Bullish,Neutral,6,1,none,"sentiment.py (mech 6/9): flat interest, no euphoria/capitulation -- narrative dominated by Cheesecake Factory stock-ticker confusion, only one isolated hype claim ('whales expected to violently pump'). Too thin/mixed a signal to call a crowd extreme. Neutral."
2026-08-19T19:06:11Z,2026-08-19 PM,DOGE,Neutral,Neutral,Bullish,Bullish,Bullish,Bullish,Bullish,Bullish,Bullish,Neutral,7,0,armed,"sentiment.py (mech 7/9): flat interest, no euphoria/capitulation markers this window -- consolidation/whale-accumulation narrative near $0.07 support, technical breakout chatter, low excitement. No crowd extreme either direction. Neutral."
2026-08-19T19:06:11Z,2026-08-19 PM,ENA,Neutral,Neutral,Neutral,Bullish,Neutral,Bullish,Bullish,Bullish,Bullish,Neutral,5,0,none,"sentiment.py (mech 5/9): flat interest, no euphoria/capitulation -- pure TA-chart chatter (MACD crossovers, breakout setups) with both long and short calls represented. No crowd extreme. Neutral."
2026-08-19T19:06:11Z,2026-08-19 PM,ETH,Neutral,Neutral,Bearish,Bullish,Bullish,Bullish,Bullish,Bullish,Bullish,Neutral,6,1,none,"sentiment.py (mech 6/9): flat interest; capitulation-flavored markers present ('speculative move concerns', 'sell-dominant volume/exhaustion signals') but read as skeptical/disbelief-rally chatter alongside a genuine +9.2% 24h move, not one-sided despair -- mixed with fundamentally-bullish L2/staking framing. Not a clean fit for either rubric column; declining to force a 7th Bullish parameter on an ambiguous read (Section 7's explicit failure mode). Neutral."
2026-08-19T19:06:11Z,2026-08-19 PM,ETHFI,Bearish,Neutral,Bullish,Neutral,Neutral,Bullish,Bullish,Bullish,Bullish,Neutral,5,1,none,"sentiment.py (mech 5/9): flat interest, euphoria cluster ('price targets $0.52-0.60', rocket emojis, bullish trend setups) outweighing scattered skepticism, with narrative_change flagging a fresh shift from 'dead long-term chart' to short-term momentum-chasing hype. Contrarian Bearish, consistent with the AM 08-19 read."
2026-08-19T19:06:11Z,2026-08-19 PM,FIL,Neutral,Bearish,Bearish,Neutral,Neutral,Bullish,Bearish,Bullish,Bullish,Neutral,3,3,none,"p1 Neutral: mechanical count <5 and not held, so sentiment.py not triggered per Section 0 amendment; no overrides to mechanical p2-10 labels on review."
2026-08-19T19:06:11Z,2026-08-19 PM,HBAR,Neutral,Neutral,Bullish,Neutral,Bullish,Bullish,Bullish,Bullish,Bullish,Neutral,6,0,none,"sentiment.py (mech 6/9): flat interest, no euphoria/capitulation -- commodity-classification chatter, one swing-trade signal call, NFT floor stats. No crowd extreme. Neutral."
2026-08-19T19:06:11Z,2026-08-19 PM,ICP,Neutral,Neutral,Neutral,Bullish,Neutral,Bullish,Bullish,Bullish,Bullish,Neutral,5,0,none,"sentiment.py (mech 5/9): flat interest, no genuine capitulation this window (unlike AM 08-19's despair-language read) -- mostly factual shipping/throughput narrative plus a couple of jokes misclassified as euphoria markers, not real crowd-extreme hype. Honest re-read rather than carrying yesterday's Bullish label forward. Neutral."
2026-08-19T19:06:11Z,2026-08-19 PM,JUP,Neutral,Bearish,Neutral,Neutral,Neutral,Bullish,Neutral,Bullish,Bullish,Neutral,3,1,none,"p1 Neutral: mechanical count <5 and not held, so sentiment.py not triggered per Section 0 amendment; no overrides to mechanical p2-10 labels on review."
2026-08-19T19:06:11Z,2026-08-19 PM,LINK,Bullish,Neutral,Bearish,Neutral,Bullish,Bullish,Bullish,Bullish,Bullish,Neutral,6,1,none,"sentiment.py (mech 5/9): rising interest, zero euphoria markers -- narrative is real institutional adoption (CCIP live with Wyoming FRNT/BitGo WBTC/Robinhood, Standard Chartered $200 target from an actual bank desk, Sergey Nazarov at the White House crypto event), not speculative chatter. Textbook 'improving interest without euphoria.' Contrarian Bullish."
2026-08-19T19:06:11Z,2026-08-19 PM,MORPHO,Bearish,Bullish,Bullish,Neutral,Neutral,Bullish,Bullish,Bullish,Bullish,Neutral,6,1,none,"sentiment.py (mech 6/9): flat interest, euphoria markers present ('price targets to $2.60', 'rocket emojis in charts') alongside real trading-signal long-entry promotion (2.14-2.18 targeting 2.40). Contrarian Bearish."
2026-08-19T19:06:11Z,2026-08-19 PM,ONDO,Neutral,Neutral,Bearish,Bullish,Neutral,Bullish,Bullish,Bullish,Bullish,Neutral,5,1,none,"sentiment.py (mech 5/9): flat interest, single capitulation marker ('still our Ondo token is useless') buried in generic watchlist-promo noise -- too thin and unfocused to read as genuine crowd capitulation. Neutral."
2026-08-19T19:06:11Z,2026-08-19 PM,PEPE,Neutral,Bearish,Neutral,Bullish,Neutral,Bullish,Bearish,Bullish,Bullish,Neutral,4,2,none,"p1 Neutral: mechanical count <5 and not held, so sentiment.py not triggered per Section 0 amendment; no overrides to mechanical p2-10 labels on review."
2026-08-19T19:06:11Z,2026-08-19 PM,RENDER,Neutral,Bearish,Neutral,Neutral,Bullish,Bullish,Bearish,Bullish,Bullish,Neutral,4,2,none,"p1 Neutral: mechanical count <5 and not held, so sentiment.py not triggered per Section 0 amendment; no overrides to mechanical p2-10 labels on review."
2026-08-19T19:06:11Z,2026-08-19 PM,SHIB,Bearish,Neutral,Neutral,Bullish,Neutral,Bullish,Bullish,Bullish,Bullish,Neutral,5,1,none,"sentiment.py (mech 5/9): falling interest, no price euphoria but a deteriorating-narrative signal -- Shytoshi Kusama conflict-of-interest/accountability questions plus an active Telegram scam targeting holders. Contrarian Bearish on the deteriorating-narrative column, distinct basis from prior checkpoints' euphoria-based Bearish reads but same conclusion."
2026-08-19T19:06:11Z,2026-08-19 PM,SOL,Neutral,Neutral,Neutral,Neutral,Bullish,Bullish,Neutral,Bullish,Bullish,Neutral,4,0,none,"p1 Neutral: mechanical count <5 and not held, so sentiment.py not triggered per Section 0 amendment; no overrides to mechanical p2-10 labels on review."
2026-08-19T19:06:11Z,2026-08-19 PM,TAO,Neutral,Bearish,Neutral,Neutral,Bullish,Bullish,Neutral,Bullish,Bullish,Neutral,4,1,none,"p1 Neutral: mechanical count <5 and not held, so sentiment.py not triggered per Section 0 amendment; no overrides to mechanical p2-10 labels on review."
2026-08-19T19:06:11Z,2026-08-19 PM,TRX,Neutral,Bullish,Neutral,Bullish,Neutral,Bullish,Neutral,Bullish,Bullish,Neutral,5,0,none,"sentiment.py (mech 5/9, ex-held): flat interest, no euphoria/capitulation -- stablecoin-dominance and Staked-TRX-ETF-filing chatter stayed factual/institutional, consistent with the sixth straight Neutral read. Neutral."
2026-08-19T19:06:11Z,2026-08-19 PM,UNI,Neutral,Neutral,Neutral,Neutral,Neutral,Bullish,Bearish,Bullish,Bullish,Neutral,3,1,none,"p1 Neutral: mechanical count <5 and not held, so sentiment.py not triggered per Section 0 amendment; no overrides to mechanical p2-10 labels on review."
2026-08-19T19:06:11Z,2026-08-19 PM,VIRTUAL,Neutral,Neutral,Neutral,Neutral,Neutral,Bullish,Neutral,Bullish,Bullish,Neutral,3,0,none,"p1 Neutral: mechanical count <5 and not held, so sentiment.py not triggered per Section 0 amendment; no overrides to mechanical p2-10 labels on review."
2026-08-19T19:06:11Z,2026-08-19 PM,XLM,Neutral,Bearish,Neutral,Neutral,Neutral,Bullish,Bullish,Bullish,Bullish,Neutral,4,1,none,"p1 Neutral: mechanical count <5 and not held, so sentiment.py not triggered per Section 0 amendment; no overrides to mechanical p2-10 labels on review."
2026-08-19T19:06:11Z,2026-08-19 PM,XRP,Bullish,Bearish,Bullish,Neutral,Bullish,Bullish,Bullish,Bullish,Bullish,Neutral,7,1,armed,"sentiment.py (mech 6/9): falling interest, one-sided capitulation cluster ('bearish chatter surging', 'sentiment sours... drops 73% from ATH', 'expecting nuke to $0.5', narrative_change explicitly 'shift from prior optimism to downside focus') with zero euphoria markers -- a complete reversal from PM 08-18's euphoria-Bearish read ('$2 by Aug19' targets, hopium) within 48h. Price is actually up +6.66% 24h/+6.28% 7d today (part of the broad market rally) while social sentiment still reads despair -- textbook lagged-capitulation-into-reversal. No fresh negative fundamental news (red_flag_claims empty), so thesis reads intact. Contrarian Bullish."
2026-08-19T19:06:11Z,2026-08-19 PM,ZEC,Bearish,Bullish,Bullish,Neutral,Bullish,Bullish,Bullish,Bullish,Bullish,Neutral,7,1,armed,"sentiment.py (mech 7/9, held-until-this-morning): flat interest but a real shift toward trading-signal chatter -- price targets ($500-536), long entries actively promoted, 'reclaims $520' framing -- versus PM 08-18's factual mining-fleet/ETF-filing read. Contrarian Bearish (consistent with how price-target/long-promotion clusters are read elsewhere in this system); doesn't block the 7/10 mechanical read since Bearish only adds to the bear count, not subtracts from bull."
2026-08-20T07:20:24Z,2026-08-20 AM,BTC,Neutral,Neutral,Neutral,Bullish,Neutral,Bullish,Neutral,Bullish,Bullish,Neutral,4,0,none,"p1 Neutral: mechanical count <5 and not held, so sentiment.py not triggered per Section 0 amendment; no overrides to mechanical p2-10 labels on review."
2026-08-20T07:20:24Z,2026-08-20 AM,ETH,Bearish,Neutral,Bearish,Bullish,Neutral,Bullish,Bullish,Bullish,Bullish,Neutral,5,2,none,"sentiment.py (mech 5/9): rising interest, one-sided euphoria cluster -- $3000 price targets, 93% Polymarket odds of further upside, short-squeeze framing, positive spin on the +17-20% surge; zero capitulation markers. Contrarian Bearish -- a clearer euphoria read than PM 08-19's ambiguous skeptical-rally chatter, consistent with RSI now printing 82.4 (deep overbought)."
2026-08-20T07:20:24Z,2026-08-20 AM,BNB,Neutral,Neutral,Neutral,Neutral,Neutral,Bullish,Neutral,Bullish,Bullish,Neutral,3,0,none,"p1 Neutral: mechanical count <5 and not held, so sentiment.py not triggered per Section 0 amendment; no overrides to mechanical p2-10 labels on review."
2026-08-20T07:20:24Z,2026-08-20 AM,XRP,Bearish,Neutral,Bullish,Bullish,Neutral,Bullish,Bullish,Bullish,Bullish,Neutral,6,1,none,"sentiment.py (mech 6/9): rising interest, one-sided euphoria cluster -- viral rocket-emoji ""BOOOOOOOOOM"" post, an unverified red-flag claim of a US bill replacing FedNow with XRP, plus genuine $253.6M ETP inflows; zero capitulation markers. Contrarian Bearish -- a full reversal of PM 08-19's capitulation-driven Bullish read, consistent with price actually running (+9.96% 7d)."
2026-08-20T07:20:24Z,2026-08-20 AM,SOL,Bullish,Neutral,Bearish,Bullish,Neutral,Bullish,Bullish,Bullish,Bullish,Neutral,6,1,none,"sentiment.py (mech 5/9): flat interest, capitulation markers present -- explicit 29-30% flush-to-$52-54 risk chatter and ""bear market isn't over"" framing -- with zero euphoria despite price actually up +12.69% 7d; a genuine sentiment/price mismatch, thesis intact, no red flags. Contrarian Bullish."
2026-08-20T07:20:24Z,2026-08-20 AM,TRX,Neutral,Bullish,Bullish,Bullish,Neutral,Bullish,Bearish,Bullish,Bullish,Neutral,6,1,none,"sentiment.py (mech 6/9, ex-held): flat interest, no euphoria/capitulation -- same factual treasury/staking/bridge-liquidity narrative as every prior checkpoint. Neutral. OVERRODE p7_oi Neutral->Bearish: 7d OI printed -15.9%, the sharpest OI contraction since the reads that closed this position (worse than the -13.6% that triggered the 2026-08-19 AM full exit) while price is flat (chg7d -0.33%, not a rally) -- literal 'collapsing after a rally' threshold not technically met, but magnitude/direction again warrants the rubric-misread override on the same standing precedent."
2026-08-20T07:20:24Z,2026-08-20 AM,DOGE,Neutral,Neutral,Bullish,Neutral,Neutral,Bullish,Bullish,Bullish,Bullish,Neutral,5,0,none,"sentiment.py (mech 5/9): flat interest, genuinely mixed -- rocket-emoji/historical-pump euphoria markers offset by ""tired holding""/""if breaks hope gone"" capitulation markers, neither dominant. Neutral, consistent with the PM 08-19 read. Arm from PM 08-19 (7/10, first occurrence) LAPSES: mechanical 5/9 + Neutral p1 = 5/10, short of the 7/10 second-consecutive-checkpoint bar."
2026-08-20T07:20:24Z,2026-08-20 AM,ZEC,Bearish,Bullish,Bullish,Neutral,Bearish,Bearish,Bullish,Bullish,Bullish,Neutral,5,3,none,"sentiment.py (mech 5/9): flat interest, euphoria markers (Moonshot Top-100 listing push, Winklevoss hashrate-acquisition hype) with no genuine offsetting capitulation (the ""short setups""/""TP hits on shorts"" markers are routine trading chatter, not crowd despair). Contrarian Bearish, consistent with the PM 08-19 read. Arm from PM 08-19 (7/10, first occurrence) LAPSES: mechanical 5/9 + Bearish p1 = 5/10 (3/10 Bearish), short of the 7/10 second-consecutive-checkpoint bar."
2026-08-20T07:20:24Z,2026-08-20 AM,ADA,Neutral,Neutral,Neutral,Neutral,Neutral,Bullish,Neutral,Bullish,Bullish,Neutral,3,0,none,"p1 Neutral: mechanical count <5 and not held, so sentiment.py not triggered per Section 0 amendment; no overrides to mechanical p2-10 labels on review."
2026-08-20T07:20:24Z,2026-08-20 AM,LINK,Neutral,Neutral,Bearish,Neutral,Neutral,Bullish,Bullish,Bullish,Bullish,Neutral,4,1,none,"p1 Neutral: mechanical count <5 and not held, so sentiment.py not triggered per Section 0 amendment; no overrides to mechanical p2-10 labels on review."
2026-08-20T07:20:24Z,2026-08-20 AM,UNI,Neutral,Neutral,Neutral,Neutral,Neutral,Bullish,Neutral,Bullish,Bullish,Neutral,3,0,none,"p1 Neutral: mechanical count <5 and not held, so sentiment.py not triggered per Section 0 amendment; no overrides to mechanical p2-10 labels on review."
2026-08-20T07:20:24Z,2026-08-20 AM,AAVE,Neutral,Neutral,Bullish,Neutral,Bearish,Bullish,Neutral,Bullish,Bullish,Neutral,4,1,none,"p1 Neutral: mechanical count <5 and not held, so sentiment.py not triggered per Section 0 amendment; no overrides to mechanical p2-10 labels on review."
2026-08-20T07:20:24Z,2026-08-20 AM,ENA,Bearish,Neutral,Bullish,Neutral,Bearish,Bullish,Bullish,Bullish,Bullish,Neutral,5,2,none,"sentiment.py (mech 5/9): flat interest, euphoria markers -- multiple long-entry price-target posts (TP1-TP3 to 0.098), ""send back to ATH"" calls, a meme countdown to $3. Contrarian Bearish."
2026-08-20T07:20:24Z,2026-08-20 AM,MORPHO,Bearish,Bullish,Bullish,Neutral,Neutral,Bullish,Bullish,Bullish,Bullish,Neutral,6,1,none,"sentiment.py (mech 6/9): flat interest, euphoria markers -- bullish-triangle $2.60 target, $3.50/2026 and $60/2030 price targets, rocket emojis on charts. Contrarian Bearish, consistent with the PM 08-18 entry-day read and the same price-target-chasing pattern that preceded this coin's own staged-entry cut."
2026-08-20T07:20:24Z,2026-08-20 AM,ONDO,Neutral,Neutral,Neutral,Neutral,Neutral,Bullish,Bullish,Bullish,Bullish,Neutral,4,0,none,"p1 Neutral: mechanical count <5 and not held, so sentiment.py not triggered per Section 0 amendment; no overrides to mechanical p2-10 labels on review."
2026-08-20T07:20:24Z,2026-08-20 AM,ETHFI,Neutral,Bearish,Neutral,Bullish,Bearish,Bullish,Bullish,Bullish,Bullish,Neutral,5,2,none,"sentiment.py (mech 5/9): flat interest, thin/balanced signal -- modest bullish chart-level chatter (0.52/0.54 targets) offset by a mild complaint the token isn't pumping while others do; neither a clean euphoria nor capitulation extreme, notably thinner than PM 08-18/AM 08-19's clearer euphoria calls. Neutral -- an honest re-read rather than carrying the prior label forward."
2026-08-20T07:20:24Z,2026-08-20 AM,CAKE,Bearish,Bullish,Bearish,Neutral,Neutral,Bullish,Bullish,Bullish,Bullish,Neutral,5,2,none,"sentiment.py (mech 5/9): flat interest, euphoria markers -- price targets to $50, rocket emojis, ""broken triangle could provide 50-60% rise"" -- plus an unverified ""team is thieves"" claim that doesn't offset the dominant euphoria framing. Contrarian Bearish."
2026-08-20T07:20:24Z,2026-08-20 AM,JUP,Neutral,Neutral,Neutral,Neutral,Bearish,Bullish,Neutral,Bullish,Bullish,Neutral,3,1,none,"p1 Neutral: mechanical count <5 and not held, so sentiment.py not triggered per Section 0 amendment; no overrides to mechanical p2-10 labels on review."
2026-08-20T07:20:24Z,2026-08-20 AM,BCH,Neutral,Bearish,Neutral,Neutral,Bullish,Bullish,Bullish,Bullish,Bullish,Neutral,5,1,none,"sentiment.py (mech 5/9): flat interest, no euphoria/capitulation -- purely factual unbanked-use-case and price-snapshot content. Neutral."
2026-08-20T07:20:24Z,2026-08-20 AM,XLM,Bearish,Bearish,Neutral,Bullish,Bearish,Bullish,Bullish,Bullish,Bullish,Neutral,5,3,none,"sentiment.py (mech 5/9): rising interest, strong one-sided euphoria cluster -- rocket emojis, ""IS $XLM ABOUT TO FLIP $XRP"", 40%-pump claims, narrative_change explicitly flagging a shift to XLM-overtaking-XRP framing. Contrarian Bearish."
2026-08-20T07:20:24Z,2026-08-20 AM,HBAR,Neutral,Neutral,Bullish,Neutral,Neutral,Bullish,Bullish,Bullish,Bullish,Neutral,5,0,none,"sentiment.py (mech 5/9): flat interest, no euphoria/capitulation -- ETF-inflow and enterprise-adoption narrative, one isolated defensive ""not a scam"" rebuttal (not a red flag). Neutral."
2026-08-20T07:20:24Z,2026-08-20 AM,SHIB,Bearish,Bearish,Bullish,Bullish,Neutral,Bullish,Neutral,Bullish,Bullish,Neutral,5,2,none,"sentiment.py (mech 5/9): flat interest, one-sided euphoria cluster -- rocket emojis, ""EXTREMELY BULLISH"", ""8B people will get shares"", whale-stacking claims. Contrarian Bearish, consistent with prior reads."
2026-08-20T07:20:24Z,2026-08-20 AM,PEPE,Neutral,Bearish,Bullish,Neutral,Neutral,Neutral,Bullish,Bullish,Bullish,Neutral,4,1,none,"p1 Neutral: mechanical count <5 and not held, so sentiment.py not triggered per Section 0 amendment; no overrides to mechanical p2-10 labels on review."
2026-08-20T07:20:24Z,2026-08-20 AM,TAO,Neutral,Neutral,Bullish,Neutral,Neutral,Neutral,Neutral,Bullish,Bullish,Neutral,3,0,none,"p1 Neutral: mechanical count <5 and not held, so sentiment.py not triggered per Section 0 amendment; no overrides to mechanical p2-10 labels on review."
2026-08-20T07:20:24Z,2026-08-20 AM,RENDER,Neutral,Bearish,Bullish,Neutral,Neutral,Bullish,Bearish,Bullish,Bullish,Neutral,4,2,none,"p1 Neutral: mechanical count <5 and not held, so sentiment.py not triggered per Section 0 amendment; no overrides to mechanical p2-10 labels on review."
2026-08-20T07:20:24Z,2026-08-20 AM,VIRTUAL,Neutral,Neutral,Bullish,Neutral,Neutral,Bullish,Bearish,Bullish,Bullish,Neutral,4,1,none,"p1 Neutral: mechanical count <5 and not held, so sentiment.py not triggered per Section 0 amendment; no overrides to mechanical p2-10 labels on review."
2026-08-20T07:20:24Z,2026-08-20 AM,ARB,Neutral,Neutral,Bullish,Bullish,Neutral,Bullish,Bullish,Bullish,Bullish,Neutral,6,0,none,"sentiment.py (mech 6/9): flat interest, no euphoria/capitulation -- narrative is mixed/skeptical (strong network growth vs. token capturing no revenue, heavy unlocks); no crowd extreme either direction. Neutral."
2026-08-20T07:20:24Z,2026-08-20 AM,FIL,Neutral,Bearish,Bearish,Neutral,Neutral,Bullish,Bearish,Bullish,Bullish,Neutral,3,3,none,"p1 Neutral: mechanical count <5 and not held, so sentiment.py not triggered per Section 0 amendment; no overrides to mechanical p2-10 labels on review."
2026-08-20T07:20:24Z,2026-08-20 AM,ASTER,Neutral,Neutral,Neutral,Bullish,Bullish,Neutral,Bullish,Bullish,Bullish,Neutral,5,0,none,"sentiment.py (mech 5/9): flat interest, thin/mixed -- no euphoria markers this window, only skeptical/distrust chatter (""extraction mechanism for Binance Cartel"", a closed short at -1R) alongside a genuine buy-thesis post; not a clean capitulation extreme either. Neutral."
2026-08-20T07:20:24Z,2026-08-20 AM,ICP,Neutral,Neutral,Bullish,Neutral,Neutral,Bullish,Bullish,Bullish,Bullish,Neutral,5,0,none,"sentiment.py (mech 5/9): falling interest, mixed -- price-target euphoria ($20-$100) coexists with a bearish ""double-top"" technical call and a ""coordinated FUD is bullish"" framing that itself implies current sentiment is actually negative; too internally contradictory to call a clean crowd extreme either way. Neutral -- an honest re-read vs. AM 08-19's capitulation-based Bullish call, not repeated by today's data."
2026-08-20T19:13:42Z,2026-08-20 PM,BTC,Neutral,Neutral,Bearish,Bullish,Bullish,Bullish,Bullish,Bullish,Bullish,Neutral,6,1,none,"sentiment.py (mech 6/9): interest flat, no euphoria and no capitulation markers -- crowd still framing it as a bear/DCA regime (""macro bottom call"", ""DCA during bear"") while price melts up +14.1% 7d. Absence of euphoria at RSI 79.5 is notable but interest is flat, not improving, so neither Bullish branch is cleanly met. Neutral. No overrides to mechanical p2-p10 labels on review."
2026-08-20T19:13:42Z,2026-08-20 PM,ETH,Bearish,Neutral,Bearish,Bullish,Bullish,Bullish,Bullish,Bullish,Bullish,Neutral,6,2,none,"sentiment.py (mech 6/9): interest RISING with clear euphoria markers (""ETH going bizzerk"", $3300-$3400 targets, ""potential insiders signaling ETH flip"") after a +23.0% 7d run and RSI 84.2. Contrarian read on a rising-interest euphoria print at the most overbought RSI on the board: Bearish. No overrides to mechanical p2-p10 labels on review."
2026-08-20T19:13:42Z,2026-08-20 PM,BNB,Neutral,Neutral,Bearish,Neutral,Bullish,Bullish,Bullish,Bullish,Bullish,Neutral,5,1,none,"sentiment.py (mech 5/9): flat interest, scattered BNB-chain project mentions and some negative-PNL posts; no euphoria, no capitulation, no crowd extreme. Neutral. No overrides to mechanical p2-p10 labels on review."
2026-08-20T19:13:42Z,2026-08-20 PM,XRP,Neutral,Neutral,Bearish,Bullish,Bullish,Bullish,Bullish,Bullish,Bullish,Neutral,6,1,none,"sentiment.py (mech 6/9): interest flat, zero euphoria and zero capitulation markers; narrative is fundamentals-led (Ripple payments deployments, RLUSD, ETF buying) with resistance chatter near $1.31. Yesterday PM/AM 08-20 Bearish read (viral unverified ""FedNow replaced by XRP"" claim) has washed out of the window and is not repeated by today data. Neutral -- an honest downgrade of the Bearish call, not a new Bullish one. No overrides to mechanical p2-p10 labels on review."
2026-08-20T19:13:42Z,2026-08-20 PM,SOL,Neutral,Neutral,Bearish,Bullish,Bullish,Bullish,Bullish,Bullish,Bullish,Neutral,6,1,none,"sentiment.py (mech 6/9): flat interest with euphoria AND capitulation markers side by side (""bottom is in"" / rockets vs. ""bear market isn't over"", ""potential 29-30% flush""); narrative_change notes a shift from bearish TA toward pump-chasing. Genuinely two-sided, no clean crowd extreme. Neutral -- honest re-read vs. AM 08-20 contrarian-Bullish (crowd fear), which today data no longer supports. No overrides to mechanical p2-p10 labels on review."
2026-08-20T19:13:42Z,2026-08-20 PM,TRX,Neutral,Bullish,Bullish,Neutral,Bullish,Bullish,Neutral,Bullish,Bullish,Neutral,6,0,none,"sentiment.py (mech 6/9): flat interest, no euphoria and no capitulation; narrative is constructive-but-dry news flow (Paxos institutional TRX support, treasury buys past 710M, burns, WalletConnect volume). Constructive fundamentals are not a sentiment extreme and interest is flat, not improving. Neutral. No overrides to mechanical p2-p10 labels on review."
2026-08-20T19:13:42Z,2026-08-20 PM,DOGE,Neutral,Neutral,Neutral,Neutral,Bullish,Bullish,Bullish,Bullish,Bullish,Neutral,5,0,none,"sentiment.py (mech 5/9): interest FALLING with one weak capitulation line (""hope lost if support breaks"") and zero euphoria despite +14.4% 7d; dominant narrative is off-asset (US government-efficiency politics). Falling interest is not the ""improving interest"" Bullish branch and one weak line is not a capitulation extreme. Neutral. No overrides to mechanical p2-p10 labels on review."
2026-08-20T19:13:42Z,2026-08-20 PM,ZEC,Bearish,Bullish,Bullish,Neutral,Bearish,Neutral,Bullish,Bullish,Bullish,Neutral,5,2,none,"sentiment.py (mech 5/9): flat interest but heavy euphoria markers -- $1k price targets, ""5-10k hold targets"", ""don't miss this train"" -- wrapped in a conspiracy-flavoured narrative (quantum-resistant BTC with ""Mossad backing"", ETF rumours) after +14.9% 7d. Classic everyone-is-in framing. Also logged: an unverified X claim of a ""potential infinite supply hack in 2026"" -- rumour only, no corroborating report, so NOT treated as a Section 2 auto-exclude, but it reinforces the Bearish sentiment read. Bearish. No overrides to mechanical p2-p10 labels on review."
2026-08-20T19:13:42Z,2026-08-20 PM,ADA,Neutral,Neutral,Bullish,Neutral,Bullish,Bullish,Neutral,Bullish,Bullish,Neutral,5,0,none,"sentiment.py (mech 5/9): flat interest; the two markers Grok surfaced (""lost trust due to internal drama"", ""opportunity cost vs other 10x coins"") are holder-capitulation statements AND a deteriorating-trust narrative at the same time -- the rubric puts those in opposite columns. Internally contradictory, no clean extreme. Neutral. No overrides to mechanical p2-p10 labels on review."
2026-08-20T19:13:42Z,2026-08-20 PM,LINK,Bearish,Bearish,Bearish,Neutral,Bullish,Bullish,Bullish,Bullish,Bullish,Neutral,5,3,none,"sentiment.py (mech 5/9): interest RISING with explicit euphoria (""$LINK to $200"", rockets, ""LFG"") on a White House crypto-summit/tokenization catalyst, after +19.8% 7d with price 25.7% above the 50DMA and RSI 81.2. Rising interest + euphoria at maximum extension is the textbook contrarian Bearish print. Bearish. No overrides to mechanical p2-p10 labels on review."
2026-08-20T19:13:42Z,2026-08-20 PM,UNI,Neutral,Bullish,Neutral,Neutral,Neutral,Bullish,Bullish,Bullish,Bullish,Neutral,5,0,none,"sentiment.py (mech 5/9): flat interest, ordinary TA/fee-comparison chatter, no euphoria or capitulation. One unverified ""potential hack risk to $UNI bag"" post -- rumour with no corroboration, not a Section 2 red flag, not enough to move the label. Neutral. No overrides to mechanical p2-p10 labels on review."
2026-08-20T19:13:42Z,2026-08-20 PM,AAVE,Neutral,Neutral,Bullish,Neutral,Neutral,Bullish,Bullish,Bullish,Bullish,Neutral,5,0,none,"sentiment.py (mech 5/9): flat interest; euphoria markers present ($140 targets, ""printing hard"") but they are ordinary trader chatter, not an everyone-is-in extreme, and the dominant narrative is fundamentals (V4 deposit growth $100M-$500M) at only +10.0% 7d, RSI 61.2, dev +5.0%. Not a crowd extreme in either direction. Neutral. No overrides to mechanical p2-p10 labels on review."
2026-08-20T19:13:42Z,2026-08-20 PM,ENA,Bearish,Bearish,Neutral,Neutral,Bullish,Bullish,Bullish,Bullish,Bullish,Neutral,5,2,none,"sentiment.py (mech 5/9): interest RISING with euphoria markers (""to the moon"", $0.1210 targets, breakout charts) and narrative_change explicitly flagging a flip from prolonged bearish structure to momentum -- arriving after +26.3% 7d, +16.4% in 24h, with price 28.4% above the 50DMA (already p2-Bearish overextended). Euphoria confirming a vertical move. Bearish. No overrides to mechanical p2-p10 labels on review."
2026-08-20T19:13:42Z,2026-08-20 PM,MORPHO,Neutral,Bullish,Neutral,Neutral,Bullish,Bullish,Bullish,Bullish,Bullish,Neutral,6,0,none,"sentiment.py (mech 6/9): flat interest, and most of the sample is not even about the asset (Petrobras oil well named Morpho, butterfly wildlife posts, an unrelated Solana game promo). The only real signal is a Pendle/Morpho vault yield mention. Too thin and too noise-contaminated to read as any crowd extreme. Neutral. No overrides to mechanical p2-p10 labels on review."
2026-08-20T19:13:42Z,2026-08-20 PM,ONDO,Neutral,Neutral,Neutral,Neutral,Neutral,Bullish,Bullish,Bullish,Bullish,Neutral,4,0,none,"p1 Neutral: mechanical count 4/9 (<5) and not held, so sentiment.py not triggered per the Section 0 amendment. Never fabricated. No overrides to mechanical p2-p10 labels on review."
2026-08-20T19:13:42Z,2026-08-20 PM,ETHFI,Neutral,Bearish,Neutral,Bullish,Bullish,Bullish,Bullish,Bullish,Bullish,Neutral,6,1,none,"sentiment.py (mech 6/9): flat interest with markers on both sides -- mild euphoria (trading-setup price targets) against a mild capitulation/frustration line (""everything pumping but ETHFI not moving, never buy""). Two-sided, no extreme. Neutral. (Note p2 is already Bearish here on the +27.9% overextension, which is where the risk in this name currently sits.) No overrides to mechanical p2-p10 labels on review."
2026-08-20T19:13:42Z,2026-08-20 PM,CAKE,Neutral,Bullish,Bearish,Neutral,Bullish,Bullish,Bullish,Bullish,Bullish,Neutral,6,1,none,"sentiment.py (mech 6/9): flat interest, TA-reversal chatter (double bottom at 1.6, 20d MA test); ""$CAKE easy 80% loading"" is a single low-signal target post, not a crowd euphoria print, and there is no capitulation. Neutral. No overrides to mechanical p2-p10 labels on review."
2026-08-20T19:13:42Z,2026-08-20 PM,JUP,Neutral,Neutral,Bullish,Neutral,Neutral,Bullish,Bullish,Bullish,Bullish,Neutral,5,0,none,"sentiment.py (mech 5/9): flat interest with genuine capitulation markers (""down 89% from ATH"", ""no bottom confirmed yet"") -- but one of them, ""losing ground in DEX aggregation"", is thesis deterioration rather than pure sentiment washout, so the rubric ""capitulation while thesis intact"" Bullish branch does not cleanly apply. Neutral. No overrides to mechanical p2-p10 labels on review."
2026-08-20T19:13:42Z,2026-08-20 PM,BCH,Neutral,Neutral,Bullish,Neutral,Bullish,Bullish,Bullish,Bullish,Bullish,Neutral,6,0,none,"sentiment.py (mech 6/9): interest FALLING, sparse coverage, mechanical price-tick posts and a ""dead cat bounce"" framing; no euphoria, and disinterest is not the same as a capitulation extreme. Neutral. No overrides to mechanical p2-p10 labels on review."
2026-08-20T19:13:42Z,2026-08-20 PM,XLM,Neutral,Bullish,Bullish,Bullish,Bullish,Bullish,Bullish,Bullish,Bullish,Neutral,8,0,armed,"sentiment.py (mech 8/9 -- highest on the board): interest flat, ZERO euphoria markers and zero capitulation markers despite +12.0% 7d. Content is low-engagement staking promos, XRP-crossover posts and a note that Stellar stablecoin market cap fell 6.83% last week. The absence of euphoria on a coin printing the cleanest structure of the day is constructive, but interest is flat rather than improving, so the Bullish branch is not met on the letter of the rubric. Neutral -- deliberately NOT flipped Bullish, since XLM is already at 8/10 and a forced 9th is exactly the failure mode Section 7 warns about. No overrides to mechanical p2-p10 labels on review."
2026-08-20T19:13:42Z,2026-08-20 PM,HBAR,Neutral,Neutral,Bullish,Neutral,Bullish,Bullish,Bullish,Bullish,Bullish,Neutral,6,0,none,"sentiment.py (mech 6/9): flat interest, enterprise-adoption and CLARITY-Act/listing chatter, one dismissive ""HBAR is a scam"" video mention; balanced, no crowd extreme. Neutral. No overrides to mechanical p2-p10 labels on review."
2026-08-20T19:13:42Z,2026-08-20 PM,SHIB,Neutral,Neutral,Bullish,Bullish,Neutral,Bullish,Bullish,Bullish,Bullish,Neutral,6,0,none,"sentiment.py (mech 6/9 after the p2 override below): interest FALLING, negligible engagement, scattered/unrelated mentions -- no euphoria, no capitulation, effectively no signal. Neutral. OVERRIDE p2 Bearish->Neutral: data-precision artifact, not a market signal. PARAMETERS.json stores dma50/dma200 rounded to one significant figure for sub-$0.00001 tokens (both printed as 5e-06), so price 4.91e-06 evaluated as below both MAs. Recomputed from raw Binance daily closes: true 50DMA 4.5016e-06, true 200DMA 5.4249e-06 -- price is +9.1% ABOVE the 50DMA and below the 200DMA, with the death cross intact. That is the script own Neutral branch, not Bearish."
2026-08-20T19:13:42Z,2026-08-20 PM,PEPE,Bearish,Neutral,Bullish,Bullish,Bullish,Bullish,Bullish,Bullish,Bullish,Neutral,7,1,armed,"sentiment.py (mech 7/9): interest RISING with a full euphoria stack -- volume-spike rocket alerts, ""100x potential"" on a BRC-20 variant, ""+17.77% pumping with bullish signs"" -- and no capitulation markers at all, on the highest-beta meme in the book after +15.6% 7d. This is the crowd arriving, which the contrarian rubric reads as Bearish. Bearish. No overrides to mechanical p2-p10 labels on review."
2026-08-20T19:13:42Z,2026-08-20 PM,TAO,Neutral,Neutral,Bullish,Neutral,Bullish,Bullish,Neutral,Bullish,Bullish,Neutral,5,0,none,"sentiment.py (mech 5/9): flat interest, dry fundamentals coverage (subnet emission shares, usage metrics); no euphoria, no capitulation. Neutral. No overrides to mechanical p2-p10 labels on review."
2026-08-20T19:13:42Z,2026-08-20 PM,RENDER,Neutral,Bearish,Bullish,Neutral,Bullish,Bullish,Bearish,Bullish,Bullish,Neutral,5,2,none,"sentiment.py (mech 5/9): flat interest, no euphoria and no capitulation markers; narrative is fundamentals-led (GPU/DePIN revenue, consumer GPU demand). No crowd extreme. Neutral. (The Bearish risk in this name is mechanical, not social: 7d OI -33.4% is an OI collapse after a rally.) No overrides to mechanical p2-p10 labels on review."
2026-08-20T19:13:42Z,2026-08-20 PM,VIRTUAL,Neutral,Neutral,Bullish,Neutral,Bullish,Bullish,Bullish,Bullish,Bullish,Neutral,6,0,none,"sentiment.py (mech 6/9): flat interest with capitulation-flavoured markers (""still under pressure"", ""down nearly 90% but accumulation setup"") and no euphoria. Tempting contrarian-Bullish, but the posts are routine trader accumulation-idea content rather than a capitulation event, and interest is flat -- not a clean extreme. Also logged: an unverified fake-airdrop claim link circulating for $VIRTUAL holders -- a phishing post targeting holders, NOT a protocol hack, so not a Section 2 auto-exclude; flagged for monitoring. Neutral. No overrides to mechanical p2-p10 labels on review."
2026-08-20T19:13:42Z,2026-08-20 PM,ARB,Neutral,Neutral,Bullish,Bullish,Bearish,Bullish,Bullish,Bullish,Bullish,Neutral,6,1,none,"sentiment.py (mech 6/9): interest FALLING with capitulation markers (""36% decline after signal"", drop blamed on a 92M token unlock) and zero euphoria. The contrarian-Bullish capitulation branch requires an intact thesis, and the same sample carries the structural complaint that the token accrues no revenue and faces heavy unlocks -- that is thesis deterioration, not washout. Neutral, unchanged from AM. No overrides to mechanical p2-p10 labels on review."
2026-08-20T19:13:42Z,2026-08-20 PM,FIL,Neutral,Neutral,Bullish,Bullish,Bullish,Bullish,Bullish,Bullish,Bullish,Neutral,7,0,armed,"sentiment.py (mech 7/9): interest flat, no euphoria, one weak capitulation line (""burn FIL to recover price""); notably the sampled posts still describe FIL at ~$0.627 ""down 11% weekly in red"" with short setups, i.e. the crowd has not yet repriced today +11.1% 24h move. Sentiment lagging a breakout is constructive, but flat interest plus one weak line is not the capitulation extreme the Bullish branch requires. Neutral -- deliberately not flipped Bullish, which would have taken FIL to 8/10 on a coin that was 3/10 with 3 Bearish twelve hours ago. No overrides to mechanical p2-p10 labels on review."
2026-08-20T19:13:42Z,2026-08-20 PM,ASTER,Neutral,Neutral,Neutral,Neutral,Bullish,Bearish,Bullish,Bullish,Bullish,Neutral,4,1,none,"p1 Neutral: mechanical count 4/9 (<5) and not held, so sentiment.py not triggered per the Section 0 amendment. Never fabricated. (Funding 0.0594%/8h is already p6-Bearish -- crowded longs.) No overrides to mechanical p2-p10 labels on review."
2026-08-20T19:13:42Z,2026-08-20 PM,ICP,Neutral,Neutral,Bullish,Neutral,Bullish,Bullish,Bullish,Bullish,Bullish,Neutral,6,0,none,"sentiment.py (mech 6/9): interest FALLING, sparse low-engagement mentions in generic top-coin lists; no euphoria, no capitulation. Neutral, consistent with AM 08-20. No overrides to mechanical p2-p10 labels on review."
2026-08-21T07:17:43Z,2026-08-21 AM,BTC,Neutral,Neutral,Bearish,Neutral,Neutral,Bullish,Neutral,Bullish,Bullish,Neutral,3,1,none,"p1 Neutral: mechanical count <5 and not held, so sentiment.py not triggered per Section 0 amendment; no overrides to mechanical p2-10 labels on review."
2026-08-21T07:17:43Z,2026-08-21 AM,ETH,Bearish,Bearish,Bearish,Bullish,Neutral,Bullish,Bullish,Bullish,Bullish,Neutral,5,3,none,"sentiment.py (mech 5/9, 2 Bearish): interest RISING with a heavy euphoria stack -- ""full blown breakout"", altseason-3.0 claims, 250%-pump historical comparisons, rocket emojis and giveaway posts -- at RSI 85.7, the most overbought print on the board. No capitulation offset. Contrarian Bearish, consistent with and stronger than the 2026-08-20 PM read. No overrides to mechanical p2-10 labels on review."
2026-08-21T07:17:43Z,2026-08-21 AM,BNB,Neutral,Neutral,Bearish,Neutral,Neutral,Bullish,Bullish,Bullish,Bullish,Neutral,4,1,none,"p1 Neutral: mechanical count <5 and not held, so sentiment.py not triggered per Section 0 amendment; no overrides to mechanical p2-10 labels on review."
2026-08-21T07:17:43Z,2026-08-21 AM,XRP,Bearish,Neutral,Bearish,Bullish,Neutral,Bullish,Bullish,Bullish,Bullish,Neutral,5,2,none,"sentiment.py (mech 5/9, 1 Bearish): interest RISING with a full euphoria stack -- rocket emojis, extreme price targets, ""everyone piling in"", influencer pile-on around the White House Ripple-CEO visit -- plus a repeat of the unverified ""FedNow replaced by XRP"" claim that was already flagged and washed out on 2026-08-20 PM, now recirculating. Contrarian Bearish. No overrides to mechanical p2-10 labels on review."
2026-08-21T07:17:43Z,2026-08-21 AM,SOL,Bearish,Neutral,Bearish,Bullish,Neutral,Bullish,Bullish,Bullish,Bullish,Neutral,5,2,none,"sentiment.py (mech 5/9, 1 Bearish): flat interest but euphoria markers dominate (""supercycle"" narrative, breakout hype, $600 targets, ""ALT season incoming"") against a single lone skeptic post (""supercycle is exit liquidity"") that doesn't offset the broader chase framing. Contrarian Bearish -- a reversal of the 2026-08-20 PM Neutral read as the two-sided balance tipped toward euphoria. No overrides to mechanical p2-10 labels on review."
2026-08-21T07:17:43Z,2026-08-21 AM,TRX,Neutral,Bullish,Bullish,Bullish,Neutral,Bullish,Neutral,Bullish,Bullish,Neutral,6,0,none,"sentiment.py (mech 6/9): flat interest, no euphoria and no capitulation -- tech-feature chatter (gasless txns, USDT dominance) mixed with scattered skepticism (a short-setup post, ""seen as scammy"") and one unrelated-to-TRX-operations unverified claim (Sun/WLFI/HTX). No crowd extreme. Neutral. p7_oi already reads Neutral mechanically (7d OI -11.6% against a flat +1.77% 7d price -- not a rally, so the 'OI collapsing after a rally' Bearish threshold doesn't apply); no override warranted since TRX is unheld and the mechanical read is defensible as-is. No overrides to mechanical p2-10 labels on review."
2026-08-21T07:17:43Z,2026-08-21 AM,DOGE,Neutral,Neutral,Bearish,Neutral,Neutral,Neutral,Bullish,Bullish,Bullish,Neutral,3,1,none,"p1 Neutral: mechanical count <5 and not held, so sentiment.py not triggered per Section 0 amendment; no overrides to mechanical p2-10 labels on review."
2026-08-21T07:17:43Z,2026-08-21 AM,ZEC,Neutral,Bullish,Neutral,Neutral,Neutral,Bearish,Bullish,Bullish,Bullish,Neutral,4,1,none,"p1 Neutral: mechanical count <5 and not held, so sentiment.py not triggered per Section 0 amendment; no overrides to mechanical p2-10 labels on review."
2026-08-21T07:17:43Z,2026-08-21 AM,ADA,Neutral,Neutral,Neutral,Neutral,Neutral,Bullish,Bullish,Bullish,Bullish,Neutral,4,0,none,"p1 Neutral: mechanical count <5 and not held, so sentiment.py not triggered per Section 0 amendment; no overrides to mechanical p2-10 labels on review."
2026-08-21T07:17:43Z,2026-08-21 AM,LINK,Neutral,Bearish,Bearish,Neutral,Neutral,Bearish,Bullish,Bullish,Bullish,Neutral,3,3,none,"p1 Neutral: mechanical count <5 and not held, so sentiment.py not triggered per Section 0 amendment; no overrides to mechanical p2-10 labels on review."
2026-08-21T07:17:43Z,2026-08-21 AM,UNI,Neutral,Bullish,Bullish,Bullish,Neutral,Neutral,Bullish,Bullish,Bullish,Neutral,6,0,none,"sentiment.py (mech 6/9): flat interest, genuinely two-sided -- euphoria (rocket emojis on Circle Arc RWA integration, $5.20 target) against capitulation-flavored TA (short setups near VAH, price slipped below rising support). No one-sided dominance. Neutral. No overrides to mechanical p2-10 labels on review."
2026-08-21T07:17:43Z,2026-08-21 AM,AAVE,Neutral,Neutral,Bullish,Neutral,Neutral,Bearish,Bullish,Bullish,Bullish,Neutral,4,1,none,"p1 Neutral: mechanical count <5 and not held, so sentiment.py not triggered per Section 0 amendment; no overrides to mechanical p2-10 labels on review."
2026-08-21T07:17:43Z,2026-08-21 AM,ENA,Bearish,Bearish,Bearish,Bullish,Bullish,Bearish,Bullish,Bullish,Bullish,Neutral,5,4,none,"sentiment.py (mech 5/9, 3 Bearish): interest RISING with a strong euphoria stack -- Arthur Hayes's public ""5-bagger, too easy"" call, +37% 24h gain touts, +206% volume citation, escalating price targets ($0.14 -> $0.31) -- on a name already the most overextended on the board (p2 Bearish, +53.7% above 50DMA). Contrarian Bearish, consistent with 2026-08-20 PM. No overrides to mechanical p2-10 labels on review."
2026-08-21T07:17:43Z,2026-08-21 AM,MORPHO,Neutral,Bullish,Bullish,Neutral,Neutral,Bullish,Bullish,Bullish,Bullish,Neutral,6,0,none,"sentiment.py (mech 6/9): flat interest, mild euphoria (triangle-breakout $2.60 target, ""MACD super bullish crossover"") but this is ordinary TA chatter, not an everyone-is-in extreme, and one post even flags OI deleveraging alongside a price dip. No capitulation. Not a clean crowd extreme either direction. Neutral. No overrides to mechanical p2-10 labels on review."
2026-08-21T07:17:43Z,2026-08-21 AM,ONDO,Neutral,Bullish,Bullish,Neutral,Neutral,Bullish,Bullish,Bullish,Bullish,Neutral,6,0,none,"sentiment.py (mech 6/9): flat interest, no euphoria and no capitulation -- mostly TA/accumulation-zone chatter. One unverified red-flag claim (team-linked multisig sent $4.42M ONDO to Coinbase) noted but uncorroborated, single-source, not a Section 2 auto-exclude; flagged for MID monitoring. Neutral. No overrides to mechanical p2-10 labels on review."
2026-08-21T07:17:43Z,2026-08-21 AM,ETHFI,Neutral,Bearish,Neutral,Bullish,Neutral,Bearish,Bullish,Bullish,Bullish,Neutral,4,2,none,"p1 Neutral: mechanical count <5 and not held, so sentiment.py not triggered per Section 0 amendment; no overrides to mechanical p2-10 labels on review."
2026-08-21T07:17:43Z,2026-08-21 AM,CAKE,Bearish,Bullish,Bearish,Neutral,Neutral,Bullish,Bullish,Bullish,Bullish,Neutral,5,2,none,"sentiment.py (mech 5/9, 1 Bearish): interest RISING with a strong euphoria stack -- $50 price targets, ""50-60% rise"" calls, TP-hit celebrations, ""let's go"" momentum posts -- and one post explicitly flagging 24h OI +17% against price +6% as a crowded-longs liquidation risk. No capitulation offset. Contrarian Bearish. No overrides to mechanical p2-10 labels on review."
2026-08-21T07:17:43Z,2026-08-21 AM,JUP,Bearish,Bullish,Bullish,Neutral,Bearish,Bullish,Bullish,Bullish,Bullish,Neutral,6,2,none,"sentiment.py (mech 6/9, 1 Bearish): flat interest but a clear euphoria stack -- $4-8 price targets, rocket emojis, ""bull market supercycle"" talk, DCA-vindication posts -- with zero capitulation offset. Contrarian Bearish. No overrides to mechanical p2-10 labels on review."
2026-08-21T07:17:43Z,2026-08-21 AM,BCH,Neutral,Neutral,Bearish,Bullish,Bullish,Bearish,Bullish,Bullish,Bullish,Neutral,5,2,none,"sentiment.py (mech 5/9, 2 Bearish): interest FALLING despite isolated euphoric posts (rocket emojis, ""breaking the first sell wall"") -- sparse, thin coverage rather than a crowd flooding in. Declining interest does not fit the euphoria/everyone's-in extreme even with the price-surge language present. Neutral. No overrides to mechanical p2-10 labels on review."
2026-08-21T07:17:43Z,2026-08-21 AM,XLM,Bearish,Bullish,Bullish,Bullish,Neutral,Bullish,Bullish,Bullish,Bullish,Neutral,7,1,confirmed,"sentiment.py (mech 7/9): interest RISING with euphoria markers -- ""40% pump"" mentions, price targets 0.3+, ""both XRP and XLM going higher"" -- narrative tied to the Trump/CLARITY-Act crypto-legislation push and Stellar Africa accelerator funding. No capitulation offset. This is the crowd arriving on a name already +18.5% 7d. Contrarian Bearish. Note: mechanical p2-p10 already print 7/9 Bullish/0 Bearish on their own -- this p1 read does not change the gate outcome (still 7/10) since p1 was never the swing vote here; flagged so the record is honest that the confirmation rests on mechanics, not on a favorable sentiment call. No overrides to mechanical p2-10 labels on review."
2026-08-21T07:17:43Z,2026-08-21 AM,HBAR,Neutral,Neutral,Bullish,Neutral,Neutral,Bullish,Bullish,Bullish,Bullish,Neutral,5,0,none,"sentiment.py (mech 5/9): flat interest, genuinely mixed -- euphoria ($1/$0.40 targets, ""generational wealth"" DCA framing) against capitulation/skepticism (""$1 talk premature without volume proof"", ""still lagging the altcoin run""). No one-sided dominance. Neutral. No overrides to mechanical p2-10 labels on review."
2026-08-21T07:17:43Z,2026-08-21 AM,SHIB,Bearish,Neutral,Bullish,Bullish,Neutral,Bullish,Bullish,Bullish,Bullish,Neutral,6,1,none,"sentiment.py (mech 6/9): flat interest but a clear euphoria stack -- ""short squeeze"" framing, rocket emojis, ""ShibArmy never left"", ""about to get rich"" -- on a +11% day. No capitulation offset. Contrarian Bearish. p2_dma already reads Neutral this run (price 5.13e-06 vs the rounded 5e-06 dma50/dma200 -- the same sub-$0.00001 precision issue logged as a LESSONS.md hypothesis on 2026-08-20 PM) -- no override needed today since the mechanical output already lands on the correct branch by coincidence of rounding; flagged for the monthly review that the underlying tooling defect is still unresolved. No other overrides to mechanical p2-10 labels on review."
2026-08-21T07:17:43Z,2026-08-21 AM,PEPE,Neutral,Neutral,Neutral,Bullish,Neutral,Bearish,Bullish,Bullish,Bullish,Neutral,4,1,none,"p1 Neutral: mechanical count <5 and not held, so sentiment.py not triggered per Section 0 amendment; no overrides to mechanical p2-10 labels on review."
2026-08-21T07:17:43Z,2026-08-21 AM,TAO,Neutral,Neutral,Bullish,Neutral,Neutral,Bearish,Bullish,Bullish,Bullish,Neutral,4,1,none,"p1 Neutral: mechanical count <5 and not held, so sentiment.py not triggered per Section 0 amendment; no overrides to mechanical p2-10 labels on review."
2026-08-21T07:17:43Z,2026-08-21 AM,RENDER,Neutral,Neutral,Bullish,Neutral,Neutral,Bullish,Bearish,Bullish,Bullish,Neutral,4,1,none,"p1 Neutral: mechanical count <5 and not held, so sentiment.py not triggered per Section 0 amendment; no overrides to mechanical p2-10 labels on review."
2026-08-21T07:17:43Z,2026-08-21 AM,VIRTUAL,Neutral,Neutral,Bullish,Neutral,Neutral,Bullish,Bullish,Bullish,Bullish,Neutral,5,0,none,"sentiment.py (mech 5/9): flat interest, thin/repetitive TA chatter holding key levels; one mild capitulation-flavored line (""still under pressure"") but no euphoria and no genuine washout extreme -- consistent with the 2026-08-20 PM read on the same pattern. Neutral. No overrides to mechanical p2-10 labels on review."
2026-08-21T07:17:43Z,2026-08-21 AM,ARB,Neutral,Neutral,Bullish,Bullish,Neutral,Bullish,Bullish,Bullish,Bullish,Neutral,6,0,none,"sentiment.py (mech 6/9): flat interest with capitulation-flavored markers (""96% drop from ATH"", ""token bleeding amid unlocks"", ""no revenue accrual to holders"") but these are thesis-deterioration complaints (structural, about value capture), not a sentiment washout -- same distinction applied on 2026-08-20 PM. No euphoria. Neutral, consistent with the prior read. No overrides to mechanical p2-10 labels on review."
2026-08-21T07:17:43Z,2026-08-21 AM,FIL,Neutral,Neutral,Bullish,Bullish,Bearish,Bullish,Bullish,Bullish,Bullish,Neutral,6,1,none,"sentiment.py (mech 6/9, 1 Bearish): flat interest, no euphoria; the one capitulation-flavored marker (""FIL listed among top Binance spot losers, -4.03%"") describes a brief intraday dip inside an otherwise up day (chg_24h +3.15%, chg_7d +11.43%) and sits alongside mostly-bullish short-term trading setups -- not a genuine despair/washout extreme. Neutral -- deliberately not flipped Bullish, which would have re-confirmed FIL at the gate off a thin signal. Mechanical count eased from PM 08-20's 7/9 (p5_volz rolled Bullish->Bearish) -- combined with a Neutral p1, FIL prints 6/10 this checkpoint (was 7/10 armed PM 08-20) -- LAPSES, no confirmation. No overrides to mechanical p2-10 labels on review."
2026-08-21T07:17:43Z,2026-08-21 AM,ASTER,Neutral,Neutral,Bearish,Bullish,Neutral,Neutral,Bullish,Bullish,Bullish,Neutral,4,1,none,"p1 Neutral: mechanical count <5 and not held, so sentiment.py not triggered per Section 0 amendment; no overrides to mechanical p2-10 labels on review."
2026-08-21T07:17:43Z,2026-08-21 AM,ICP,Neutral,Neutral,Bullish,Neutral,Neutral,Bullish,Bullish,Bullish,Bullish,Neutral,5,0,none,"sentiment.py (mech 5/9): flat interest with some euphoria markers (""buy below $3"", ""10x moon mission"") but no capitulation offset and interest itself is flat, not surging -- doesn't clear the improving-interest-without-euphoria Bullish bar nor a full everyone's-in extreme given the modest engagement. Neutral. No overrides to mechanical p2-10 labels on review."
2026-08-21T19:14:11Z,2026-08-21 PM,BTC,Neutral,Neutral,Bearish,Neutral,Bullish,Bullish,Neutral,Bullish,Bullish,Neutral,4,1,none,"p1 Neutral: mechanical count 4/9 (<5) and not held, so sentiment.py not triggered per Section 0 amendment; no overrides to mechanical p2-10 labels on review."
2026-08-21T19:14:11Z,2026-08-21 PM,ETH,Neutral,Bearish,Bearish,Bullish,Bullish,Bullish,Bullish,Bullish,Bullish,Neutral,6,2,none,"sentiment.py (mech 6/9): flat interest, no euphoria and no capitulation -- mostly low-engagement $ALIGN-airdrop spam plus a couple of generic alt-season/long-term-growth comments. No crowd extreme either direction (a cooldown from AM's heaviest-on-the-board euphoria stack at RSI 85.7 -- narrative simply thinned out, not reversed to despair). Neutral. No overrides to mechanical p2-10 labels on review."
2026-08-21T19:14:11Z,2026-08-21 PM,BNB,Neutral,Neutral,Bearish,Neutral,Bullish,Bullish,Bullish,Bullish,Bullish,Neutral,5,1,none,"sentiment.py (mech 5/9): flat interest, thin euphoria (rocket emojis/FOMO/price targets inside trading-signal spam) offset by an explicit ""fading rally, sell pressure"" technical note -- genuinely mixed, sparse engagement overall, no one-sided crowd extreme. Neutral. No overrides to mechanical p2-10 labels on review."
2026-08-21T19:14:11Z,2026-08-21 PM,XRP,Neutral,Bearish,Bearish,Bullish,Bullish,Bullish,Bullish,Bullish,Bullish,Neutral,6,2,none,"sentiment.py (mech 6/9): flat interest, genuinely two-sided -- euphoria (spam ""$2 by Sept 30"", 22%/15% surge callouts) against explicit scam/centralization/no-value skepticism. No one-sided dominance. Neutral. No overrides to mechanical p2-10 labels on review."
2026-08-21T19:14:11Z,2026-08-21 PM,SOL,Neutral,Neutral,Bearish,Bullish,Bullish,Bullish,Bullish,Bullish,Bullish,Neutral,6,1,none,"sentiment.py (mech 6/9): flat interest, no euphoria and no capitulation -- dominated by low-volume airdrop/giveaway spam and isolated trading-signal posts, not genuine crowd sentiment either direction. Neutral. No overrides to mechanical p2-10 labels on review."
2026-08-21T19:14:11Z,2026-08-21 PM,TRX,Neutral,Bullish,Bullish,Bullish,Neutral,Bullish,Bullish,Bullish,Bullish,Neutral,7,0,armed,"sentiment.py (mech 7/9): flat interest, no euphoria and no capitulation -- staking-yield (sTRX/JustLend APR) chatter plus off-topic noise. No crowd extreme. Neutral. First occurrence of >=7/10 this checkpoint (AM 08-21 was 6/10) -- ARMED, not confirmed. No overrides to mechanical p2-10 labels on review."
2026-08-21T19:14:11Z,2026-08-21 PM,DOGE,Neutral,Neutral,Bearish,Neutral,Bullish,Neutral,Bullish,Bullish,Bullish,Neutral,4,1,none,"p1 Neutral: mechanical count 4/9 (<5) and not held, so sentiment.py not triggered per Section 0 amendment; no overrides to mechanical p2-10 labels on review."
2026-08-21T19:14:11Z,2026-08-21 PM,ZEC,Bearish,Bearish,Bearish,Bullish,Bullish,Bearish,Bullish,Bullish,Bullish,Neutral,5,4,none,"sentiment.py (mech 6/9, 3 Bearish): interest RISING with a clear euphoria stack -- ""coiled up for 1000"", ""90% of bags in ZEC for highest ROI"", speculative Grayscale-inflow chatter -- plus an explicit narrative_change from short-setup/bearish calls to ""bullish momentum, haters silenced"". Zero capitulation offset on a name already the most overextended DMA read on the board (+32.6% from 50DMA). Contrarian Bearish. No overrides to mechanical p2-10 labels on review."
2026-08-21T19:14:11Z,2026-08-21 PM,ADA,Neutral,Neutral,Neutral,Neutral,Bullish,Bullish,Bullish,Bullish,Bullish,Neutral,5,0,none,"sentiment.py (mech 6/9): flat interest with some euphoria markers (""$3 ADA inevitable"", top-5-bullish-trends mentions) but the model's own read frames the narrative as ""modest bullish signals"", not a mania, and interest itself is flat rather than surging -- same threshold applied to ICP/HBAR this window, doesn't clear the everyone's-in bar. Neutral. No overrides to mechanical p2-10 labels on review."
2026-08-21T19:14:11Z,2026-08-21 PM,LINK,Neutral,Bearish,Bearish,Neutral,Bullish,Bullish,Bullish,Bullish,Bullish,Neutral,5,2,none,"sentiment.py (mech 6/9, 2 Bearish): flat interest, genuinely mixed -- trading-signal euphoria (price targets, ""Chainlink won"") against a live tokenomics-doubt thread (""Labs could deprecate the token tomorrow"", value-accrual friction). No one-sided dominance. Neutral. No overrides to mechanical p2-10 labels on review."
2026-08-21T19:14:11Z,2026-08-21 PM,UNI,Neutral,Bullish,Bullish,Bullish,Bullish,Bullish,Bullish,Bullish,Bullish,Neutral,8,0,armed,"sentiment.py (mech 8/9 -- highest mechanical read on the board): flat interest, no euphoria and no capitulation -- sparse RWA-volume/v4-hooks mentions buried in unrelated signal spam. Neutral. First occurrence of >=7/10 this checkpoint (AM 08-21 was 6/10) -- ARMED, not confirmed. No overrides to mechanical p2-10 labels on review."
2026-08-21T19:14:11Z,2026-08-21 PM,AAVE,Neutral,Neutral,Neutral,Neutral,Bullish,Bullish,Bullish,Bullish,Bullish,Neutral,5,0,none,"sentiment.py (mech 5/9): flat interest, no euphoria and no capitulation -- routine DeFi/TVL/whale-transfer chatter. Neutral. No overrides to mechanical p2-10 labels on review."
2026-08-21T19:14:11Z,2026-08-21 PM,ENA,Bearish,Bearish,Bearish,Bullish,Bullish,Bullish,Bullish,Bullish,Bullish,Neutral,6,3,none,"sentiment.py (mech 6/9, 2 Bearish): interest RISING with a clear euphoria stack -- rocket emojis, $0.15 resistance/target chatter, +30% volume-spike alerts -- and an explicit narrative_change from prior-drawdown talk to momentum/breakout framing. Zero capitulation offset on a name already the most overextended on the board (+61.6% from 50DMA). Contrarian Bearish, consistent with the AM and 08-20 PM reads. No overrides to mechanical p2-10 labels on review."
2026-08-21T19:14:11Z,2026-08-21 PM,MORPHO,Neutral,Bullish,Neutral,Neutral,Bullish,Bearish,Bullish,Bullish,Bullish,Neutral,5,1,none,"sentiment.py (mech 5/9): interest FALLING, no euphoria and no capitulation -- technical protocol-integration/security discussion. No crowd extreme in either direction. Neutral. No overrides to mechanical p2-10 labels on review."
2026-08-21T19:14:11Z,2026-08-21 PM,ONDO,Neutral,Bullish,Bullish,Neutral,Bullish,Bullish,Bullish,Bullish,Bullish,Neutral,7,0,armed,"sentiment.py (mech 7/9): flat interest, no euphoria and no capitulation -- chart-setup/long-entry and RWA-fundamentals chatter (TA, not crowd mania). Neutral. First occurrence of >=7/10 this checkpoint (AM 08-21 was 6/10) -- ARMED, not confirmed. No overrides to mechanical p2-10 labels on review."
2026-08-21T19:14:11Z,2026-08-21 PM,ETHFI,Neutral,Bearish,Bearish,Bullish,Bullish,Bullish,Bullish,Bullish,Bullish,Neutral,6,2,none,"sentiment.py (mech 6/9, 2 Bearish): flat interest, no euphoria and no capitulation -- factual neobank-pivot/buyback/fee-switch narrative. Neutral. No overrides to mechanical p2-10 labels on review."
2026-08-21T19:14:11Z,2026-08-21 PM,CAKE,Neutral,Bullish,Bearish,Neutral,Bullish,Neutral,Bullish,Bullish,Bullish,Neutral,5,1,none,"sentiment.py (mech 5/9): flat interest (down from AM's rising) -- remaining euphoria markers ($1.65 ascending-triangle target, ""bullish on execution"") sit alongside real burn-mechanics figures (58M tokens burned, ~556k/week), reading closer to fundamentals-plus-one-TA-call than a crowd mania. Interest itself no longer rising -- doesn't clear the everyone's-in bar this checkpoint. Neutral (a genuine cooldown from the AM/08-20-PM contrarian-Bearish reads). No overrides to mechanical p2-10 labels on review."
2026-08-21T19:14:11Z,2026-08-21 PM,JUP,Neutral,Bullish,Bullish,Neutral,Bullish,Bullish,Bullish,Bullish,Bullish,Neutral,7,0,armed,"sentiment.py (mech 7/9): interest FALLING (a further deterioration from AM's flat read) -- euphoria markers persist among a shrinking, thinner subset (leveraged-long chatter, ""everything app"" framing) but this reads as remaining believers, not a crowd arriving; narrative_change is toward technical continuation, not deterioration. Neither Bullish (interest not improving) nor Bearish (not an everyone's-in extreme, no deteriorating narrative) branch cleanly fits. Neutral. First occurrence of >=7/10 this checkpoint (AM 08-21 was 6/10) -- ARMED, not confirmed. No overrides to mechanical p2-10 labels on review."
2026-08-21T19:14:11Z,2026-08-21 PM,BCH,Neutral,Bearish,Bearish,Bullish,Bullish,Neutral,Bullish,Bullish,Bullish,Neutral,5,2,none,"sentiment.py (mech 5/9, 2 Bearish): flat interest, no euphoria and no capitulation -- scattered payments-use-case chatter and one dismissive ""MySpace of crypto"" post; thin coverage, no crowd extreme. Neutral. No overrides to mechanical p2-10 labels on review."
2026-08-21T19:14:11Z,2026-08-21 PM,XLM,Neutral,Bullish,Bullish,Bullish,Bullish,Bullish,Bullish,Bullish,Bullish,Neutral,8,0,held-stage2-add,"sentiment.py (mech 8/9 -- HELD position, stage-2-add hold-check): flat interest, ZERO euphoria and ZERO capitulation markers -- a real cooldown from this morning's euphoric ""40% pump""/price-target read. Dominant narrative is developer-growth and institutional-interest fundamentals with a mild lag-frustration undertone (""finally gets some attention"", ""pump last in rotation"") -- not a crowd extreme either direction, and interest is flat rather than improving so the letter of the Bullish branch isn't met either. Neutral. Confluence held at 8/10 (0/10 Bearish), above the 7/10 stage-2-add bar at the first checkpoint since the AM 08-21 stage-1 entry -- CONFIRMED for stage-2 add. No overrides to mechanical p2-10 labels on review."
2026-08-21T19:14:11Z,2026-08-21 PM,HBAR,Neutral,Neutral,Neutral,Neutral,Bullish,Bullish,Bullish,Bullish,Bullish,Neutral,5,0,none,"sentiment.py (mech 5/9): flat interest, genuinely mixed -- price-target euphoria ($0.40/$0.078, 10x talk) against a stop-loss-hit/lagging-alt-run capitulation note. No one-sided dominance. Neutral. No overrides to mechanical p2-10 labels on review."
2026-08-21T19:14:11Z,2026-08-21 PM,SHIB,Neutral,Neutral,Bullish,Neutral,Neutral,Bullish,Bullish,Bullish,Bullish,Neutral,5,0,none,"sentiment.py (mech 5/9): interest FALLING, no euphoria and no capitulation -- mixed TA (bearish EMAs/downtrend continuation vs. one ""extremely bullish mass adoption"" outlier). No crowd extreme -- a real cooldown from AM's short-squeeze/""ShibArmy"" euphoria stack. Neutral. No overrides to mechanical p2-10 labels on review."
2026-08-21T19:14:11Z,2026-08-21 PM,PEPE,Neutral,Bearish,Bearish,Bullish,Bullish,Bullish,Bullish,Bullish,Bullish,Neutral,6,2,none,"sentiment.py (mech 6/9, 2 Bearish): flat interest, no euphoria and no capitulation markers flagged -- mostly factual pump/volume/Robinhood-listing reporting with one wistful ""others who stayed became millionaires"" post. No crowd extreme. Neutral. No overrides to mechanical p2-10 labels on review."
2026-08-21T19:14:11Z,2026-08-21 PM,TAO,Neutral,Neutral,Bullish,Neutral,Bullish,Neutral,Bullish,Bullish,Bullish,Neutral,5,0,none,"sentiment.py (mech 5/9): flat interest, genuinely mixed -- subnet-revenue/real-usage bullishness against ""worst project, exit liquidity"" tokenomics criticism. No one-sided dominance. Neutral. No overrides to mechanical p2-10 labels on review."
2026-08-21T19:14:11Z,2026-08-21 PM,RENDER,Neutral,Neutral,Bullish,Neutral,Bullish,Bullish,Bearish,Bullish,Bullish,Neutral,5,1,none,"sentiment.py (mech 5/9, 1 Bearish): flat interest, no euphoria or capitulation markers flagged by the model despite some optimistic price-target posts in the raw text -- institutional-holdings/DePIN-usage narrative dominates, not a crowd mania. Neutral. p7_oi Bearish (7d OI -20.2% against a rising 7d price) is a clean, correct ""OI collapsing after a rally"" mechanical read, no override needed. No overrides to mechanical p2-10 labels on review."
2026-08-21T19:14:11Z,2026-08-21 PM,VIRTUAL,Neutral,Neutral,Neutral,Neutral,Bullish,Bullish,Bullish,Bullish,Bullish,Neutral,5,0,none,"sentiment.py (mech 5/9): flat interest, no euphoria and no capitulation -- support-level chart chatter plus AI-agent-thesis talk, consistent with the 08-20 PM read on the same pattern. Neutral. No overrides to mechanical p2-10 labels on review."
2026-08-21T19:14:11Z,2026-08-21 PM,ARB,Neutral,Neutral,Neutral,Bullish,Bullish,Bullish,Bullish,Bullish,Bullish,Neutral,6,0,none,"sentiment.py (mech 6/9): interest FALLING, no euphoria and no capitulation -- sparse incidental mentions inside broader market-recap posts. Neutral. No overrides to mechanical p2-10 labels on review."
2026-08-21T19:14:11Z,2026-08-21 PM,FIL,Bearish,Neutral,Bullish,Bullish,Bullish,Bullish,Neutral,Bullish,Bullish,Neutral,6,1,none,"sentiment.py (mech 6/9): interest FALLING with genuine capitulation -- ""99.7% down from ATH"", ""slow bleed to sub 50 cents"", ""cautionary tale of failed tokenomics"", ""hype to graveyard for bagholders"". This is materially stronger than AM's brief ""top loser"" dip note and reads as a deteriorating narrative in its own right (dead-project framing, not thesis-intact capitulation), which fits the Bearish branch directly rather than the contrarian-capitulation Bullish branch. Contrarian Bearish -- deliberately not Bullish despite the capitulation language, since there's no intact-thesis signal to pair it with. No overrides to mechanical p2-10 labels on review."
2026-08-21T19:14:11Z,2026-08-21 PM,ASTER,Neutral,Neutral,Bearish,Bullish,Bullish,Bullish,Bullish,Bullish,Bullish,Neutral,6,1,none,"sentiment.py (mech 6/9, 1 Bearish): flat interest, no euphoria or capitulation flagged -- USD1 RWA-perp product-launch narrative plus scattered unverified airdrop/claim-site spam (a scam-risk flag, not a sentiment extreme). Neutral. No overrides to mechanical p2-10 labels on review."
2026-08-21T19:14:11Z,2026-08-21 PM,ICP,Neutral,Neutral,Bullish,Neutral,Bullish,Bullish,Bullish,Bullish,Bullish,Neutral,6,0,none,"sentiment.py (mech 6/9): flat interest, genuinely mixed -- price-target euphoria ($2.65/$24-25, ""outperforming alts by 10%"") against ""toxic community""/perp-manipulation capitulation-flavored complaints. No one-sided dominance. Neutral. No overrides to mechanical p2-10 labels on review."
2026-08-22T07:15:00Z,2026-08-22 AM,AAVE,Neutral,Bearish,Bearish,Bullish,Bearish,Bearish,Bullish,Bullish,Bullish,Neutral,4,4,none,"p1 Neutral: mechanical count <5 and not held, so sentiment.py not triggered per Section 0 amendment; no overrides to mechanical p2-10 labels on review."
2026-08-22T07:15:00Z,2026-08-22 AM,ADA,Neutral,Bearish,Bearish,Neutral,Bullish,Neutral,Bullish,Bullish,Bullish,Neutral,4,2,none,"p1 Neutral: mechanical count <5 and not held, so sentiment.py not triggered per Section 0 amendment; no overrides to mechanical p2-10 labels on review."
2026-08-22T07:15:00Z,2026-08-22 AM,ARB,Neutral,Neutral,Bearish,Neutral,Bullish,Bullish,Bullish,Bullish,Bullish,Neutral,5,1,none,"sentiment.py (mech 5/9): flat interest, thin euphoria (targets, breakout claims) on a coin still down 96% from ATH with no crowd-wide dominance either direction. Neutral. No overrides to mechanical p2-10."
2026-08-22T07:15:00Z,2026-08-22 AM,ASTER,Neutral,Neutral,Bullish,Bullish,Bearish,Bullish,Bullish,Bullish,Bullish,Neutral,6,1,none,"sentiment.py (mech 6/9): flat interest, no euphoria; capitulation markers present but reputational/trust-driven (rug/scam/manipulation accusations, incl. unverified ""rug by CZ"") rather than price-driven capitulation with intact thesis -- doesn't cleanly fit the Bullish capitulation pattern. Neutral, with the unverified rug/scam claims flagged for the next MID red-flag screen. No overrides to mechanical p2-10."
2026-08-22T07:15:00Z,2026-08-22 AM,BCH,Bearish,Bearish,Bearish,Bullish,Bearish,Bullish,Bullish,Bullish,Bullish,Neutral,5,4,none,"sentiment.py (mech 5/9): flat interest, euphoria markers (moon emojis, ""+14.9%"" chase chatter). Contrarian Bearish. No overrides to mechanical p2-10."
2026-08-22T07:15:00Z,2026-08-22 AM,BNB,Neutral,Neutral,Bearish,Neutral,Bullish,Bearish,Bullish,Bullish,Bullish,Neutral,4,2,none,"p1 Neutral: mechanical count <5 and not held, so sentiment.py not triggered per Section 0 amendment; no overrides to mechanical p2-10 labels on review."
2026-08-22T07:15:00Z,2026-08-22 AM,BTC,Neutral,Neutral,Bearish,Bullish,Neutral,Bullish,Neutral,Bullish,Bullish,Neutral,4,1,none,"p1 Neutral: mechanical count <5 and not held, so sentiment.py not triggered per Section 0 amendment; no overrides to mechanical p2-10 labels on review."
2026-08-22T07:15:00Z,2026-08-22 AM,CAKE,Neutral,Bullish,Bearish,Neutral,Neutral,Bearish,Bullish,Bullish,Bullish,Neutral,4,2,none,"p1 Neutral: mechanical count <5 and not held, so sentiment.py not triggered per Section 0 amendment; no overrides to mechanical p2-10 labels on review."
2026-08-22T07:15:00Z,2026-08-22 AM,DOGE,Bearish,Bearish,Bearish,Bullish,Bullish,Bearish,Bullish,Bullish,Bullish,Neutral,5,4,none,"sentiment.py (mech 5/9): flat interest, euphoria markers ($0.10 targets, rocket emojis, ""volume exploding"" on +11% day). Contrarian Bearish. No overrides to mechanical p2-10."
2026-08-22T07:15:00Z,2026-08-22 AM,ENA,Bearish,Bearish,Bearish,Bullish,Bullish,Bearish,Bullish,Bullish,Bullish,Neutral,5,4,none,"sentiment.py (mech 5/9): flat interest, euphoria markers (""+69% climb highlighted"", breakout hype, stop-to-breakeven bragging). Contrarian Bearish. No overrides to mechanical p2-10."
2026-08-22T07:15:00Z,2026-08-22 AM,ETH,Bearish,Bearish,Bearish,Bullish,Neutral,Bullish,Bullish,Bullish,Bullish,Neutral,5,3,none,"sentiment.py (mech 5/9): interest RISING with strong FOMO/euphoria -- narrative flipped in 48h from ""ETH is dead"" to ""ETH IS BACK"" on a short squeeze, $47B mcap gain hype. Contrarian Bearish. No overrides to mechanical p2-10."
2026-08-22T07:15:00Z,2026-08-22 AM,ETHFI,Neutral,Bearish,Neutral,Neutral,Bearish,Neutral,Bullish,Bullish,Bullish,Neutral,3,2,none,"p1 Neutral: mechanical count <5 and not held, so sentiment.py not triggered per Section 0 amendment; no overrides to mechanical p2-10 labels on review."
2026-08-22T07:15:00Z,2026-08-22 AM,FIL,Bearish,Neutral,Bullish,Bullish,Bearish,Bullish,Neutral,Bullish,Bullish,Neutral,5,2,none,"sentiment.py (mech 5/9): flat interest, euphoria markers ($4 / ""double digits by 2028"" targets, rocket-emoji charts). Contrarian Bearish. No overrides to mechanical p2-10."
2026-08-22T07:15:00Z,2026-08-22 AM,HBAR,Neutral,Neutral,Bearish,Bullish,Bearish,Bearish,Bullish,Bullish,Bullish,Neutral,4,3,none,"p1 Neutral: mechanical count <5 and not held, so sentiment.py not triggered per Section 0 amendment; no overrides to mechanical p2-10 labels on review."
2026-08-22T07:15:00Z,2026-08-22 AM,ICP,Neutral,Neutral,Bullish,Neutral,Bearish,Bearish,Bullish,Bullish,Bullish,Neutral,4,2,none,"p1 Neutral: mechanical count <5 and not held, so sentiment.py not triggered per Section 0 amendment; no overrides to mechanical p2-10 labels on review."
2026-08-22T07:15:00Z,2026-08-22 AM,JUP,Neutral,Bullish,Bullish,Neutral,Bullish,Bearish,Bullish,Bullish,Bullish,Neutral,6,1,lapsed,"sentiment.py (mech 6/9): flat interest, no euphoria/capitulation, factual DEX-aggregator market-share-recovery narrative (71% dominance). Neutral. No overrides to mechanical p2-10. Arm from PM 08-21 (7/10) LAPSED -- mechanical count dropped to 6/9 this run, total 6/10 < the 7/10 confirm bar. No 2nd-consecutive-checkpoint confirmation; no entry."
2026-08-22T07:15:00Z,2026-08-22 AM,LINK,Neutral,Bearish,Bearish,Bullish,Bearish,Bearish,Bullish,Bullish,Bullish,Neutral,4,4,none,"p1 Neutral: mechanical count <5 and not held, so sentiment.py not triggered per Section 0 amendment; no overrides to mechanical p2-10 labels on review."
2026-08-22T07:15:00Z,2026-08-22 AM,MORPHO,Neutral,Bullish,Bullish,Bullish,Neutral,Bearish,Bullish,Bullish,Bullish,Neutral,6,1,none,"sentiment.py (mech 6/9): flat interest, no euphoria/capitulation, factual vault/curator discussion; one unverified exploit-recurrence claim noted but not a crowd-sentiment signal. Neutral. No overrides to mechanical p2-10."
2026-08-22T07:15:00Z,2026-08-22 AM,ONDO,Bearish,Bullish,Bullish,Neutral,Bearish,Bearish,Bullish,Bullish,Bullish,Neutral,5,3,lapsed,"sentiment.py (mech 5/9): flat interest, euphoria price-target chatter (""+1473% potential"") plus an unverified but concerning red flag -- team-linked multisig sending $4.42M ONDO to Coinbase amid suspected sales -- the combination reads Bearish, not just noise. No overrides to mechanical p2-10; flagging the multisig claim for MID red-flag verification. Arm from PM 08-21 (7/10) LAPSED -- mechanical count dropped to 5/9 this run, total 5/10 < the 7/10 confirm bar. No 2nd-consecutive-checkpoint confirmation; no entry."
2026-08-22T07:15:00Z,2026-08-22 AM,PEPE,Bearish,Bearish,Bearish,Bullish,Bullish,Bearish,Bullish,Bullish,Bullish,Neutral,5,4,none,"sentiment.py (mech 5/9): interest RISING with strong euphoria (whale-accumulation claims, OI spiking, ""50% up in 7d"", ""meme season signal""). Contrarian Bearish. No overrides to mechanical p2-10."
2026-08-22T07:15:00Z,2026-08-22 AM,RENDER,Neutral,Neutral,Neutral,Bullish,Bullish,Bullish,Bearish,Bullish,Bullish,Neutral,5,1,none,"sentiment.py (mech 5/9): flat interest, genuinely mixed -- reversal-hype price targets against ""90% drop"", ""story is over"" despair, narrative only just turning. No one-sided dominance. Neutral. No overrides to mechanical p2-10."
2026-08-22T07:15:00Z,2026-08-22 AM,SHIB,Neutral,Bearish,Neutral,Neutral,Neutral,Bullish,Bullish,Bullish,Bullish,Neutral,4,1,none,"p1 Neutral: mechanical count <5 and not held, so sentiment.py not triggered per Section 0 amendment; no overrides to mechanical p2-10 labels on review."
2026-08-22T07:15:00Z,2026-08-22 AM,SOL,Bearish,Neutral,Bearish,Bullish,Bullish,Bullish,Bullish,Bullish,Bullish,Neutral,6,2,none,"sentiment.py (mech 6/9): flat interest but heavy degenerate-memecoin euphoria (rocket emojis, 8x/25x/31x profit reports, alpha-call shilling) -- classic crowd-euphoria pattern. Contrarian Bearish. No overrides to mechanical p2-10."
2026-08-22T07:15:00Z,2026-08-22 AM,TAO,Neutral,Neutral,Neutral,Neutral,Bullish,Neutral,Bullish,Bullish,Bullish,Neutral,4,0,none,"p1 Neutral: mechanical count <5 and not held, so sentiment.py not triggered per Section 0 amendment; no overrides to mechanical p2-10 labels on review."
2026-08-22T07:15:00Z,2026-08-22 AM,TRX,Neutral,Bullish,Bearish,Bullish,Bullish,Bearish,Bullish,Bullish,Bullish,Neutral,6,2,lapsed,"sentiment.py (mech 6/9): flat interest, no euphoria/capitulation, factual ecosystem narrative (GasFree/USDD, sTRX staking, wallet integrations). Neutral. No overrides to mechanical p2-10. Arm from PM 08-21 (7/10) LAPSED -- mechanical count dropped to 6/9 this run, total 6/10 < the 7/10 confirm bar. No 2nd-consecutive-checkpoint confirmation; no entry."
2026-08-22T07:15:00Z,2026-08-22 AM,UNI,Neutral,Bullish,Bullish,Neutral,Bullish,Bullish,Bullish,Bullish,Bullish,Neutral,7,0,confirmed,"sentiment.py (mech 7/9): flat interest, mild euphoria chatter (""25% up"", ""cooking"") but thin/normal-trader framing, not crowd-wide ""everyone's in"". No capitulation offset needed -- doesn't clear the Bearish bar. Neutral. No overrides to mechanical p2-10. CONFIRMED CANDIDATE: 2nd consecutive checkpoint >=7/10 (PM 08-21 8/10 armed -> AM 08-22 7/10 confirmed, 0/10 Bearish). Mechanical p2-10: 7 Bullish/0 Bearish/2 Neutral (rvol 0.83 borderline, F&G 71 Neutral). Expectancy: Entry $4.214, Target $5.342 (+26.8%), Invalidation $3.65 (-13.4%, just under 50DMA $3.6958), R=2.00, p=0.40, EV=+2.68%. Tier C (R>=2, p>=0.40). Staged entry: opened stage-1 half at 5% (of 10% target) -- $504.80 notional, 119.791 UNI @ $4.214. Second half adds only if confluence holds >=7/10 at 2026-08-22 PM; no confirmation cuts the half."
2026-08-22T07:15:00Z,2026-08-22 AM,VIRTUAL,Neutral,Neutral,Bullish,Neutral,Bearish,Bearish,Bullish,Bullish,Bullish,Neutral,4,2,none,"p1 Neutral: mechanical count <5 and not held, so sentiment.py not triggered per Section 0 amendment; no overrides to mechanical p2-10 labels on review."
2026-08-22T07:15:00Z,2026-08-22 AM,XLM,Neutral,Bullish,Bearish,Bullish,Bullish,Bearish,Bullish,Bullish,Bullish,Neutral,6,2,held,"sentiment.py (mech 6/9, held): flat interest, no euphoria/capitulation markers, factual fee/tokenization narrative (DTCC patent, Oct tokenization). Neutral. No overrides to mechanical p2-10. HELD (10.06% full position). Confluence eased 8/10 PM 08-21 -> 6/10 AM 08-22 (2/10 Bearish: p3 RSI 77.8 overbought >75 -- breaches the explicit entry thesis-test threshold ""RSI stays <75""; p6 funding 0.12%/8h now above the ~0.05%/8h crowded-long threshold). Not an exit/trim trigger (need >=4/10 Bearish for 2 consecutive checkpoints; this is 2/10, one checkpoint). Price $0.2126 (+12.1% vs avg entry $0.188543), OI still exploding (+117.8%/24h, +141.0%/7d) confirming continued momentum, not divergence -- thesis status stays Playing Out, conviction Intact. Explicit watch flagged for next checkpoint: if RSI stays >75 AND price stalls/reverses, that combination is the early Weakening signal named in the original thesis test."
2026-08-22T07:15:00Z,2026-08-22 AM,XRP,Bearish,Bearish,Bearish,Bullish,Bullish,Bearish,Bullish,Bullish,Bullish,Neutral,5,4,none,"sentiment.py (mech 5/9): flat interest, euphoria markers ($3000 price-target speculation, rocket emoji) without a capitulation offset. Contrarian Bearish. No overrides to mechanical p2-10."
2026-08-22T07:15:00Z,2026-08-22 AM,ZEC,Bullish,Bearish,Bearish,Bullish,Bullish,Bearish,Bullish,Bullish,Bullish,Neutral,6,3,none,"sentiment.py (mech 5/9): interest FALLING even as price sits near highs, skepticism/fading talk (""nobody uses Zcash"", ""imagine fading $ZEC"") -- capitulation-flavored doubt while the mechanical structure (golden cross, OI confirming) still reads intact. Contrarian Bullish (capitulation w/ thesis intact). No overrides to mechanical p2-10."
2026-08-22T19:05:28.404352+00:00,2026-08-22 PM,BTC,Neutral,Neutral,Bearish,Bullish,Neutral,Bullish,Neutral,Bullish,Bullish,Neutral,4,1,none,"p1 Neutral: mechanical count <5 and not held, so sentiment.py not triggered per Section 0 amendment; no overrides to mechanical p2-10 labels on review."
2026-08-22T19:05:28.404352+00:00,2026-08-22 PM,ETH,Bearish,Bearish,Bearish,Bullish,Bearish,Bullish,Bullish,Bullish,Bullish,Neutral,5,4,none,"sentiment.py (mech 5/9): interest rising, heavy euphoria (60% up, rocket emojis, ""ETH is BACK""/""diamond is shining again""), zero capitulation offset. Contrarian Bearish. No overrides to mechanical p2-10."
2026-08-22T19:05:28.404352+00:00,2026-08-22 PM,BNB,Neutral,Neutral,Bearish,Neutral,Bullish,Bearish,Bullish,Bullish,Bullish,Neutral,4,2,none,"p1 Neutral: mechanical count <5 and not held, so sentiment.py not triggered per Section 0 amendment; no overrides to mechanical p2-10 labels on review."
2026-08-22T19:05:28.404352+00:00,2026-08-22 PM,XRP,Bearish,Bearish,Bearish,Bullish,Bullish,Bullish,Bullish,Bullish,Bullish,Neutral,6,3,none,"sentiment.py (mech 6/9): interest rising, euphoria dominant (""BULL RUN MODE: ACTIVATED"", Tom Lee millionaires-in-90-days chatter), narrative shift from scam/FUD to excitement over recent gains -- the lone scam-claim capitulation marker is the fading old narrative, not a genuine offset. Contrarian Bearish. No overrides to mechanical p2-10."
2026-08-22T19:05:28.404352+00:00,2026-08-22 PM,SOL,Bearish,Neutral,Bearish,Bullish,Bullish,Neutral,Bullish,Bullish,Bullish,Neutral,5,2,none,"sentiment.py (mech 5/9): interest rising, euphoria (""uber driver talking Solana, NFT guys back"" bull-market-top-signal chatter, $90-100 targets), zero capitulation. Contrarian Bearish. No overrides to mechanical p2-10."
2026-08-22T19:05:28.404352+00:00,2026-08-22 PM,TRX,Neutral,Bullish,Bearish,Bullish,Bullish,Bearish,Bullish,Bullish,Bullish,Neutral,6,2,none,"sentiment.py (mech 6/9): interest flat, genuinely two-sided -- rocket-emoji/price-target euphoria against explicit CRASH&BURN warnings and TRX/BTC 5-month-low capitulation talk; narrative shift toward utility (energy rental, transfer-volume records) rather than pure price hype. No one-sided dominance. Neutral. No overrides to mechanical p2-10."
2026-08-22T19:05:28.404352+00:00,2026-08-22 PM,DOGE,Bearish,Bearish,Bearish,Bullish,Bullish,Neutral,Bullish,Bullish,Bullish,Neutral,5,3,none,"sentiment.py (mech 5/9): interest rising, euphoria (memecoin market cap surpasses $30B, DOGE/SHIB/PEPE double-digit jumps, profit-recovery bragging), zero capitulation. Contrarian Bearish. No overrides to mechanical p2-10."
2026-08-22T19:05:28.404352+00:00,2026-08-22 PM,ZEC,Bearish,Bearish,Bearish,Bullish,Bullish,Neutral,Bullish,Bullish,Bullish,Neutral,5,3,none,"sentiment.py (mech 5/9): interest rising, strong euphoria (""100X"", ""next Bitcoin"", parabolic multi-year-high chatter), zero capitulation, sudden narrative shift to hype on a name already the most overextended DMA read on the board (+63.2% from 50DMA). Contrarian Bearish, consistent with the last several checkpoints. No overrides to mechanical p2-10."
2026-08-22T19:05:28.404352+00:00,2026-08-22 PM,ADA,Neutral,Bearish,Bearish,Neutral,Bullish,Bullish,Bullish,Bullish,Bullish,Neutral,5,2,none,"sentiment.py (mech 5/9): interest rising with euphoria markers ($0.23/$1 targets, rocket emojis) but framed as a modest breakout/ETF-inflow discussion rather than a one-sided mania -- one exited-long and one on-chain-activity-weakening note offset. Doesn't clear the everyone's-in bar (same threshold applied to ICP/HBAR). Neutral. No overrides to mechanical p2-10."
2026-08-22T19:05:28.404352+00:00,2026-08-22 PM,LINK,Neutral,Bearish,Bearish,Bullish,Bearish,Bearish,Bullish,Bullish,Bullish,Neutral,4,4,none,"p1 Neutral: mechanical count <5 and not held, so sentiment.py not triggered per Section 0 amendment; no overrides to mechanical p2-10 labels on review."
2026-08-22T19:05:28.404352+00:00,2026-08-22 PM,UNI,Neutral,Bullish,Bullish,Neutral,Bullish,Bearish,Bullish,Bullish,Bullish,Neutral,6,1,stage1-cut,"sentiment.py (mech 6/9, held/staged-entry-review): interest FALLING, no euphoria and no capitulation -- sparse TA setups and a factual SEC token-offering-window mention. No crowd extreme. Neutral. No overrides to mechanical p2-10."
2026-08-22T19:05:28.404352+00:00,2026-08-22 PM,AAVE,Neutral,Bearish,Bearish,Bullish,Bullish,Bearish,Bullish,Bullish,Bullish,Neutral,5,3,none,"sentiment.py (mech 5/9): interest flat, no euphoria and no capitulation -- factual $30B-deposits-milestone narrative. Neutral. No overrides to mechanical p2-10."
2026-08-22T19:05:28.404352+00:00,2026-08-22 PM,ENA,Bearish,Bearish,Bearish,Bullish,Bullish,Bearish,Bullish,Bullish,Bullish,Neutral,5,4,none,"sentiment.py (mech 5/9): interest rising, strong euphoria (rocket emojis, ""melt faces"", ""hard to ignore"", FalconX $1B credit-facility hype), zero capitulation, already the most overextended name on the board (+74.1% from 50DMA). Contrarian Bearish, consistent with prior checkpoints. No overrides to mechanical p2-10."
2026-08-22T19:05:28.404352+00:00,2026-08-22 PM,MORPHO,Neutral,Bullish,Bullish,Bullish,Bearish,Bearish,Bullish,Bullish,Bullish,Neutral,6,2,none,"sentiment.py (mech 6/9): interest falling, mild breakout-expectation euphoria but no capitulation -- technical/fundamentals-mixed narrative (Harbor vault yield splits, curator strategies). No crowd extreme. Neutral. No overrides to mechanical p2-10."
2026-08-22T19:05:28.404352+00:00,2026-08-22 PM,ONDO,Neutral,Bullish,Bullish,Bullish,Bearish,Neutral,Bullish,Bullish,Bullish,Neutral,6,1,none,"sentiment.py (mech 6/9): interest flat, mild euphoria (long-trade +30% target, 'real winners' rotation lists) but no capitulation -- RWA/tokenization fundamentals narrative dominant, not mania-level. Neutral. No overrides to mechanical p2-10."
2026-08-22T19:05:28.404352+00:00,2026-08-22 PM,ETHFI,Neutral,Bearish,Bearish,Bullish,Bearish,Bullish,Bullish,Bullish,Bullish,Neutral,5,3,none,"sentiment.py (mech 5/9): interest flat, thin euphoria (Arthur Hayes $2 target) offset by a single weak capitulation-flavored emoji post -- no crowd extreme either way. Neutral. No overrides to mechanical p2-10."
2026-08-22T19:05:28.404352+00:00,2026-08-22 PM,CAKE,Neutral,Bullish,Bearish,Bullish,Bearish,Neutral,Bullish,Bullish,Bullish,Neutral,5,2,none,"sentiment.py (mech 5/9): interest falling, no euphoria and no capitulation -- feed largely off-topic (literal cake/food posts) plus one factual burn-mechanics note (supply down 14.5% from peak). Neutral. No overrides to mechanical p2-10."
2026-08-22T19:05:28.404352+00:00,2026-08-22 PM,JUP,Bearish,Bullish,Bullish,Neutral,Bearish,Bearish,Bullish,Bullish,Bullish,Neutral,5,3,none,"sentiment.py (mech 5/9): interest rising, euphoria (Ansem-driven FOMO, $4-8 price targets, rocket breakout calls), zero capitulation, narrative shift from canceled-airdrop disappointment to fresh hype. Contrarian Bearish. No overrides to mechanical p2-10."
2026-08-22T19:05:28.404352+00:00,2026-08-22 PM,BCH,Neutral,Bearish,Bearish,Bullish,Bearish,Bullish,Bullish,Bullish,Bullish,Neutral,5,3,none,"sentiment.py (mech 5/9): interest flat, no euphoria and no capitulation -- niche governance/fork-history/tech discussion, no crowd extreme. Neutral. No overrides to mechanical p2-10."
2026-08-22T19:05:28.404352+00:00,2026-08-22 PM,XLM,Neutral,Bullish,Bullish,Bullish,Bearish,Neutral,Bullish,Bullish,Bullish,Neutral,6,1,held,"sentiment.py (mech 6/9, HELD position): interest flat, no euphoria; mild capitulation-flavored doubt (80-day-sell-off worry, 'patience through bear market') grouped mostly with XRP chatter, not a clean crowd extreme either direction. Neutral. No overrides to mechanical p2-10."
2026-08-22T19:05:28.404352+00:00,2026-08-22 PM,HBAR,Neutral,Neutral,Bullish,Bullish,Bearish,Bullish,Bullish,Bullish,Bullish,Neutral,6,1,none,"sentiment.py (mech 6/9): interest flat, no euphoria and no capitulation -- low-engagement technical/meme content, no crowd extreme. Neutral. No overrides to mechanical p2-10."
2026-08-22T19:05:28.404352+00:00,2026-08-22 PM,SHIB,Bearish,Neutral,Bullish,Bullish,Bearish,Bullish,Bullish,Bullish,Bullish,Neutral,6,2,none,"sentiment.py (mech 6/9): interest rising, strong euphoria (rocket emojis, short-squeeze framing, 'SHIB Army', 'sleeping giant stirring'), zero capitulation, narrative shift from months of sideways silence to fresh momentum. Contrarian Bearish. No overrides to mechanical p2-10."
2026-08-22T19:05:28.404352+00:00,2026-08-22 PM,PEPE,Neutral,Bearish,Bearish,Bullish,Bearish,Neutral,Bullish,Bullish,Bullish,Neutral,4,3,none,"p1 Neutral: mechanical count <5 and not held, so sentiment.py not triggered per Section 0 amendment; no overrides to mechanical p2-10 labels on review."
2026-08-22T19:05:28.404352+00:00,2026-08-22 PM,TAO,Neutral,Neutral,Bullish,Bullish,Bearish,Bullish,Bullish,Bullish,Bullish,Neutral,6,1,none,"sentiment.py (mech 6/9): interest flat, genuinely mixed -- top-10-bullrun-asset euphoria and Base-bridge-catalyst optimism against 'worst altcoin project, exit liquidity' capitulation-flavored criticism. No one-sided dominance. Neutral. No overrides to mechanical p2-10."
2026-08-22T19:05:28.404352+00:00,2026-08-22 PM,RENDER,Neutral,Neutral,Bullish,Bullish,Bearish,Neutral,Bearish,Bullish,Bullish,Neutral,4,2,none,"p1 Neutral: mechanical count <5 and not held, so sentiment.py not triggered per Section 0 amendment; no overrides to mechanical p2-10 labels on review."
2026-08-22T19:05:28.404352+00:00,2026-08-22 PM,VIRTUAL,Neutral,Neutral,Bullish,Neutral,Bearish,Bullish,Bullish,Bullish,Bullish,Neutral,5,1,none,"sentiment.py (mech 5/9): interest flat, no euphoria and no capitulation -- mostly promotional/chart chatter and competition-voting shilling. Neutral. No overrides to mechanical p2-10."
2026-08-22T19:05:28.404352+00:00,2026-08-22 PM,ARB,Neutral,Neutral,Neutral,Bullish,Bullish,Bullish,Bullish,Bullish,Bullish,Neutral,6,0,none,"sentiment.py (mech 6/9): interest falling, no euphoria and no capitulation -- almost no crypto-specific discussion, feed dominated by off-topic 'arb' mentions (sports betting, names, events). Neutral. No overrides to mechanical p2-10."
2026-08-22T19:05:28.404352+00:00,2026-08-22 PM,FIL,Neutral,Neutral,Bullish,Bullish,Bearish,Bullish,Neutral,Bullish,Bullish,Neutral,5,1,none,"sentiment.py (mech 5/9): interest flat, genuinely two-sided TA chatter -- price-target euphoria ($4, 'legendary pump', 'massive bullish rally') against short-setup/'hold to die stupid' capitulation talk. A real cooldown from PM 08-21's deteriorating-narrative Bearish read (no 'graveyard'/dead-project framing this run). No one-sided dominance. Neutral. No overrides to mechanical p2-10."
2026-08-22T19:05:28.404352+00:00,2026-08-22 PM,ASTER,Neutral,Neutral,Bullish,Bullish,Bearish,Bearish,Bullish,Bullish,Bullish,Neutral,5,2,none,"sentiment.py (mech 5/9): interest flat, mixed -- AOS-2/buyback euphoria ($1-1.3 targets) against reputational rug/scam-by-CZ accusations, reconfirmed stale and already debunked (Feb 2026 origin) per MID 08-22 -- reputational/trust-driven doubt, not price-driven capitulation with intact thesis. Neutral. No overrides to mechanical p2-10."
2026-08-22T19:05:28.404352+00:00,2026-08-22 PM,ICP,Neutral,Neutral,Bullish,Bullish,Bearish,Bullish,Bullish,Bullish,Bullish,Neutral,6,1,none,"sentiment.py (mech 6/9): interest flat, genuinely mixed -- $1000-target euphoria ('major run incoming') against 'hate myself for buying'/'too early'/'bears need to wake up' capitulation-flavored complaints. No one-sided dominance. Neutral. No overrides to mechanical p2-10."
2026-08-23T07:06:13Z,2026-08-23 AM,AAVE,Neutral,Bearish,Bearish,Bullish,Neutral,Neutral,Bullish,Bullish,Bullish,Neutral,4,2,none,"p1 Neutral: mechanical count <5 and not held, so sentiment.py not triggered per Section 0 amendment; no overrides to mechanical p2-10 labels on review."
2026-08-23T07:06:13Z,2026-08-23 AM,ADA,Neutral,Neutral,Bullish,Bullish,Neutral,Bullish,Bullish,Bullish,Bullish,Neutral,6,0,none,"sentiment.py (mech 6/9): interest flat, genuinely mixed -- whale-accumulation/'GIFT' euphoria and $12/$1 targets against explicit 'not earned this pump'/underperformance capitulation-flavored criticism. No one-sided dominance. Neutral. No overrides to mechanical p2-10."
2026-08-23T07:06:13Z,2026-08-23 AM,ARB,Neutral,Neutral,Bullish,Bullish,Neutral,Bullish,Bullish,Bullish,Bullish,Neutral,6,0,none,"sentiment.py (mech 6/9): interest flat, genuinely two-sided -- double-bottom breakout optimism against liquidity-sweep-trap warnings and an explicit 'ecosystem too weak, coin to zero' capitulation view. No one-sided dominance. Neutral. No overrides to mechanical p2-10."
2026-08-23T07:06:13Z,2026-08-23 AM,ASTER,Neutral,Neutral,Neutral,Bullish,Neutral,Bullish,Bullish,Bullish,Bullish,Neutral,5,0,none,"sentiment.py (mech 5/9): interest flat, genuinely mixed -- CZ-endorsement/buyback-model/AOS-2 euphoria against whale-dump (-22%) and scam/manipulation accusations; the doubt is reputational/trust-driven, not price-capitulation with intact thesis. Neutral. No overrides to mechanical p2-10."
2026-08-23T07:06:13Z,2026-08-23 AM,BCH,Neutral,Neutral,Bullish,Bullish,Neutral,Bullish,Bullish,Bullish,Bullish,Neutral,6,0,none,"sentiment.py (mech 6/9): interest flat, mild euphoria (green-candle excitement) but not one-sided mania, no capitulation offset needed. Neutral. No overrides to mechanical p2-10."
2026-08-23T07:06:13Z,2026-08-23 AM,BNB,Neutral,Neutral,Bearish,Bullish,Neutral,Bullish,Bullish,Bullish,Bullish,Neutral,5,1,none,"sentiment.py (mech 5/9): interest flat, feed dominated by airdrop-farming/promotional spam rather than organic price sentiment -- no crowd extreme. Neutral. No overrides to mechanical p2-10."
2026-08-23T07:06:13Z,2026-08-23 AM,BTC,Neutral,Neutral,Bearish,Bullish,Neutral,Bullish,Neutral,Bullish,Bullish,Neutral,4,1,none,"p1 Neutral: mechanical count <5 and not held, so sentiment.py not triggered per Section 0 amendment; no overrides to mechanical p2-10 labels on review."
2026-08-23T07:06:13Z,2026-08-23 AM,CAKE,Neutral,Bullish,Neutral,Bullish,Neutral,Bullish,Bullish,Bullish,Bullish,Neutral,6,0,none,"sentiment.py (mech 6/9): interest flat, no euphoria and no capitulation -- technical-setup/ecosystem-tie chatter, no crowd extreme. Neutral. No overrides to mechanical p2-10."
2026-08-23T07:06:13Z,2026-08-23 AM,DOGE,Neutral,Neutral,Bearish,Bullish,Neutral,Bullish,Bullish,Bullish,Bullish,Neutral,5,1,none,"sentiment.py (mech 5/9): interest falling, no euphoria or capitulation markers -- scattered weekly-gains-list mentions and thin short-term trading signals, no crowd extreme either direction. Neutral. No overrides to mechanical p2-10."
2026-08-23T07:06:13Z,2026-08-23 AM,ENA,Neutral,Bearish,Bearish,Bullish,Neutral,Neutral,Bullish,Bullish,Bullish,Neutral,4,2,none,"p1 Neutral: mechanical count <5 and not held, so sentiment.py not triggered per Section 0 amendment; no overrides to mechanical p2-10 labels on review."
2026-08-23T07:06:13Z,2026-08-23 AM,ETH,Neutral,Neutral,Neutral,Bullish,Neutral,Bullish,Bullish,Bullish,Bullish,Neutral,5,0,none,"sentiment.py (mech 5/9): interest rising, genuinely two-sided this run -- $5,000-target/parabolic-leg euphoria against real capitulation markers ('this is the END for Ethereum', $350M liquidations, whales leaning short, morale down); narrative explicitly shifted from straight-bullish to mixed/debate. No one-sided dominance. Neutral. No overrides to mechanical p2-10."
2026-08-23T07:06:13Z,2026-08-23 AM,ETHFI,Neutral,Bearish,Neutral,Neutral,Neutral,Bullish,Bullish,Bullish,Bullish,Neutral,4,1,none,"p1 Neutral: mechanical count <5 and not held, so sentiment.py not triggered per Section 0 amendment; no overrides to mechanical p2-10 labels on review."
2026-08-23T07:06:13Z,2026-08-23 AM,FIL,Neutral,Neutral,Neutral,Bullish,Neutral,Bullish,Neutral,Bullish,Bullish,Neutral,4,0,none,"p1 Neutral: mechanical count <5 and not held, so sentiment.py not triggered per Section 0 amendment; no overrides to mechanical p2-10 labels on review."
2026-08-23T07:06:13Z,2026-08-23 AM,HBAR,Neutral,Neutral,Bullish,Bullish,Neutral,Bullish,Bullish,Bullish,Bullish,Neutral,6,0,none,"sentiment.py (mech 6/9): interest flat, euphoria markers present ($0.10-$0.38 targets, rocket emojis, influencer calls) but framed as TA/chart setups rather than crowd-wide mania, no capitulation offset either. Doesn't clear the one-sided 'everyone's in' bar given flat interest. Neutral. No overrides to mechanical p2-10."
2026-08-23T07:06:13Z,2026-08-23 AM,ICP,Neutral,Neutral,Bullish,Bullish,Neutral,Bullish,Bullish,Bullish,Bullish,Neutral,6,0,none,"sentiment.py (mech 6/9): interest flat, genuinely mixed -- mild multi-year-growth euphoria against explicit community-skepticism/'delulu' capitulation-flavored criticism. No one-sided dominance. Neutral. No overrides to mechanical p2-10."
2026-08-23T07:06:13Z,2026-08-23 AM,JUP,Bearish,Bullish,Bullish,Bullish,Neutral,Bearish,Bullish,Bullish,Bullish,Neutral,6,2,none,"sentiment.py (mech 6/9): interest flat but strong euphoria ($4-8 targets, dominance claims, 'life changing money', rocket emojis) with only mild capitulation offset (market-share-erosion concerns, unlock pressure) -- narrative shift toward recovery hype, not a genuine two-sided balance. Contrarian Bearish. No overrides to mechanical p2-10."
2026-08-23T07:06:13Z,2026-08-23 AM,LINK,Neutral,Bearish,Neutral,Bullish,Neutral,Neutral,Bullish,Bullish,Bullish,Neutral,4,1,none,"p1 Neutral: mechanical count <5 and not held, so sentiment.py not triggered per Section 0 amendment; no overrides to mechanical p2-10 labels on review."
2026-08-23T07:06:13Z,2026-08-23 AM,MORPHO,Neutral,Bullish,Bullish,Neutral,Neutral,Neutral,Bullish,Bullish,Bullish,Neutral,5,0,none,"sentiment.py (mech 5/9): interest flat, genuinely mixed -- mild 50%-upside-target euphoria and TVL/institutional-adoption chatter against one explicit 'considering cutting position due to weakness' capitulation-flavored comment. No one-sided dominance. Neutral. No overrides to mechanical p2-10."
2026-08-23T07:06:13Z,2026-08-23 AM,ONDO,Neutral,Neutral,Neutral,Bullish,Neutral,Bullish,Bullish,Bullish,Bullish,Neutral,5,0,none,"sentiment.py (mech 5/9): interest flat, no euphoria or capitulation -- factual altseason-rotation/RWA-Perps-activity narrative. Neutral. No overrides to mechanical p2-10."
2026-08-23T07:06:13Z,2026-08-23 AM,PEPE,Bearish,Bearish,Neutral,Bullish,Neutral,Bullish,Bullish,Bullish,Bullish,Neutral,5,2,none,"sentiment.py (mech 5/9): interest rising, strong euphoria (whale accumulation, 'frogs taking over', >$1B volume, 50%+ weekly-gain framing), zero capitulation offset. Contrarian Bearish. No overrides to mechanical p2-10."
2026-08-23T07:06:13Z,2026-08-23 AM,RENDER,Neutral,Bearish,Neutral,Bullish,Neutral,Bullish,Bearish,Bullish,Bullish,Neutral,4,2,none,"p1 Neutral: mechanical count <5 and not held, so sentiment.py not triggered per Section 0 amendment; no overrides to mechanical p2-10 labels on review."
2026-08-23T07:06:13Z,2026-08-23 AM,SHIB,Bearish,Neutral,Bullish,Bullish,Neutral,Bullish,Bullish,Bullish,Bullish,Neutral,6,1,none,"sentiment.py (mech 6/9): interest rising, strong euphoria ('SHIB is waking up', SHIB Army hype, 'next leg up', rocket emojis, wide price-target spread) with zero capitulation offset. Contrarian Bearish. No overrides to mechanical p2-10."
2026-08-23T07:06:13Z,2026-08-23 AM,SOL,Neutral,Neutral,Bearish,Bullish,Neutral,Bullish,Bullish,Bullish,Bullish,Neutral,5,1,none,"sentiment.py (mech 5/9): interest flat, no euphoria or capitulation markers this run -- feed dominated by airdrop-scam/meme-launch chatter rather than price mania, a genuine change from prior euphoric checkpoints. Neutral. No overrides to mechanical p2-10."
2026-08-23T07:06:13Z,2026-08-23 AM,TAO,Neutral,Neutral,Bullish,Bullish,Neutral,Bullish,Bullish,Bullish,Bullish,Neutral,6,0,none,"sentiment.py (mech 6/9): interest flat, no clear euphoria or capitulation -- factual protocol-upgrade/Base-bridge-catalyst narrative, one unverified 'hacks/mistrust' red-flag mention not corroborated. Neutral. No overrides to mechanical p2-10."
2026-08-23T07:06:13Z,2026-08-23 AM,TRX,Neutral,Bullish,Bullish,Neutral,Neutral,Bullish,Bullish,Bullish,Bullish,Neutral,6,0,none,"sentiment.py (mech 6/9): interest flat, no euphoria and no capitulation markers -- purely factual/promotional ecosystem content (JustLend energy markets, AI-agent throughput, stablecoin utility). Neutral. No overrides to mechanical p2-10."
2026-08-23T07:06:13Z,2026-08-23 AM,UNI,Neutral,Bullish,Bullish,Neutral,Neutral,Neutral,Bullish,Bullish,Bullish,Neutral,5,0,none,"sentiment.py (mech 5/9): interest flat, no euphoria or capitulation -- traders sharing technical setups/entries, no crowd extreme. Neutral. No overrides to mechanical p2-10."
2026-08-23T07:06:13Z,2026-08-23 AM,VIRTUAL,Neutral,Neutral,Bullish,Bullish,Neutral,Neutral,Bullish,Bullish,Bullish,Neutral,5,0,none,"sentiment.py (mech 5/9): interest flat, no euphoria or capitulation -- factual robotics-catalyst/app-feature narrative. Neutral. No overrides to mechanical p2-10."
2026-08-23T07:06:13Z,2026-08-23 AM,XLM,Bearish,Bullish,Bullish,Bullish,Neutral,Neutral,Bullish,Bullish,Bullish,Neutral,6,1,held,"sentiment.py (mech 6/9, HELD position): interest rising, clear euphoria markers (rocket emojis, 'massive pump', XLM flipping XRP hype, XLM Army accumulation calls) with only weak capitulation offset (profit-taking/cool-off cautions, price-technical not despair-driven). Contrarian Bearish -- a shift from the last several checkpoints' Neutral reads as interest genuinely picked up this run. No overrides to mechanical p2-10."
2026-08-23T07:06:13Z,2026-08-23 AM,XRP,Bearish,Bearish,Bearish,Bullish,Neutral,Bullish,Bullish,Bullish,Bullish,Neutral,5,3,none,"sentiment.py (mech 5/9): interest rising, euphoria dominant ($1.50 targets, 15-30% surge framing, 'ripping momentum'), zero capitulation offset. Contrarian Bearish, consistent with prior checkpoints. No overrides to mechanical p2-10."
2026-08-23T07:06:13Z,2026-08-23 AM,ZEC,Neutral,Bearish,Bearish,Bullish,Neutral,Bearish,Bullish,Bullish,Bullish,Neutral,4,3,none,"p1 Neutral: mechanical count <5 and not held, so sentiment.py not triggered per Section 0 amendment; no overrides to mechanical p2-10 labels on review."
2026-08-23T19:08:00Z,2026-08-23 PM,AAVE,Bearish,Bearish,Bearish,Bullish,Bullish,Neutral,Bullish,Bullish,Bullish,Neutral,5,3,none,"sentiment.py (mech 5/9): interest rising, dominant euphoria ($130-480 targets, +20-25% 24h framing, 'on fire', 'smashed resistance'), no meaningful capitulation offset (a single whale-withdrawal note isn't despair). Contrarian Bearish. No overrides to mechanical p2-10."
2026-08-23T19:08:00Z,2026-08-23 PM,ADA,Bearish,Bearish,Neutral,Bullish,Neutral,Bullish,Bullish,Bullish,Bullish,Neutral,5,2,none,"sentiment.py (mech 5/9): interest rising, euphoria (altcoin-appetite-returning framing, $10 ADA price math, bullish auction/long targets), zero capitulation offset. Contrarian Bearish. No overrides to mechanical p2-10."
2026-08-23T19:08:00Z,2026-08-23 PM,ARB,Neutral,Neutral,Bearish,Bullish,Neutral,Bullish,Bullish,Bullish,Bullish,Neutral,5,1,none,"sentiment.py (mech 5/9): interest flat, genuinely two-sided technical debate -- double-bottom/breakout-target optimism against short-setup and an explicit liquidity-trap-warning caution. No one-sided dominance. Neutral. No overrides to mechanical p2-10."
2026-08-23T19:08:00Z,2026-08-23 PM,ASTER,Neutral,Neutral,Bullish,Bullish,Neutral,Bearish,Bullish,Bullish,Bullish,Neutral,5,1,none,"sentiment.py (mech 5/9): interest flat, no euphoria markers; capitulation-flavored red flags present (scam/ponzi/CZ-farm-crime allegations) but reputational/trust-driven, not price-capitulation with intact thesis -- consistent with the PM 08-22/AM 08-23 read. Neutral. No overrides to mechanical p2-10."
2026-08-23T19:08:00Z,2026-08-23 PM,BCH,Bearish,Neutral,Neutral,Bullish,Neutral,Bullish,Bullish,Bullish,Bullish,Neutral,5,1,none,"sentiment.py (mech 5/9): interest rising, dominant euphoria ('bulls win', +31% framing, 'start of the altcoin run everyone's been waiting for') with no capitulation offset. Contrarian Bearish. No overrides to mechanical p2-10."
2026-08-23T19:08:00Z,2026-08-23 PM,BNB,Neutral,Neutral,Bearish,Neutral,Neutral,Bearish,Bullish,Bullish,Bullish,Neutral,3,2,none,"p1 Neutral: mechanical count <5 and not held, so sentiment.py not triggered per Section 0 amendment; no overrides to mechanical p2-10 labels on review."
2026-08-23T19:08:00Z,2026-08-23 PM,BTC,Neutral,Neutral,Bearish,Bullish,Neutral,Bullish,Neutral,Bullish,Bullish,Neutral,4,1,none,"p1 Neutral: mechanical count <5 and not held, so sentiment.py not triggered per Section 0 amendment; no overrides to mechanical p2-10 labels on review."
2026-08-23T19:08:00Z,2026-08-23 PM,CAKE,Bearish,Bullish,Bearish,Bullish,Neutral,Bearish,Bullish,Bullish,Bullish,Neutral,5,3,none,"sentiment.py (mech 5/9): interest flat, euphoria (rocket emojis, 'parabolic mode', 'higher soon', bullish-trending framing) with no capitulation offset. Contrarian Bearish. No overrides to mechanical p2-10."
2026-08-23T19:08:00Z,2026-08-23 PM,DOGE,Neutral,Bearish,Bearish,Bullish,Neutral,Bullish,Bullish,Bullish,Bullish,Neutral,5,2,none,"sentiment.py (mech 5/9): interest flat, no euphoria or capitulation -- scattered weekly-gains-list mentions, no crowd extreme. Neutral. No overrides to mechanical p2-10."
2026-08-23T19:08:00Z,2026-08-23 PM,ENA,Neutral,Bearish,Bearish,Neutral,Bullish,Bearish,Bullish,Bullish,Bullish,Neutral,4,3,none,"p1 Neutral: mechanical count <5 and not held, so sentiment.py not triggered per Section 0 amendment; no overrides to mechanical p2-10 labels on review."
2026-08-23T19:08:00Z,2026-08-23 PM,ETH,Bearish,Bearish,Bearish,Bullish,Neutral,Bullish,Bullish,Bullish,Bullish,Neutral,5,3,none,"sentiment.py (mech 5/9): interest rising, euphoria (30% weekly gain framing, ETF inflow hype, $3100-3900 targets), zero capitulation offset -- a shift from AM's genuinely two-sided read. Contrarian Bearish. No overrides to mechanical p2-10."
2026-08-23T19:08:00Z,2026-08-23 PM,ETHFI,Bearish,Bearish,Bearish,Neutral,Bullish,Bullish,Bullish,Bullish,Bullish,Neutral,5,3,none,"sentiment.py (mech 5/9): interest flat, euphoria (TP calls, high-profit-% claims, 'surge' framing) with no capitulation offset. Contrarian Bearish. No overrides to mechanical p2-10."
2026-08-23T19:08:00Z,2026-08-23 PM,FIL,Neutral,Neutral,Bullish,Bullish,Neutral,Bullish,Neutral,Bullish,Bullish,Neutral,5,0,none,"sentiment.py (mech 5/9): interest falling, no euphoria or capitulation -- low-engagement scattered signal-spam mentions. Neutral. No overrides to mechanical p2-10."
2026-08-23T19:08:00Z,2026-08-23 PM,HBAR,Neutral,Neutral,Neutral,Bullish,Neutral,Bullish,Bullish,Bullish,Bullish,Neutral,5,0,none,"sentiment.py (mech 5/9): interest flat, genuinely two-sided -- mild meme-driven $1-target euphoria against real sustainability/centralization-governance doubt. No one-sided dominance. Neutral. No overrides to mechanical p2-10."
2026-08-23T19:08:00Z,2026-08-23 PM,ICP,Neutral,Neutral,Bullish,Bullish,Bullish,Bearish,Bullish,Bullish,Bullish,Neutral,6,1,none,"sentiment.py (mech 6/9): interest flat, no euphoria or capitulation markers -- technical/accumulation chatter and steady long-term-confidence narrative. Neutral. No overrides to mechanical p2-10."
2026-08-23T19:08:00Z,2026-08-23 PM,JUP,Neutral,Bullish,Neutral,Neutral,Neutral,Bearish,Bullish,Bullish,Bullish,Neutral,4,1,none,"p1 Neutral: mechanical count <5 and not held, so sentiment.py not triggered per Section 0 amendment; no overrides to mechanical p2-10 labels on review."
2026-08-23T19:08:00Z,2026-08-23 PM,LINK,Neutral,Bearish,Bearish,Bullish,Bearish,Bullish,Bullish,Bullish,Bullish,Neutral,5,3,none,"sentiment.py (mech 5/9): interest flat, genuinely two-sided -- $280-450 price-target/'inevitable' euphoria against real tokenomics-doubt capitulation framing (team dumps, 'lousy token despite great tech'). No one-sided dominance. Neutral. No overrides to mechanical p2-10."
2026-08-23T19:08:00Z,2026-08-23 PM,MORPHO,Bearish,Bearish,Bearish,Bullish,Bullish,Neutral,Bullish,Bullish,Bullish,Neutral,5,3,none,"sentiment.py (mech 5/9): interest rising, euphoria (50% upside target, 'parabolic' framing, +20% daily moves, institutional-adoption hype), zero capitulation offset. Contrarian Bearish. No overrides to mechanical p2-10."
2026-08-23T19:08:00Z,2026-08-23 PM,ONDO,Neutral,Bullish,Bullish,Bullish,Bullish,Bullish,Bullish,Bullish,Bullish,Neutral,8,0,armed,"sentiment.py (mech 8/9): interest flat, no euphoria and no capitulation -- factual institutional narrative (JPMorgan/BlackRock tokenized-fund inflows, RWA treasuries). Neutral. No overrides to mechanical p2-10. First occurrence of >=7/10 this checkpoint (AM 08-23 was 5/10) -- ARMED, not confirmed."
2026-08-23T19:08:00Z,2026-08-23 PM,PEPE,Bearish,Bearish,Bearish,Bullish,Bullish,Bullish,Bullish,Bullish,Bullish,Neutral,6,3,none,"sentiment.py (mech 6/9): interest rising, strong euphoria (+53.7% weekly framing, ~$1B volume, whale accumulation, 'meme season' calls), zero capitulation offset. Contrarian Bearish, consistent with prior checkpoints. No overrides to mechanical p2-10."
2026-08-23T19:08:00Z,2026-08-23 PM,POL,Neutral,Bearish,Bearish,Bullish,Neutral,Bullish,Bullish,Bullish,Bullish,Neutral,5,2,none,"sentiment.py (mech 5/9): interest falling, no euphoria or capitulation -- governance/staking-utility chatter only. Neutral. No overrides to mechanical p2-10."
2026-08-23T19:08:00Z,2026-08-23 PM,SHIB,Neutral,Neutral,Bullish,Bullish,Neutral,Bullish,Bullish,Bullish,Bullish,Neutral,6,0,none,"sentiment.py (mech 6/9): interest flat overall but genuinely two-sided this run -- breakout euphoria (+23% 24h, price targets, SHIB Army calls) countered by a same-window 16% plunge and 'can bulls hold on' capitulation-flavored coverage, a real narrative shift mid-window. No one-sided dominance. Neutral. No overrides to mechanical p2-10."
2026-08-23T19:08:00Z,2026-08-23 PM,SOL,Bearish,Neutral,Bearish,Bullish,Bullish,Bullish,Bullish,Bullish,Bullish,Neutral,6,2,none,"sentiment.py (mech 6/9): interest rising, strong euphoria ($500 targets, rocket emojis, 'went nuclear'/'pure violence' chart framing) with only a weak trust-related offset (scam/Wintermute-transfer warnings, not price capitulation). Contrarian Bearish. No overrides to mechanical p2-10."
2026-08-23T19:08:00Z,2026-08-23 PM,TAO,Bearish,Neutral,Neutral,Bullish,Bullish,Bearish,Bullish,Bullish,Bullish,Neutral,5,2,none,"sentiment.py (mech 5/9): interest rising, euphoria (Grayscale ETF-approval hopes, high-engagement positive threads, 15-25% weekly bounce framing) with only an isolated, weak capitulation offset ('scam dumping' complaint). Contrarian Bearish. No overrides to mechanical p2-10."
2026-08-23T19:08:00Z,2026-08-23 PM,TRX,Neutral,Bullish,Neutral,Neutral,Neutral,Bullish,Bullish,Bullish,Bullish,Neutral,5,0,none,"sentiment.py (mech 5/9): interest flat, no euphoria or capitulation -- sparse staking-mechanics/utility chatter. Neutral. No overrides to mechanical p2-10."
2026-08-23T19:08:00Z,2026-08-23 PM,UNI,Bearish,Bullish,Neutral,Bullish,Bullish,Bearish,Bullish,Bullish,Bullish,Neutral,6,2,none,"sentiment.py (mech 6/9): interest flat, clear euphoria ($100-by-2030 targets, rocket emojis, multiple TP long setups) with no capitulation offset. Contrarian Bearish. No overrides to mechanical p2-10."
2026-08-23T19:08:00Z,2026-08-23 PM,VIRTUAL,Bearish,Neutral,Bullish,Neutral,Bullish,Bearish,Bullish,Bullish,Bullish,Neutral,5,2,none,"sentiment.py (mech 5/9): interest rising, dominant euphoria (rocket emojis, '$1 checkpoint not target', 'pump just getting started', 'looks like a steal') with no capitulation offset. Contrarian Bearish. No overrides to mechanical p2-10."
2026-08-23T19:08:00Z,2026-08-23 PM,XLM,Bearish,Bullish,Bullish,Bullish,Bullish,Bearish,Bullish,Bullish,Bullish,Neutral,7,2,held,"sentiment.py (mech 7/9, HELD position): interest rising, strong euphoria (extreme $2280 price target, rocket emojis, XLM-flipping-XRP hype, 'massive pump' claims), zero capitulation offset. Contrarian Bearish, continuing the AM watch flag -- price extended further (not stalling/reversing) and RSI stayed under 75, so the named early-warning combination did not fire this checkpoint. No overrides to mechanical p2-10."
2026-08-23T19:08:00Z,2026-08-23 PM,XRP,Bearish,Bearish,Bearish,Bullish,Bullish,Bullish,Bullish,Bullish,Bullish,Neutral,6,3,none,"sentiment.py (mech 6/9): interest flat, dominant euphoria ('shock millions', institutions pricing out retail, massive upside, skyrocket-if-Trump-approves framing), zero capitulation offset. Contrarian Bearish, consistent with prior checkpoints. No overrides to mechanical p2-10."
2026-08-23T19:08:00Z,2026-08-23 PM,ZEC,Bearish,Bearish,Bearish,Bullish,Bullish,Neutral,Bullish,Bullish,Bullish,Neutral,5,3,none,"sentiment.py (mech 5/9): interest rising, dominant euphoria (rocket emojis, $1000+ targets, 'outperformed BTC', 'massive volume/breakouts') with only a weak profit-booking-suggestion offset (price-technical, not despair). Contrarian Bearish. No overrides to mechanical p2-10."
2026-08-24T07:14:11Z,2026-08-24 AM,AAVE,Bearish,Bearish,Bearish,Bullish,Neutral,Bullish,Bullish,Bullish,Bullish,Neutral,5,3,none,"sentiment.py (mech 5/9): interest rising, dominant euphoria ($170 targets, 'raise your targets', +138%-from-accumulation framing), zero capitulation offset. Contrarian Bearish. No overrides to mechanical p2-10."
2026-08-24T07:14:11Z,2026-08-24 AM,ADA,Bearish,Neutral,Bullish,Bullish,Neutral,Bullish,Bullish,Bullish,Bullish,Neutral,6,1,none,"sentiment.py (mech 6/9): interest flat, euphoria dominant (multiple price targets $0.26-$10, altseason framing) against one weak skepticism note (""hasn't earned this pump, overvalued"" -- not despair capitulation). Contrarian Bearish. No overrides to mechanical p2-10."
2026-08-24T07:14:11Z,2026-08-24 AM,ARB,Neutral,Neutral,Neutral,Bullish,Neutral,Bullish,Bullish,Bullish,Bullish,Neutral,5,0,none,"sentiment.py (mech 5/9): interest flat, sparse low-engagement mentions, no euphoria or capitulation. Neutral. No overrides to mechanical p2-10."
2026-08-24T07:14:11Z,2026-08-24 AM,ASTER,Bearish,Neutral,Bullish,Bullish,Neutral,Neutral,Bullish,Bullish,Bullish,Neutral,5,1,none,"sentiment.py (mech 5/9): interest flat but clear euphoria present ($1 targets, 'parabolic cycle coming', 30% reversal-gain framing) with zero capitulation offset this run (no scam/CZ-farm chatter surfaced today) -- a genuine shift from the PM 08-22/AM 08-23 two-sided reads. Contrarian Bearish. No overrides to mechanical p2-10."
2026-08-24T07:14:11Z,2026-08-24 AM,BCH,Neutral,Neutral,Neutral,Bullish,Neutral,Bullish,Bullish,Bullish,Bullish,Neutral,5,0,none,"sentiment.py (mech 5/9): interest flat, no euphoria or capitulation -- routine long-signal/scaling-debate chatter. Neutral. No overrides to mechanical p2-10."
2026-08-24T07:14:11Z,2026-08-24 AM,BNB,Neutral,Neutral,Bearish,Neutral,Neutral,Neutral,Bullish,Bullish,Bullish,Neutral,3,1,none,"p1 Neutral: mechanical count <5 and not held, so sentiment.py not triggered per Section 0 amendment; no overrides to mechanical p2-10 labels on review."
2026-08-24T07:14:11Z,2026-08-24 AM,BTC,Neutral,Neutral,Bearish,Bullish,Neutral,Bullish,Neutral,Bullish,Bullish,Neutral,4,1,none,"p1 Neutral: mechanical count <5 and not held, so sentiment.py not triggered per Section 0 amendment; no overrides to mechanical p2-10 labels on review."
2026-08-24T07:14:11Z,2026-08-24 AM,CAKE,Neutral,Bullish,Bearish,Bullish,Neutral,Bullish,Bullish,Bullish,Bullish,Neutral,6,1,none,"sentiment.py (mech 6/9): interest falling, sparse mentions mostly unrelated (NASDAQ stock-ticker confusion, not the token) -- no euphoria or capitulation signal. Neutral. No overrides to mechanical p2-10."
2026-08-24T07:14:11Z,2026-08-24 AM,DOGE,Bearish,Bearish,Bearish,Bullish,Neutral,Bullish,Bullish,Bullish,Bullish,Neutral,5,3,none,"sentiment.py (mech 5/9): interest rising, dominant euphoria (rocket emojis, 'to the moon', whale-loading, ~30% weekly framing), zero capitulation offset. Contrarian Bearish. No overrides to mechanical p2-10."
2026-08-24T07:14:11Z,2026-08-24 AM,ENA,Neutral,Bearish,Bearish,Neutral,Neutral,Bullish,Bullish,Bullish,Bullish,Neutral,4,2,none,"p1 Neutral: mechanical count <5 and not held, so sentiment.py not triggered per Section 0 amendment; no overrides to mechanical p2-10 labels on review."
2026-08-24T07:14:11Z,2026-08-24 AM,ETH,Bearish,Bearish,Bearish,Bullish,Neutral,Bullish,Bullish,Bullish,Bullish,Neutral,5,3,none,"sentiment.py (mech 5/9): interest rising, dominant euphoria (ETF-inflow hype, $2300-2416 targets, 'rally getting serious'), zero capitulation offset -- a shift back to one-sided from PM 08-23's two-sided read. Contrarian Bearish. No overrides to mechanical p2-10."
2026-08-24T07:14:11Z,2026-08-24 AM,ETHFI,Neutral,Bearish,Bearish,Neutral,Neutral,Bullish,Bullish,Bullish,Bullish,Neutral,4,2,none,"p1 Neutral: mechanical count <5 and not held, so sentiment.py not triggered per Section 0 amendment; no overrides to mechanical p2-10 labels on review."
2026-08-24T07:14:11Z,2026-08-24 AM,FIL,Neutral,Neutral,Bullish,Bullish,Bearish,Bullish,Neutral,Bullish,Bullish,Neutral,5,1,none,"sentiment.py (mech 5/9): interest flat, no euphoria or capitulation -- generic storage/DePIN description only. Neutral. No overrides to mechanical p2-10."
2026-08-24T07:14:11Z,2026-08-24 AM,HBAR,Neutral,Neutral,Neutral,Bullish,Neutral,Bullish,Bullish,Bullish,Bullish,Neutral,5,0,none,"sentiment.py (mech 5/9): interest flat, genuinely two-sided -- mild price-target euphoria against a single 'trashbar'/scam capitulation-flavored post. No one-sided dominance. Neutral. No overrides to mechanical p2-10."
2026-08-24T07:14:11Z,2026-08-24 AM,ICP,Bullish,Neutral,Bullish,Bullish,Neutral,Bullish,Bullish,Bullish,Bullish,Neutral,7,0,armed,"sentiment.py (mech 6/9): interest flat, no euphoria; capitulation markers present (scam accusations, '-99.9%' framing, frustration with August performance) with mechanical structure (RSI 58.1, OI +24.1%/7d, funding flat) otherwise intact -- capitulation-while-thesis-intact reads contrarian Bullish per rubric. Scam claims are unverified retail complaints, not confirmed hack/regulatory/team-exit news -- no auto-exclude triggered. No overrides to mechanical p2-10. First occurrence of >=7/10 this checkpoint (PM 08-23 was 6/10) -- ARMED, not confirmed."
2026-08-24T07:14:11Z,2026-08-24 AM,JUP,Bearish,Bullish,Bullish,Bullish,Neutral,Neutral,Bullish,Bullish,Bullish,Neutral,6,1,none,"sentiment.py (mech 6/9): interest falling but clear euphoria present (god-candle/Solana-rotation hype, 'ultimate infrastructure bag', bounce target) with zero capitulation offset -- euphoria dominance is the operative signal per rubric regardless of trend direction. Contrarian Bearish. Noted unverified fake-airdrop-site claim (claim.jupag.cyou) -- phishing risk, not a coin-level red flag, no watchlist action. No overrides to mechanical p2-10."
2026-08-24T07:14:11Z,2026-08-24 AM,LINK,Neutral,Bearish,Bearish,Bullish,Neutral,Bullish,Bullish,Bullish,Bullish,Neutral,5,2,none,"sentiment.py (mech 5/9): interest flat, no euphoria; one isolated trade-caution note (stop-loss hit) is not broad price-capitulation. Neutral. No overrides to mechanical p2-10."
2026-08-24T07:14:11Z,2026-08-24 AM,MORPHO,Neutral,Bearish,Neutral,Bullish,Neutral,Neutral,Bullish,Bullish,Bullish,Neutral,4,1,none,"p1 Neutral: mechanical count <5 and not held, so sentiment.py not triggered per Section 0 amendment; no overrides to mechanical p2-10 labels on review."
2026-08-24T07:14:11Z,2026-08-24 AM,ONDO,Bearish,Bullish,Bullish,Bullish,Neutral,Bullish,Bullish,Bullish,Bullish,Neutral,7,1,confirmed,"sentiment.py (mech 7/9): interest rising, dominant euphoria ($1.40/+1500% targets, rocket emojis, new-ATH scenarios), zero capitulation offset. Contrarian Bearish -- a flip from PM 08-23's Neutral read as euphoria intensified alongside the price extension. No overrides to mechanical p2-10. CONFIRMED ENTRY: second consecutive checkpoint >=7/10 (PM 08-23 8/10 armed -> AM 08-24 7/10 confirmed)."
2026-08-24T07:14:11Z,2026-08-24 AM,PEPE,Neutral,Bearish,Bearish,Bullish,Neutral,Bullish,Bullish,Bullish,Bullish,Neutral,5,2,none,"sentiment.py (mech 5/9): interest flat, no euphoria or capitulation -- generic renewed-activity framing across meme names. Neutral. No overrides to mechanical p2-10."
2026-08-24T07:14:11Z,2026-08-24 AM,POL,Bearish,Bearish,Bearish,Bullish,Neutral,Bullish,Bullish,Bullish,Bullish,Neutral,5,3,none,"sentiment.py (mech 5/9): interest falling, no euphoria; capitulation-flavored content (whale/founder dumping, ponzi accusations) reads as narrative deterioration (insider-selling allegations) rather than passive despair-with-intact-thesis -- fits the Bearish 'deteriorating narrative' branch, not contrarian-Bullish capitulation. Claims are unverified social-media allegations, not confirmed team-exit news -- no auto-exclude, but flagged for the next MID red-flag web-search screen. Contrarian Bearish. No overrides to mechanical p2-10."
2026-08-24T07:14:11Z,2026-08-24 AM,SHIB,Neutral,Neutral,Bullish,Bullish,Neutral,Bullish,Bullish,Bullish,Bullish,Neutral,6,0,none,"sentiment.py (mech 6/9): interest falling, no euphoria or capitulation -- community debate over an ecosystem-reset/governance-overhaul proposal (uncertainty, not price despair). Neutral. No overrides to mechanical p2-10."
2026-08-24T07:14:11Z,2026-08-24 AM,SOL,Neutral,Neutral,Bearish,Bullish,Neutral,Bullish,Bullish,Bullish,Bullish,Neutral,5,1,none,"sentiment.py (mech 5/9): interest flat, no euphoria or capitulation -- routine technical support/resistance chatter. Neutral. Noted unverified Wintermute-short claim, context only. No overrides to mechanical p2-10."
2026-08-24T07:14:11Z,2026-08-24 AM,TAO,Bearish,Neutral,Bullish,Bullish,Neutral,Neutral,Bullish,Bullish,Bullish,Neutral,5,1,none,"sentiment.py (mech 5/9): interest flat but euphoria clearly dominant ('giga pumps soon', 350+/370+ targets, 'incredible run'), zero capitulation offset -- euphoria is the operative signal regardless of interest trend. Contrarian Bearish, consistent with prior checkpoints. No overrides to mechanical p2-10."
2026-08-24T07:14:11Z,2026-08-24 AM,TRX,Neutral,Bullish,Neutral,Neutral,Neutral,Bullish,Bullish,Bullish,Bullish,Neutral,5,0,none,"sentiment.py (mech 5/9): interest flat, no euphoria or capitulation -- factual treasury-buying/TVL-growth narrative. Neutral. No overrides to mechanical p2-10."
2026-08-24T07:14:11Z,2026-08-24 AM,UNI,Neutral,Bullish,Bullish,Neutral,Neutral,Bullish,Bullish,Bullish,Bullish,Neutral,6,0,none,"sentiment.py (mech 6/9): interest flat, no euphoria or capitulation markers -- factual burn-mechanics/bullish-list mentions only. Neutral. No overrides to mechanical p2-10."
2026-08-24T07:14:11Z,2026-08-24 AM,VIRTUAL,Neutral,Neutral,Bullish,Bullish,Neutral,Neutral,Bullish,Bullish,Bullish,Neutral,5,0,none,"sentiment.py (mech 5/9): interest falling, only thin/occasional euphoria markers (single shill post, one whale mention) with no capitulation -- weaker, more mixed signal than PM 08-23's dominant-euphoria read. Neutral. No overrides to mechanical p2-10."
2026-08-24T07:14:11Z,2026-08-24 AM,XLM,Bearish,Bullish,Bullish,Bullish,Neutral,Neutral,Bullish,Bullish,Bullish,Neutral,6,1,held,"sentiment.py (mech 6/9, HELD position): interest rising, euphoria persists ($10-15/top-5 targets, rocket emojis, XRP-style-run comparisons), zero capitulation offset. Contrarian Bearish, continuing the PM 08-23 read -- same watch item stands: euphoria intensifying alongside a genuine price stall/reversal is the early-warning combination. No overrides to mechanical p2-10."
2026-08-24T07:14:11Z,2026-08-24 AM,XRP,Bearish,Bearish,Bearish,Bullish,Neutral,Bullish,Bullish,Bullish,Bullish,Neutral,5,3,none,"sentiment.py (mech 5/9): interest rising, extreme euphoria ($5-100 targets, FedNow-replacement rumor, giveaways), zero capitulation offset. Contrarian Bearish, consistent with prior checkpoints. No overrides to mechanical p2-10."
2026-08-24T07:14:11Z,2026-08-24 AM,ZEC,Neutral,Bearish,Bearish,Bullish,Neutral,Neutral,Bullish,Bullish,Bullish,Neutral,4,2,none,"p1 Neutral: mechanical count <5 and not held, so sentiment.py not triggered per Section 0 amendment; no overrides to mechanical p2-10 labels on review."
2026-08-24T19:05:45Z,2026-08-24 PM,ONDO,Bullish,Bullish,Bullish,Bullish,Neutral,Bullish,Bullish,Bullish,Bullish,Neutral,8,0,held,"sentiment.py (mech 7/9, HELD/confirmed entry): interest rising, no euphoria markers and no capitulation markers this run -- base-building/double-bottom/support-defense framing reads as measured technical chatter, not the rocket-emoji/'1500%'/new-ATH euphoria stack that flipped this Bearish at AM. Fits the p1 Bullish branch ('improving interest without euphoria'). Contrarian Bullish -- a genuine cooldown from AM's euphoric read, not a forced call (the mechanical structure is unchanged and clean; this is not needed to justify the pre-existing position). No overrides to mechanical p2-10."
2026-08-24T19:05:45Z,2026-08-24 PM,ASTER,Neutral,Neutral,Bullish,Bullish,Bullish,Bullish,Bullish,Bullish,Bullish,Neutral,7,0,armed,"sentiment.py (mech 7/9): interest flat, no euphoria or capitulation this run -- buyback/burn-program mechanics only, the scam/CZ-farm allegations from prior checkpoints did not resurface. Neutral. No overrides to mechanical p2-10."
2026-08-24T19:05:45Z,2026-08-24 PM,JUP,Neutral,Bullish,Bullish,Bullish,Neutral,Bullish,Bullish,Bullish,Bullish,Neutral,7,0,armed,"sentiment.py (mech 7/9): interest falling, no euphoria; one isolated tokenomics grievance ('team finances itself from holders' pockets, JLP better') is a governance complaint, not price-despair capitulation. Neutral. No overrides to mechanical p2-10. First occurrence of >=7/10 this checkpoint (AM 08-24 was 6/10) -- ARMED, not confirmed."
2026-08-24T19:05:45Z,2026-08-24 PM,XLM,Bearish,Bullish,Bullish,Bullish,Bearish,Bullish,Bullish,Bullish,Bullish,Neutral,7,2,held,"sentiment.py (mech 7/9, HELD position): interest rising, euphoria persists ($0.27-0.28/$0.45 targets, rocket emojis, 'textbook falling wedge breakout', 22% weekly surge mentions, RWA volume framing), zero capitulation offset. Contrarian Bearish, continuing the standing watch flag -- price extended further (not stalling/reversing) this checkpoint, so the named early-warning combination (euphoria + stall/reversal) still hasn't cleanly fired. No overrides to mechanical p2-10."
2026-08-24T19:05:45Z,2026-08-24 PM,ADA,Bearish,Neutral,Bullish,Bullish,Neutral,Bullish,Bullish,Bullish,Bullish,Neutral,6,1,none,"sentiment.py (mech 6/9): interest rising, dominant euphoria ($1/$4.5 targets, 25-30x rally talk, bottom-call framing) against one weak skepticism note ('hasn't earned this pump') -- not despair capitulation, doesn't offset. Contrarian Bearish. No overrides to mechanical p2-10."
2026-08-24T19:05:45Z,2026-08-24 PM,ARB,Neutral,Neutral,Bullish,Bullish,Neutral,Bullish,Bullish,Bullish,Bullish,Neutral,6,0,none,"sentiment.py (mech 6/9): interest flat, no euphoria or capitulation -- L2-undervaluation/Robinhood-tokenization/peer-comparison chatter only. Neutral. No overrides to mechanical p2-10."
2026-08-24T19:05:45Z,2026-08-24 PM,BTC,Bearish,Neutral,Bearish,Bullish,Bullish,Bullish,Bullish,Bullish,Bullish,Neutral,6,2,none,"sentiment.py (mech 6/9, triggered by >=5 mechanical): interest rising, euphoria present (80k price targets, 'primed pump ready', 'best August since 2017') alongside genuine DCA/patience framing -- euphoria markers dominate the read, no capitulation offset. Contrarian Bearish. No overrides to mechanical p2-10."
2026-08-24T19:05:45Z,2026-08-24 PM,CAKE,Neutral,Bullish,Bearish,Bullish,Neutral,Bullish,Bullish,Bullish,Bullish,Neutral,6,1,none,"sentiment.py (mech 6/9): interest falling, no euphoria or capitulation -- sparse mentions, uptrend/BTC-outperformance note only. Neutral. No overrides to mechanical p2-10."
2026-08-24T19:05:45Z,2026-08-24 PM,HBAR,Bearish,Neutral,Bullish,Bullish,Bearish,Bullish,Bullish,Bullish,Bullish,Neutral,6,2,none,"sentiment.py (mech 6/9): interest flat but euphoria clearly dominant (rocket emojis, $0.13-0.38 targets, 'up 50% weekly', buy-list mentions), zero capitulation offset -- euphoria fires regardless of interest trend. Contrarian Bearish. No overrides to mechanical p2-10."
2026-08-24T19:05:45Z,2026-08-24 PM,ICP,Neutral,Neutral,Bullish,Bullish,Neutral,Bullish,Bullish,Bullish,Bullish,Neutral,6,0,none,"sentiment.py (mech 6/9, HELD-adjacent -- armed AM 08-24): interest flat, genuinely two-sided this run -- euphoria present (rocket emojis, '$6 target', 'price will spike') alongside real despair-flavored capitulation ('down 830x from ATH', 'die or explode'), neither cleanly dominant, a shift from AM's clean capitulation-only read. No one-sided dominance. Neutral. No overrides to mechanical p2-10. AM 08-24 arm (7/10) LAPSES -- this checkpoint reads only 6/10, breaking the 2-consecutive-checkpoint sequence; a fresh >=7/10 read would be needed to re-arm."
2026-08-24T19:05:45Z,2026-08-24 PM,MORPHO,Bearish,Bearish,Bullish,Bullish,Bearish,Bullish,Bullish,Bullish,Bullish,Neutral,6,3,none,"sentiment.py (mech 6/9): interest rising, dominant euphoria (rocket emojis, 50% upside targets, 'on fire', 'parabolic', +177% profit-running claims), zero capitulation offset. Contrarian Bearish. No overrides to mechanical p2-10."
2026-08-24T19:05:45Z,2026-08-24 PM,POL,Neutral,Bearish,Bearish,Bullish,Bullish,Bullish,Bullish,Bullish,Bullish,Neutral,6,2,none,"sentiment.py (mech 6/9): interest flat, no euphoria or capitulation this run -- factual network-metrics narrative (record fees, revenue, burns); the insider-dump/ponzi allegations flagged AM 08-24 did not resurface this run. Neutral. No overrides to mechanical p2-10."
2026-08-24T19:05:45Z,2026-08-24 PM,SHIB,Neutral,Neutral,Bullish,Bullish,Neutral,Bullish,Bullish,Bullish,Bullish,Neutral,6,0,none,"sentiment.py (mech 6/9): interest flat, genuinely two-sided -- euphoria present (rocket emojis, 'ShibArmy strong holding', buyback-rumor parabolic talk) alongside real capitulation-flavored caution ('give up on ecosystem projects', 'protect capital'); an unverified $1.5B buyback rumor noted, not a red-flag event. No one-sided dominance. Neutral. No overrides to mechanical p2-10."
2026-08-24T19:05:45Z,2026-08-24 PM,SOL,Neutral,Neutral,Bearish,Bullish,Bullish,Bullish,Bullish,Bullish,Bullish,Neutral,6,1,none,"sentiment.py (mech 6/9): interest flat, no euphoria or capitulation -- dominant chatter is unrelated meme-coin-launch/airdrop noise on the Solana network, not SOL-specific sentiment. Neutral. No overrides to mechanical p2-10."
2026-08-24T19:05:45Z,2026-08-24 PM,TAO,Bearish,Neutral,Neutral,Bullish,Bullish,Bullish,Bullish,Bullish,Bullish,Neutral,6,1,none,"sentiment.py (mech 6/9): interest flat, euphoria present ($300 targets, 'giga pumps soon') against emissions-grievance capitulation-flavored complaints -- narrative_change flags a shift toward emphasizing real demand/emissions over hype, but euphoria markers still read as the dominant near-term framing this run. Contrarian Bearish, consistent with prior checkpoints. No overrides to mechanical p2-10."
2026-08-24T19:05:45Z,2026-08-24 PM,UNI,Neutral,Bullish,Bullish,Neutral,Bearish,Bullish,Bullish,Bullish,Bullish,Neutral,6,1,none,"sentiment.py (mech 6/9): interest flat, only a single thin euphoria marker (rocket emojis in signal posts, no price-target hype this run) with no capitulation -- too thin to call dominant euphoria, consistent with AM 08-24's Neutral read rather than PM 08-23's clearly euphoric one. Neutral. No overrides to mechanical p2-10."
2026-08-24T19:05:45Z,2026-08-24 PM,AAVE,Neutral,Bearish,Bearish,Bullish,Bearish,Bullish,Bullish,Bullish,Bullish,Neutral,5,3,none,"sentiment.py (mech 5/9): interest flat, no euphoria or capitulation -- factual Aave V4/Coinbase-tokenized-stocks narrative. Neutral. No overrides to mechanical p2-10."
2026-08-24T19:05:45Z,2026-08-24 PM,DOGE,Bearish,Neutral,Neutral,Bullish,Bearish,Bullish,Bullish,Bullish,Bullish,Neutral,5,2,none,"sentiment.py (mech 5/9): interest rising, dominant euphoria (multiple price targets, rocket emojis, 'breaking trendline and running', +30% off base framing), zero capitulation offset. Contrarian Bearish. No overrides to mechanical p2-10."
2026-08-24T19:05:45Z,2026-08-24 PM,ENA,Bearish,Bearish,Bearish,Bullish,Bearish,Bullish,Bullish,Bullish,Bullish,Neutral,5,4,none,"sentiment.py (mech 5/9): interest rising, dominant euphoria (price targets, rocket emojis, 'altcoin season heating up', +130% gains highlighted), zero capitulation offset. Contrarian Bearish. No overrides to mechanical p2-10."
2026-08-24T19:05:45Z,2026-08-24 PM,ETH,Neutral,Bearish,Bearish,Bullish,Bullish,Bullish,Neutral,Bullish,Bullish,Neutral,5,2,none,"sentiment.py (mech 5/9): interest flat, no euphoria or capitulation this run -- sentiment scores fluctuating neutral/positive, technical-support focus only, a genuine cooldown from prior checkpoints' one-sided euphoria reads. Neutral. No overrides to mechanical p2-10."
2026-08-24T19:05:45Z,2026-08-24 PM,ETHFI,Bearish,Bearish,Bearish,Neutral,Bullish,Bullish,Bullish,Bullish,Bullish,Neutral,5,3,none,"sentiment.py (mech 5/9): interest flat, euphoria present (price targets, TP1-hit rocket celebrations) against one weak 'looks done' despair comment -- thin, doesn't offset dominant euphoria. Contrarian Bearish. No overrides to mechanical p2-10."
2026-08-24T19:05:45Z,2026-08-24 PM,PEPE,Bearish,Bearish,Bearish,Bullish,Bearish,Bullish,Bullish,Bullish,Bullish,Neutral,5,4,none,"sentiment.py (mech 5/9): interest rising, dominant euphoria (+20-30%/24h, +50%+/week, whale accumulation, 'meme rotation live' framing, $1.2B volume) against one thin flash-drop question ('sudden 11% drop, who's still in') -- not broad despair, doesn't offset. Contrarian Bearish. No overrides to mechanical p2-10."
2026-08-24T19:05:45Z,2026-08-24 PM,PYTH,Bearish,Neutral,Bullish,Bullish,Bearish,Bullish,Bearish,Bullish,Bullish,Neutral,5,3,none,"sentiment.py (mech 5/9): interest flat but euphoria clearly present (price targets referencing the January high, '55% UP' with fire/rocket emojis), zero capitulation offset -- euphoria fires regardless of interest trend. Contrarian Bearish. No overrides to mechanical p2-10."
2026-08-24T19:05:45Z,2026-08-24 PM,TRX,Neutral,Bullish,Neutral,Neutral,Neutral,Bullish,Bullish,Bullish,Bullish,Neutral,5,0,none,"sentiment.py (mech 5/9): interest flat, no euphoria or capitulation -- factual 400M-accounts-milestone/treasury-buy narrative. Neutral. No overrides to mechanical p2-10."
2026-08-24T19:05:45Z,2026-08-24 PM,VIRTUAL,Bearish,Bearish,Neutral,Neutral,Bullish,Bullish,Bullish,Bullish,Bullish,Neutral,5,2,none,"sentiment.py (mech 5/9): interest rising, dominant euphoria (new-ATH hopes, 33%+ gain celebrations, 7-figure buy calls, breakout predictions), zero capitulation offset -- back to a clean one-sided read after AM's thinner mixed signal. Contrarian Bearish. No overrides to mechanical p2-10."
2026-08-24T19:05:45Z,2026-08-24 PM,XRP,Neutral,Bearish,Bearish,Bullish,Bearish,Bullish,Bullish,Bullish,Bullish,Neutral,5,3,none,"sentiment.py (mech 5/9): interest flat, no euphoria or capitulation this run -- scattered Ripple/OpenUSD news and low-volume technical notes, a genuine cooldown from prior checkpoints' one-sided euphoric reads. Neutral. No overrides to mechanical p2-10."
2026-08-24T19:05:45Z,2026-08-24 PM,ZEC,Bearish,Bearish,Bearish,Bullish,Bearish,Bullish,Bullish,Bullish,Bullish,Neutral,5,4,none,"sentiment.py (mech 5/9): interest flat, euphoria present ($888/$2k targets, rocket emojis, +86% gains) but narrative_change explicitly flags a shift from pump-excitement to sustainability/downside warnings (overextended RSI>85, 749% long/short ratio, 'hype feels overcooked') -- both signals point toward topping/overheating risk rather than one offsetting the other into a Bullish capitulation read. Contrarian Bearish (euphoria present + a documented deteriorating-narrative shift). No overrides to mechanical p2-10."
2026-08-24T19:05:45Z,2026-08-24 PM,BCH,Neutral,Neutral,Neutral,Bullish,Neutral,Bullish,Neutral,Bullish,Bullish,Neutral,4,0,none,"p1 Neutral: mechanical count <5 and not held, so sentiment.py not triggered per Section 0 amendment; no overrides to mechanical p2-10 labels on review."
2026-08-24T19:05:45Z,2026-08-24 PM,BNB,Neutral,Neutral,Bearish,Neutral,Neutral,Bullish,Bullish,Bullish,Bullish,Neutral,4,1,none,"p1 Neutral: mechanical count <5 and not held, so sentiment.py not triggered per Section 0 amendment; no overrides to mechanical p2-10 labels on review."
2026-08-24T19:05:45Z,2026-08-24 PM,LINK,Neutral,Bearish,Bearish,Bullish,Neutral,Neutral,Bullish,Bullish,Bullish,Neutral,4,2,none,"p1 Neutral: mechanical count <5 and not held, so sentiment.py not triggered per Section 0 amendment; no overrides to mechanical p2-10 labels on review."
2026-08-25T07:10:04.338642+00:00,2026-08-25 AM,AAVE,Bearish,Bearish,Neutral,Bullish,Neutral,Bullish,Bullish,Bullish,Bullish,Neutral,5,2,none,"sentiment.py (mech 5/9): interest rising, dominant euphoria (5.3x/92%+ price targets, rocket emojis, ""clean setups and spicy looks"", V4/tokenized-equities hype), zero capitulation offset. Contrarian Bearish. No overrides to mechanical p2-10."
2026-08-25T07:10:04.338642+00:00,2026-08-25 AM,ADA,Bearish,Neutral,Neutral,Bullish,Neutral,Bullish,Bullish,Bullish,Bullish,Neutral,5,1,none,"sentiment.py (mech 5/9): interest flat, dominant euphoria ($ADA to $10 targets, rocket emojis in altcoin-season posts), zero capitulation offset. Contrarian Bearish, consistent with prior checkpoints. No overrides to mechanical p2-10."
2026-08-25T07:10:04.338642+00:00,2026-08-25 AM,ARB,Neutral,Neutral,Bullish,Bullish,Neutral,Bullish,Bullish,Bullish,Bullish,Neutral,6,0,none,"sentiment.py (mech 6/9): interest flat, no euphoria or capitulation markers -- sparse chatter limited to technical setups and L2-sector-undervaluation narrative. Neutral. No overrides to mechanical p2-10."
2026-08-25T07:10:04.338642+00:00,2026-08-25 AM,ASTER,Neutral,Neutral,Bullish,Bullish,Neutral,Bullish,Bullish,Bullish,Bullish,Neutral,6,0,none,"sentiment.py (mech 6/9): interest flat, genuinely mixed -- mild euphoria (""last opportunity to load up"", ""true potential"") against real skepticism/capitulation-flavored doubt (""shitcoin... still 0.6$"", ""something intrinsically wrong"", burns/buybacks not stopping the price decline), no clean dominance either way. Neutral. No overrides to mechanical p2-10. Mechanical count eased 7/9 (PM 08-24) -> 6/9 this run; combined with Neutral p1, total reads 6/10 -- the PM 08-24 arm (7/10) LAPSES, breaking the 2-consecutive-checkpoint sequence."
2026-08-25T07:10:04.338642+00:00,2026-08-25 AM,BCH,Neutral,Neutral,Neutral,Bullish,Neutral,Bullish,Neutral,Bullish,Bullish,Neutral,4,0,none,"p1 Neutral: mechanical count <5 and not held, so sentiment.py not triggered per Section 0 amendment; no overrides to mechanical p2-10 labels on review."
2026-08-25T07:10:04.338642+00:00,2026-08-25 AM,BNB,Neutral,Neutral,Bearish,Neutral,Neutral,Neutral,Bullish,Bullish,Bullish,Neutral,3,1,none,"p1 Neutral: mechanical count <5 and not held, so sentiment.py not triggered per Section 0 amendment; no overrides to mechanical p2-10 labels on review."
2026-08-25T07:10:04.338642+00:00,2026-08-25 AM,BTC,Bearish,Neutral,Bearish,Bullish,Neutral,Bullish,Bullish,Bullish,Bullish,Neutral,5,2,none,"sentiment.py (mech 5/9, triggered by >=5 mechanical): interest rising, narrative_change explicitly flags a shift from a recent fear stretch/bearish tone to heating greed vibes -- euphoria markers (F&G 73 called out approvingly, $80k price tag mentions, rising sentiment-score conviction) now outweigh the residual capitulation-flavored caution (bearish accounts turning at $60k, Marathon selling-pressure notes). Contrarian Bearish, consistent with prior checkpoints and the still-elevated global F&G (74). No overrides to mechanical p2-10."
2026-08-25T07:10:04.338642+00:00,2026-08-25 AM,CAKE,Neutral,Bullish,Bearish,Bullish,Neutral,Bullish,Bullish,Bullish,Bullish,Neutral,6,1,none,"sentiment.py (mech 6/9): interest flat, dominant chatter is actually about CAKE the stock (Cheesecake Factory), not the token -- crypto-specific content is sparse (revenue/DEX-ranking facts only), no euphoria or capitulation markers. Neutral. No overrides to mechanical p2-10."
2026-08-25T07:10:04.338642+00:00,2026-08-25 AM,DOGE,Bearish,Bearish,Bearish,Bullish,Neutral,Bullish,Bullish,Bullish,Bullish,Neutral,5,3,none,"sentiment.py (mech 5/9): interest rising, dominant euphoria ($0.128 price targets, rocket emojis, bullish pennant/breakout talk, ""dogs always run first""), narrative_change flags a shift from weeks of silence to active rebound momentum -- zero capitulation offset. Contrarian Bearish. No overrides to mechanical p2-10."
2026-08-25T07:10:04.338642+00:00,2026-08-25 AM,ENA,Neutral,Bearish,Bearish,Bullish,Neutral,Bullish,Bullish,Bullish,Bullish,Neutral,5,2,none,"sentiment.py (mech 5/9): interest flat, genuinely two-sided -- bullish TA/TP-target chatter and rocket emojis against real bearish price-action commentary (""-4.3% top loser"", short setups, ""buyers losing grip"", ""dumping on high volume""), no clean dominance either way. Neutral. No overrides to mechanical p2-10."
2026-08-25T07:10:04.338642+00:00,2026-08-25 AM,ETH,Bearish,Bearish,Bearish,Bullish,Neutral,Bullish,Bullish,Bullish,Bullish,Neutral,5,3,none,"sentiment.py (mech 5/9): interest flat, dominant euphoria (""ETH SZN"", ""ETH to 20k"", ""golden cross bullish signal"", ""altseason knocking""), zero capitulation offset. One unverified phishing/fraud-alert claim noted, not a red flag on ETH itself. Contrarian Bearish. No overrides to mechanical p2-10."
2026-08-25T07:10:04.338642+00:00,2026-08-25 AM,ETHFI,Neutral,Bearish,Neutral,Neutral,Neutral,Bullish,Bullish,Bullish,Bullish,Neutral,4,1,none,"p1 Neutral: mechanical count <5 and not held, so sentiment.py not triggered per Section 0 amendment; no overrides to mechanical p2-10 labels on review."
2026-08-25T07:10:04.338642+00:00,2026-08-25 AM,HBAR,Neutral,Neutral,Neutral,Bullish,Neutral,Bullish,Bullish,Bullish,Bullish,Neutral,5,0,none,"sentiment.py (mech 5/9): interest flat, zero euphoria and zero capitulation markers -- purely technical chart-level chatter (support/resistance levels, modest breakout expectations). Neutral, a cooldown from prior checkpoints' dominant-euphoria reads. No overrides to mechanical p2-10."
2026-08-25T07:10:04.338642+00:00,2026-08-25 AM,ICP,Bearish,Neutral,Bullish,Bullish,Neutral,Bullish,Bullish,Bullish,Bullish,Neutral,6,1,none,"sentiment.py (mech 6/9): interest flat, dominant euphoria this run (""50-100x+ upside"", ""price will rocket"", ""asymmetric bet"" framing), zero capitulation offset -- a shift back to one-sided hype from PM 08-24's genuinely two-sided read. Contrarian Bearish. No overrides to mechanical p2-10."
2026-08-25T07:10:04.338642+00:00,2026-08-25 AM,JUP,Neutral,Bullish,Bullish,Neutral,Neutral,Bullish,Bullish,Bullish,Bullish,Neutral,6,0,none,"sentiment.py (mech 6/9): interest flat, genuinely two-sided -- euphoria present ($4-8 targets, rocket emojis in bullish threads) against real capitulation-flavored grievances (""down only since launch"", ""super hated"", ""forgotten token"", ""team not pushing $JUP""), neither cleanly dominant. Neutral. No overrides to mechanical p2-10. Mechanical count eased 7/9 (PM 08-24) -> 6/9 this run; combined with Neutral p1, total reads 6/10 -- the PM 08-24 arm (7/10) LAPSES, breaking the 2-consecutive-checkpoint sequence."
2026-08-25T07:10:04.338642+00:00,2026-08-25 AM,LINK,Bearish,Bearish,Bearish,Bullish,Neutral,Bullish,Bullish,Bullish,Bullish,Neutral,5,3,none,"sentiment.py (mech 5/9): interest rising, dominant euphoria ($50+ price targets, ""stampede has begun"" hype, $700 hypothetical SVR valuation, institutional-adoption excitement around real Coinbase/Chamber-hire news), zero capitulation offset. Contrarian Bearish. No overrides to mechanical p2-10."
2026-08-25T07:10:04.338642+00:00,2026-08-25 AM,MORPHO,Bearish,Bearish,Bullish,Bullish,Neutral,Bullish,Bullish,Bullish,Bullish,Neutral,6,2,none,"sentiment.py (mech 6/9): interest rising, dominant euphoria (rocket emojis, ATH $4.20 targets, ""on fire"", ""parabolic"", bullish pennant breakout), zero capitulation offset. Unverified Solana-airdrop scam claim noted, not a red-flag event. Contrarian Bearish, consistent with prior checkpoints. No overrides to mechanical p2-10."
2026-08-25T07:10:04.338642+00:00,2026-08-25 AM,ONDO,Neutral,Bullish,Bullish,Bullish,Neutral,Bullish,Bullish,Bullish,Bullish,Neutral,7,0,held,"sentiment.py (mech 7/9, HELD/full-size): interest flat, weak/thin euphoria markers (price targets $0.49/$0.70/$1.16, risk/reward-near-lows framing) but also genuine uncertainty (""was $0.20 the bottom or will it go lower"") -- not a dominant euphoria stack, no capitulation offset either. Neutral, a cooldown from PM's contrarian-Bullish base-building read (mild optimism crept in, but not enough to call improving-interest-without-euphoria cleanly). No overrides to mechanical p2-10."
2026-08-25T07:10:04.338642+00:00,2026-08-25 AM,PEPE,Neutral,Bearish,Bearish,Bullish,Neutral,Bullish,Bullish,Bullish,Bullish,Neutral,5,2,none,"sentiment.py (mech 5/9): interest flat, only mild/thin euphoria markers (price targets shared, ""best memecoin"" claims) with no capitulation -- a real cooldown from prior checkpoints' dominant rocket-emoji/whale-accumulation euphoria stacks. Neutral. No overrides to mechanical p2-10."
2026-08-25T07:10:04.338642+00:00,2026-08-25 AM,POL,Neutral,Bearish,Bearish,Bullish,Neutral,Neutral,Bullish,Bullish,Bullish,Neutral,4,2,none,"p1 Neutral: mechanical count <5 and not held, so sentiment.py not triggered per Section 0 amendment; no overrides to mechanical p2-10 labels on review."
2026-08-25T07:10:04.338642+00:00,2026-08-25 AM,PYTH,Neutral,Neutral,Bullish,Neutral,Neutral,Bullish,Neutral,Bullish,Bullish,Neutral,4,0,none,"p1 Neutral: mechanical count <5 and not held, so sentiment.py not triggered per Section 0 amendment; no overrides to mechanical p2-10 labels on review."
2026-08-25T07:10:04.338642+00:00,2026-08-25 AM,SHIB,Neutral,Neutral,Bullish,Bullish,Neutral,Neutral,Bullish,Bullish,Bullish,Neutral,5,0,none,"sentiment.py (mech 5/9): interest flat, only a single thin price-target mention with no capitulation -- dominant narrative is factual (regulatory approval / Nomura-backed Japanese platform listing), not speculative hype. Neutral. No overrides to mechanical p2-10."
2026-08-25T07:10:04.338642+00:00,2026-08-25 AM,SOL,Neutral,Bearish,Bearish,Neutral,Neutral,Bullish,Bullish,Bullish,Bullish,Neutral,4,2,none,"p1 Neutral: mechanical count <5 and not held, so sentiment.py not triggered per Section 0 amendment; no overrides to mechanical p2-10 labels on review."
2026-08-25T07:10:04.338642+00:00,2026-08-25 AM,TAO,Neutral,Neutral,Neutral,Neutral,Neutral,Bullish,Bullish,Bullish,Bullish,Neutral,4,0,none,"p1 Neutral: mechanical count <5 and not held, so sentiment.py not triggered per Section 0 amendment; no overrides to mechanical p2-10 labels on review."
2026-08-25T07:10:04.338642+00:00,2026-08-25 AM,TRX,Neutral,Bullish,Neutral,Neutral,Neutral,Bullish,Bullish,Bullish,Bullish,Neutral,5,0,none,"sentiment.py (mech 5/9): interest rising, but the dominant narrative is the factual 400M-accounts milestone (celebratory rocket emojis attached to a real usage metric, not a price target) -- reads as narrative-driven interest, not speculative euphoria, and no capitulation markers. Neutral. No overrides to mechanical p2-10."
2026-08-25T07:10:04.338642+00:00,2026-08-25 AM,UNI,Bearish,Bullish,Bullish,Neutral,Neutral,Bullish,Bullish,Bullish,Bullish,Neutral,6,1,none,"sentiment.py (mech 6/9): interest flat, dominant euphoria this run ($5 price targets, whale-accumulation mentions, ATH weekly burn rates highlighted), narrative_change flags a shift from prior bearish-breakdown chatter to recovery/positive framing -- zero capitulation offset. Contrarian Bearish. No overrides to mechanical p2-10."
2026-08-25T07:10:04.338642+00:00,2026-08-25 AM,VIRTUAL,Neutral,Bearish,Bearish,Neutral,Neutral,Bullish,Bullish,Bullish,Bullish,Neutral,4,2,none,"p1 Neutral: mechanical count <5 and not held, so sentiment.py not triggered per Section 0 amendment; no overrides to mechanical p2-10 labels on review."
2026-08-25T07:10:04.338642+00:00,2026-08-25 AM,XLM,Neutral,Bullish,Bullish,Bullish,Neutral,Bullish,Bullish,Bullish,Bullish,Neutral,7,0,held,"sentiment.py (mech 7/9, HELD position): interest flat, ZERO euphoria markers and zero capitulation markers this run (technical accumulation/triangle-compression chatter only) -- a genuine flip from the multi-checkpoint contrarian-Bearish euphoria stack ($0.27-0.45 targets, rocket emojis) that persisted through PM 08-24. Neutral. This directly answers the standing watch item: euphoria did not intensify, it cleared outright. No overrides to mechanical p2-10."
2026-08-25T07:10:04.338642+00:00,2026-08-25 AM,XRP,Neutral,Bearish,Bearish,Bullish,Neutral,Bullish,Bullish,Bullish,Bullish,Neutral,5,2,none,"sentiment.py (mech 5/9): interest flat, only thin/mild bullish-structure mentions (""next move loading"") with no capitulation -- a genuine cooldown from prior checkpoints' one-sided $5-100-target euphoria stacks. Neutral. No overrides to mechanical p2-10."
2026-08-25T07:10:04.338642+00:00,2026-08-25 AM,ZEC,Bearish,Bearish,Bearish,Bullish,Neutral,Bullish,Bullish,Bullish,Bullish,Neutral,5,3,none,"sentiment.py (mech 5/9): interest rising, dominant euphoria (+170% price rip, +26%/24h pump framing, ""17x missed opportunity"") alongside explicit overextension/leverage-risk warnings (RSI>85, 749% long/short ratio, ""real value lies below $500"") -- narrative_change flags a shift from post-vulnerability fear to mixed momentum tempered by caution; treating euphoria + a documented topping-risk warning as two reinforcing Bearish signals rather than an offsetting pair, consistent with the PM 08-24 precedent. Contrarian Bearish. No overrides to mechanical p2-10."
2026-08-25T19:13:50Z,2026-08-25 PM,BTC,Neutral,Neutral,Bearish,Bullish,Neutral,Bullish,Bullish,Bullish,Bullish,Neutral,5,1,none,"sentiment.py: mixed: alt-season/rocket-emoji euphoria vs explicit 'don't become exit liquidity' capitulation-flavored warning -- no clean dominance. mech(p2-10) 5/9 Bullish, 1/9 Bearish. No overrides to mechanical p2-10."
2026-08-25T19:13:50Z,2026-08-25 PM,ETH,Neutral,Bearish,Bearish,Bullish,Neutral,Bullish,Neutral,Bullish,Bullish,Neutral,4,2,none,"sentiment.py: p1 Neutral: mechanical count <5, sentiment.py not triggered per Section 0 amendment. mech(p2-10) 4/9 Bullish, 2/9 Bearish. No overrides to mechanical p2-10."
2026-08-25T19:13:50Z,2026-08-25 PM,BNB,Neutral,Neutral,Bearish,Neutral,Neutral,Bullish,Bullish,Bullish,Bullish,Neutral,4,1,none,"sentiment.py: p1 Neutral: mechanical count <5, sentiment.py not triggered per Section 0 amendment. mech(p2-10) 4/9 Bullish, 1/9 Bearish. No overrides to mechanical p2-10."
2026-08-25T19:13:50Z,2026-08-25 PM,XRP,Bullish,Bearish,Bearish,Bullish,Neutral,Bullish,Bullish,Bullish,Bullish,Neutral,6,2,none,"sentiment.py: capitulation/skepticism dominant (manipulation accusations, 'no real utility', 'dumping on retail'), zero euphoria offset -- contrarian Bullish. mech(p2-10) 5/9 Bullish, 2/9 Bearish. No overrides to mechanical p2-10."
2026-08-25T19:13:50Z,2026-08-25 PM,SOL,Bearish,Bearish,Bearish,Bullish,Bearish,Bullish,Bullish,Bullish,Bullish,Neutral,5,4,none,"sentiment.py: euphoria dominant (rocket emojis, 'to trillions', 'flips ethereum', explicit price targets), zero capitulation offset. mech(p2-10) 5/9 Bullish, 3/9 Bearish. No overrides to mechanical p2-10."
2026-08-25T19:13:50Z,2026-08-25 PM,TRX,Neutral,Bullish,Bullish,Neutral,Neutral,Bullish,Bullish,Bullish,Bullish,Neutral,6,0,none,"sentiment.py: flat interest, factual treasury-buy/staking narrative, no crowd extreme. mech(p2-10) 6/9 Bullish, 0/9 Bearish. No overrides to mechanical p2-10."
2026-08-25T19:13:50Z,2026-08-25 PM,DOGE,Neutral,Neutral,Neutral,Bullish,Neutral,Bullish,Bullish,Bullish,Bullish,Neutral,5,0,none,"sentiment.py: mixed: price-target euphoria vs 'called it dead'/pullback capitulation language -- no clean dominance. mech(p2-10) 5/9 Bullish, 0/9 Bearish. No overrides to mechanical p2-10."
2026-08-25T19:13:50Z,2026-08-25 PM,ZEC,Neutral,Bearish,Bearish,Bullish,Neutral,Bullish,Bullish,Bullish,Bullish,Neutral,5,2,none,"sentiment.py: falling interest, sparse mentions, mild euphoria language too thin/low-volume for a clean crowd-extreme read. mech(p2-10) 5/9 Bullish, 2/9 Bearish. No overrides to mechanical p2-10."
2026-08-25T19:13:50Z,2026-08-25 PM,ADA,Bearish,Neutral,Bullish,Bullish,Neutral,Bullish,Bullish,Bullish,Bullish,Neutral,6,1,none,"sentiment.py: flat interest but euphoria dominant (price targets, rocket emojis, 'buy calls', 'undervalued huge potential'), zero capitulation offset. mech(p2-10) 6/9 Bullish, 0/9 Bearish. No overrides to mechanical p2-10."
2026-08-25T19:13:50Z,2026-08-25 PM,LINK,Neutral,Bearish,Bearish,Bullish,Neutral,Bullish,Bullish,Bullish,Bullish,Neutral,5,2,none,"sentiment.py: flat interest, institutional-integration narrative, no euphoria/capitulation markers flagged. mech(p2-10) 5/9 Bullish, 2/9 Bearish. No overrides to mechanical p2-10."
2026-08-25T19:13:50Z,2026-08-25 PM,UNI,Neutral,Bullish,Bullish,Neutral,Neutral,Bullish,Bullish,Bullish,Bullish,Neutral,6,0,none,"sentiment.py: falling interest, no euphoria/capitulation flagged, scattered promo/trade-signal chatter. mech(p2-10) 6/9 Bullish, 0/9 Bearish. No overrides to mechanical p2-10."
2026-08-25T19:13:50Z,2026-08-25 PM,AAVE,Bullish,Bearish,Bullish,Bullish,Neutral,Bullish,Bullish,Bullish,Bullish,Neutral,7,1,armed,"sentiment.py: rising interest without euphoria, genuine capitulation markers (stop-loss exits, 'don't play this anymore'), narrative shifting constructively to RWA-collateral -- fits the clean 'improving interest without euphoria' branch. mech(p2-10) 6/9 Bullish, 1/9 Bearish. No overrides to mechanical p2-10. ARMED -- 1st occurrence >=7/10 this checkpoint (no prior-checkpoint qualifying read to confirm against); needs 2nd consecutive checkpoint >=7/10 to confirm."
2026-08-25T19:13:50Z,2026-08-25 PM,ENA,Bearish,Bearish,Neutral,Bullish,Neutral,Bullish,Bullish,Bullish,Bullish,Neutral,5,2,none,"sentiment.py: rising interest with dominant euphoria (rocket emoji, '+95% weekly gainer' spotlight, $0.35-0.45 targets), zero capitulation offset. mech(p2-10) 5/9 Bullish, 1/9 Bearish. No overrides to mechanical p2-10."
2026-08-25T19:13:50Z,2026-08-25 PM,MORPHO,Neutral,Bullish,Bullish,Bullish,Neutral,Bullish,Bullish,Bullish,Bullish,Neutral,7,0,armed,"sentiment.py: interest falling, zero euphoria/capitulation markers, narrative sparse/spam-diluted (isolated shill, airdrop spam) -- no clean crowd-extreme read either direction. mech(p2-10) 7/9 Bullish, 0/9 Bearish. No overrides to mechanical p2-10. ARMED -- 1st occurrence >=7/10 this checkpoint (no prior-checkpoint qualifying read to confirm against); needs 2nd consecutive checkpoint >=7/10 to confirm."
2026-08-25T19:13:50Z,2026-08-25 PM,ONDO,Neutral,Bullish,Neutral,Bullish,Neutral,Bullish,Bullish,Bullish,Bullish,Neutral,6,0,held,"sentiment.py: mixed: price-target euphoria ($0.49/$0.70/$1.16) alongside genuine capitulation-flavored doubt ('hasn't pumped as expected', short calls) -- no clean dominance, same mixed pattern as AM. mech(p2-10) 6/9 Bullish, 0/9 Bearish. No overrides to mechanical p2-10."
2026-08-25T19:13:50Z,2026-08-25 PM,ETHFI,Bearish,Bearish,Bullish,Neutral,Neutral,Bullish,Bullish,Bullish,Bullish,Neutral,5,2,none,"sentiment.py: euphoria dominant ('50X potential', post-breakout pump framing, added to long baskets 'amid extreme greed'), zero capitulation offset. mech(p2-10) 5/9 Bullish, 1/9 Bearish. No overrides to mechanical p2-10."
2026-08-25T19:13:50Z,2026-08-25 PM,CAKE,Bullish,Bullish,Neutral,Bullish,Neutral,Bullish,Bullish,Bullish,Bullish,Neutral,7,0,armed,"sentiment.py: rising interest without euphoria -- bullish TA/heat-score chatter with moderate near-term targets (1.77-1.85 vs $1.74 spot), no rocket-emoji/parabolic-target hype. mech(p2-10) 6/9 Bullish, 0/9 Bearish. No overrides to mechanical p2-10. ARMED -- 1st occurrence >=7/10 this checkpoint (no prior-checkpoint qualifying read to confirm against); needs 2nd consecutive checkpoint >=7/10 to confirm."
2026-08-25T19:13:50Z,2026-08-25 PM,JUP,Neutral,Bullish,Bullish,Neutral,Bullish,Bullish,Bullish,Bullish,Bullish,Neutral,7,0,armed,"sentiment.py: euphoria markers present (rocket emojis, instant-claim hype) but scam/fake-airdrop-bait driven, not organic price euphoria; flat interest, no genuine capitulation -- discounting inauthentic bait-post euphoria as a rubric-misread override. mech(p2-10) 7/9 Bullish, 0/9 Bearish. No overrides to mechanical p2-10. ARMED -- 1st occurrence >=7/10 this checkpoint (no prior-checkpoint qualifying read to confirm against); needs 2nd consecutive checkpoint >=7/10 to confirm."
2026-08-25T19:13:50Z,2026-08-25 PM,BCH,Neutral,Neutral,Bullish,Bullish,Neutral,Bullish,Neutral,Bullish,Bullish,Neutral,5,0,none,"sentiment.py: flat interest, low-volume mundane technical/trading-list chatter, no crowd extreme. mech(p2-10) 5/9 Bullish, 0/9 Bearish. No overrides to mechanical p2-10."
2026-08-25T19:13:50Z,2026-08-25 PM,XLM,Bearish,Bullish,Bullish,Bullish,Neutral,Bullish,Bullish,Bullish,Bullish,Neutral,7,1,held,"sentiment.py: interest flat but euphoria markers persist (XLM-catch-up-XRP, CLARITY-Act tailwind hype) with zero capitulation offset -- the same recurring hype stack, not the clean cooldown seen AM. mech(p2-10) 7/9 Bullish, 0/9 Bearish. No overrides to mechanical p2-10."
2026-08-25T19:13:50Z,2026-08-25 PM,HBAR,Neutral,Neutral,Neutral,Bullish,Bullish,Bullish,Bullish,Bullish,Bullish,Neutral,6,0,none,"sentiment.py: flat interest, mundane wallet-security/promo chatter, no crowd extreme. mech(p2-10) 6/9 Bullish, 0/9 Bearish. No overrides to mechanical p2-10."
2026-08-25T19:13:50Z,2026-08-25 PM,SHIB,Neutral,Neutral,Bullish,Bullish,Neutral,Bullish,Bullish,Bullish,Bullish,Neutral,6,0,none,"sentiment.py: falling interest, niche governance-authority debate, no euphoria/capitulation. mech(p2-10) 6/9 Bullish, 0/9 Bearish. No overrides to mechanical p2-10."
2026-08-25T19:13:50Z,2026-08-25 PM,PEPE,Neutral,Bearish,Neutral,Bullish,Bearish,Bullish,Bullish,Bullish,Bullish,Neutral,5,2,none,"sentiment.py: flat interest, scattered meme-comparison chatter, no crowd extreme. mech(p2-10) 5/9 Bullish, 2/9 Bearish. No overrides to mechanical p2-10."
2026-08-25T19:13:50Z,2026-08-25 PM,TAO,Bearish,Neutral,Bullish,Bullish,Neutral,Bullish,Bullish,Bullish,Bullish,Neutral,6,1,none,"sentiment.py: euphoria dominant ($300+ targets, 'giga pumps', AI-breakout hype) with only mild overhype criticism as counterweight, not real despair -- no clean capitulation offset. mech(p2-10) 6/9 Bullish, 0/9 Bearish. No overrides to mechanical p2-10."
2026-08-25T19:13:50Z,2026-08-25 PM,POL,Bearish,Bearish,Bearish,Bullish,Bullish,Bullish,Bullish,Bullish,Bullish,Neutral,6,3,none,"sentiment.py: rising interest with dominant euphoria (long setups, +50% profit brags, breakout/TVL hype) -- the 'grifter/poop-coin' language is minority counter-narrative, not genuine crowd despair; rising interest + euphoria is the classic 'everyone's in' pattern. mech(p2-10) 6/9 Bullish, 2/9 Bearish. No overrides to mechanical p2-10."
2026-08-25T19:13:50Z,2026-08-25 PM,VIRTUAL,Neutral,Bearish,Bullish,Bullish,Bearish,Bullish,Bullish,Bullish,Bullish,Neutral,6,2,none,"sentiment.py: flat interest, euphoria (large-buy-hoping-ATH) and capitulation (fake-pump/scam accusation) roughly balanced, no clean dominance. mech(p2-10) 6/9 Bullish, 2/9 Bearish. No overrides to mechanical p2-10."
2026-08-25T19:13:50Z,2026-08-25 PM,ARB,Neutral,Neutral,Bullish,Bullish,Neutral,Bullish,Bullish,Bullish,Bullish,Neutral,6,0,none,"sentiment.py: flat interest, casual mentions, no crowd extreme. mech(p2-10) 6/9 Bullish, 0/9 Bearish. No overrides to mechanical p2-10."
2026-08-25T19:13:50Z,2026-08-25 PM,PYTH,Neutral,Neutral,Bullish,Neutral,Neutral,Bullish,Neutral,Bullish,Bullish,Neutral,4,0,none,"sentiment.py: p1 Neutral: mechanical count <5, sentiment.py not triggered per Section 0 amendment. mech(p2-10) 4/9 Bullish, 0/9 Bearish. No overrides to mechanical p2-10."
2026-08-25T19:13:50Z,2026-08-25 PM,ASTER,Bullish,Neutral,Bullish,Bullish,Neutral,Bullish,Bullish,Bullish,Bullish,Neutral,7,0,armed,"sentiment.py: capitulation-heavy without euphoria offset (scam/'disAster'/'no chances here' despair language dominant) while the underlying narrative (buyback/burn, staking APY) is intact and no new red-flag news -- contrarian Bullish on genuine crowd despair. mech(p2-10) 6/9 Bullish, 0/9 Bearish. No overrides to mechanical p2-10. ARMED -- 1st occurrence >=7/10 this checkpoint (no prior-checkpoint qualifying read to confirm against); needs 2nd consecutive checkpoint >=7/10 to confirm."
2026-08-25T19:13:50Z,2026-08-25 PM,ICP,Bearish,Neutral,Bullish,Bullish,Neutral,Bullish,Bullish,Bullish,Bullish,Neutral,6,1,none,"sentiment.py: euphoria markers present ('price will rocket', scooping-under-$100 calls, 'only infrastructure play'), zero capitulation offset. mech(p2-10) 6/9 Bullish, 0/9 Bearish. No overrides to mechanical p2-10."
2026-08-26T07:30:20Z,2026-08-26 AM,BTC,Neutral,Neutral,Bearish,Bullish,Bearish,Bullish,Bullish,Bullish,Bullish,Neutral,5,2,none,"sentiment.py: mixed -- price-target euphoria (79.5k/82.5k, bullish flag) offset by hedged-short/tactical-bearish capitulation-flavored posts, no clean dominance. No overrides to mechanical p2-10."
2026-08-26T07:30:20Z,2026-08-26 AM,ETH,Neutral,Bearish,Bearish,Neutral,Neutral,Bullish,Neutral,Bullish,Bullish,Neutral,3,2,none,"p1 Neutral: mechanical count <5 and not held, so sentiment.py not triggered per Section 0 amendment; no overrides to mechanical p2-10 labels on review."
2026-08-26T07:30:20Z,2026-08-26 AM,BNB,Neutral,Neutral,Bearish,Neutral,Bearish,Bullish,Bullish,Bullish,Bullish,Neutral,4,2,none,"p1 Neutral: mechanical count <5 and not held, so sentiment.py not triggered per Section 0 amendment; no overrides to mechanical p2-10 labels on review."
2026-08-26T07:30:20Z,2026-08-26 AM,XRP,Bearish,Bearish,Neutral,Bullish,Neutral,Bullish,Bullish,Bullish,Bullish,Neutral,5,2,none,"sentiment.py: interest rising, euphoria dominant (rocket/'boom' hype, $2 targets, 'biggest bull market', parabolic/short-squeeze talk, influencer inflow hype), zero capitulation offset -- classic 'everyone's in'. Contrarian Bearish. No overrides to mechanical p2-10."
2026-08-26T07:30:20Z,2026-08-26 AM,SOL,Neutral,Neutral,Bearish,Neutral,Neutral,Bullish,Bullish,Bullish,Bullish,Neutral,4,1,none,"p1 Neutral: mechanical count <5 and not held, so sentiment.py not triggered per Section 0 amendment; no overrides to mechanical p2-10 labels on review."
2026-08-26T07:30:20Z,2026-08-26 AM,TRX,Neutral,Bullish,Bullish,Bullish,Neutral,Bullish,Bullish,Bullish,Bullish,Neutral,7,0,armed,"sentiment.py (mech 7/9): interest rising, but the dominant narrative stays the factual 400M-accounts milestone (giveaways, treasury-buy highlight of 711M TRX) -- rocket emojis attached to a real usage metric, not a price target, consistent with the AM 08-25 precedent read. Neutral. No overrides to mechanical p2-10."
2026-08-26T07:30:20Z,2026-08-26 AM,DOGE,Bearish,Neutral,Bullish,Bullish,Neutral,Bullish,Bullish,Bullish,Bullish,Neutral,6,1,none,"sentiment.py (mech 6/9): flat interest but euphoria markers dominant (three separate price targets $0.10/$0.177/$5, rocket emoji, 'double-bottom to $5' framing) with zero capitulation offset -- classic euphoria-without-despair read. Contrarian Bearish. No overrides to mechanical p2-10."
2026-08-26T07:30:20Z,2026-08-26 AM,ZEC,Bearish,Bearish,Neutral,Bullish,Neutral,Bullish,Bullish,Bullish,Bullish,Neutral,5,2,none,"sentiment.py: flat interest, euphoria (+170% rip, 'full money on zec', ETF-launch hype, rocket emoji) alongside explicit overleveraged-longs/749%-long-short-ratio topping-risk warnings -- treating euphoria + documented topping-risk warning as reinforcing Bearish signals rather than an offsetting pair, per the established 08-24/08-25 ZEC precedent. Contrarian Bearish. No overrides to mechanical p2-10."
2026-08-26T07:30:20Z,2026-08-26 AM,ADA,Neutral,Neutral,Bullish,Bullish,Bearish,Bullish,Bullish,Bullish,Bullish,Neutral,6,1,none,"sentiment.py (mech 6/9): flat interest, no euphoria or capitulation markers -- purely factual/measured narrative (Sony-linked Japan listing, CIP-0197 quantum-resistance review, DCA-macro framing). Neutral. No overrides to mechanical p2-10."
2026-08-26T07:30:20Z,2026-08-26 AM,LINK,Bearish,Bearish,Neutral,Bullish,Neutral,Bullish,Bullish,Bullish,Bullish,Neutral,5,2,none,"sentiment.py: interest rising, euphoria dominant ($50 targets, rocket emoji, 'next leg up', 'astronomical repricing'), zero capitulation offset -- classic 'everyone's in'. Contrarian Bearish. No overrides to mechanical p2-10."
2026-08-26T07:30:20Z,2026-08-26 AM,UNI,Bearish,Bullish,Bullish,Neutral,Bearish,Bullish,Bullish,Bullish,Bullish,Neutral,6,2,none,"sentiment.py (mech 6/9): flat interest, euphoria markers present ($4.70-4.80 price targets, bullish breakout setups layered on top of the genuine v4/fee-switch catalyst chatter) with zero capitulation offset. Contrarian Bearish. No overrides to mechanical p2-10."
2026-08-26T07:30:20Z,2026-08-26 AM,AAVE,Bullish,Bearish,Bullish,Bullish,Neutral,Bullish,Bullish,Bullish,Bullish,Neutral,7,1,confirmed,"sentiment.py (mech 6/9): flat interest, no euphoria markers; capitulation-flavored posts persist ('whales 98% short on AAVE on Hyperliquid', 'building through the ugly part matters most') echoing the PM 08-25 despair read (stop-loss exits, 'don't play this anymore') -- fits capitulation-while-thesis-intact. Contrarian Bullish. No overrides to mechanical p2-10."
2026-08-26T07:30:20Z,2026-08-26 AM,ENA,Bullish,Bearish,Neutral,Bullish,Neutral,Bullish,Bullish,Bullish,Bullish,Neutral,6,1,none,"sentiment.py: flat interest, capitulation markers outweigh a single mild price-target mention -- genuine -18% drop/'dumping on volume' language plus 'people shorting despite $1B+ MC and strong project' doubt, capitulation while thesis (fundamentals) intact. Contrarian Bullish. No overrides to mechanical p2-10."
2026-08-26T07:30:20Z,2026-08-26 AM,MORPHO,Neutral,Bullish,Bullish,Bullish,Neutral,Bullish,Bullish,Bullish,Bullish,Neutral,7,0,confirmed,"sentiment.py (mech 7/9): interest flat, no clean euphoria/capitulation dominance -- buy-the-dip calls and an isolated $4.20 ATH target from a signal group, diluted by trending-list spam, no crowd-wide extreme either direction. Neutral. No overrides to mechanical p2-10."
2026-08-26T07:30:20Z,2026-08-26 AM,ONDO,Bearish,Bullish,Neutral,Bullish,Bearish,Bullish,Bullish,Bullish,Bullish,Neutral,6,2,held,"sentiment.py (mech 6/9): flat interest, euphoria dominant this run ($3 target, +1720% long-call brag, 'the real winner') with zero capitulation offset -- the mixed uncertainty language seen AM/PM 08-25 ('hasn't pumped as expected') has cleared, leaving a one-sided hype read despite genuine business-metric context (perps volume, IVVon AUM). Contrarian Bearish. No overrides to mechanical p2-10."
2026-08-26T07:30:20Z,2026-08-26 AM,ETHFI,Bearish,Bearish,Bullish,Neutral,Bearish,Bullish,Bullish,Bullish,Bullish,Neutral,5,3,none,"sentiment.py: flat interest, mixed technical signals but narrative_change explicitly flags a shift from positive 90D-gain framing to short-term bearish-reversal warnings (shooting star, 'questioning if still holding') -- deteriorating-narrative branch. Contrarian Bearish. No overrides to mechanical p2-10."
2026-08-26T07:30:20Z,2026-08-26 AM,CAKE,Neutral,Bullish,Neutral,Bullish,Bearish,Bullish,Neutral,Bullish,Bullish,Neutral,5,1,none,"sentiment.py (mech 5/9): flat interest, no euphoria or capitulation markers -- mundane DEX-volume-comparison and promo chatter (lagging Aerodrome/Uniswap on volume share is mild negative context, not despair). Neutral. No overrides to mechanical p2-10. CAKE arm from PM 08-25 (7/10) LAPSED -- mechanical count eased to 5/9 (p3 RSI cooled to Neutral, p7 OI cooled to Neutral) plus p1 Neutral this run; total 5/10, below the 7/10 re-confirmation bar."
2026-08-26T07:30:20Z,2026-08-26 AM,JUP,Bullish,Bullish,Bullish,Neutral,Neutral,Bullish,Bullish,Bullish,Bullish,Neutral,7,0,confirmed,"sentiment.py (mech 6/9): flat interest, euphoria markers present but scam/fake-airdrop bait ('unverified fake Jupiter airdrop links', 'unverified instant claim sites') -- discounted as inauthentic per the PM 08-25 precedent; genuine capitulation markers this run (-6.4% 24h drop, 'rebound hopes?') alongside 'undervalued'/long-term-conviction framing -- capitulation while thesis intact. Contrarian Bullish. No overrides to mechanical p2-10."
2026-08-26T07:30:20Z,2026-08-26 AM,BCH,Neutral,Neutral,Bullish,Bullish,Neutral,Bullish,Neutral,Bullish,Bullish,Neutral,5,0,none,"sentiment.py: interest falling, purely technical chart chatter (triangle patterns, support/resistance targets), no crowd extreme. Neutral. No overrides to mechanical p2-10."
2026-08-26T07:30:20Z,2026-08-26 AM,XLM,Neutral,Bullish,Bullish,Bullish,Neutral,Bullish,Bullish,Bullish,Bullish,Neutral,7,0,held,"sentiment.py (mech 7/9, HELD): interest falling this run, with residual euphoria (rocket emoji, 'THIS IS BIG') now balanced by genuine capitulation-flavored posts (burn had no price impact, whales bearish leading to a drop, consolidation/pullback noted) and narrative_change explicitly shifting from upside targets to resistance/downside -- a real cooldown from the sticky euphoria stack, not a clean one-sided read either way. Neutral. No overrides to mechanical p2-10."
2026-08-26T07:30:20Z,2026-08-26 AM,HBAR,Neutral,Neutral,Bullish,Bullish,Neutral,Bullish,Bullish,Bullish,Bullish,Neutral,6,0,none,"sentiment.py (mech 6/9): flat interest, one mild price-target mention ($3 then $10) amid 8th-anniversary celebration and a skeptical Vietnam-adoption video -- no clean crowd-extreme dominance either way. Neutral. No overrides to mechanical p2-10."
2026-08-26T07:30:20Z,2026-08-26 AM,SHIB,Neutral,Neutral,Bullish,Bullish,Bearish,Bullish,Bullish,Bullish,Bullish,Neutral,6,1,none,"sentiment.py (mech 6/9): interest falling, low-engagement spam/promo content, no euphoria or capitulation markers. Neutral. No overrides to mechanical p2-10."
2026-08-26T07:30:20Z,2026-08-26 AM,PEPE,Neutral,Bearish,Bullish,Bullish,Neutral,Bullish,Bullish,Bullish,Bullish,Neutral,6,1,none,"sentiment.py (mech 6/9): flat interest, scattered low-engagement meme-comparison chatter, no crowd extreme. Neutral. No overrides to mechanical p2-10."
2026-08-26T07:30:20Z,2026-08-26 AM,TAO,Neutral,Neutral,Bullish,Bullish,Neutral,Bullish,Bullish,Bullish,Bullish,Neutral,6,0,none,"sentiment.py (mech 6/9): flat interest, no structured euphoria/capitulation markers; one 'all-in life savings' post is offset by a 'timeline far too quiet lately' complaint pointing to cooling engagement -- no clean dominance. Neutral. No overrides to mechanical p2-10."
2026-08-26T07:30:20Z,2026-08-26 AM,POL,Bearish,Bearish,Bearish,Bullish,Neutral,Bullish,Bullish,Bullish,Bullish,Neutral,5,3,none,"sentiment.py: rising interest, no explicit euphoria tags but gain-bragging language functions as euphoria in substance ('+83% from low', '#12 weekly gainer at +51%') with zero capitulation offset -- rising interest + gain-brag hype is the same 'everyone's in' pattern read Bearish at PM 08-25; judgment override on rubric-misread grounds (Grok's structured euphoria_markers list under-tags gain-bragging as a form of price euphoria), logged per Section 0. Contrarian Bearish."
2026-08-26T07:30:20Z,2026-08-26 AM,VIRTUAL,Neutral,Bearish,Bullish,Bullish,Neutral,Bullish,Bullish,Bullish,Bullish,Neutral,6,1,none,"sentiment.py (mech 6/9): flat interest, euphoria (price targets, long entries, 'smart money accumulation') and capitulation ('under pressure', lower levels eyed) roughly balanced, no clean dominance. Neutral. No overrides to mechanical p2-10."
2026-08-26T07:30:20Z,2026-08-26 AM,ARB,Neutral,Neutral,Bullish,Neutral,Neutral,Bullish,Bullish,Bullish,Bullish,Neutral,5,0,none,"sentiment.py: flat interest, casual mentions, one 'regularly underperforming' comment -- no crowd extreme either direction. Neutral. No overrides to mechanical p2-10."
2026-08-26T07:30:20Z,2026-08-26 AM,PYTH,Neutral,Neutral,Neutral,Neutral,Neutral,Bullish,Neutral,Bullish,Bullish,Neutral,3,0,none,"p1 Neutral: mechanical count <5 and not held, so sentiment.py not triggered per Section 0 amendment; no overrides to mechanical p2-10 labels on review."
2026-08-26T07:30:20Z,2026-08-26 AM,ASTER,Bullish,Neutral,Bullish,Bullish,Neutral,Bullish,Bullish,Bullish,Bullish,Neutral,7,0,confirmed,"sentiment.py (mech 6/9): flat interest, no euphoria markers; capitulation-heavy despair dominant (35-week stagnation complaints, 'only project down' vs BTC/ETH/SOL/BNB, -73%-vs-peers underperformance gripes, unverified team-scam accusations) with narrative_change explicitly noting a shift from accumulation optimism to trust skepticism -- consistent with the PM 08-25 genuine-despair read, no new hack/reg event. Contrarian Bullish. No overrides to mechanical p2-10."
2026-08-26T07:30:20Z,2026-08-26 AM,ICP,Bearish,Neutral,Bullish,Bullish,Neutral,Bullish,Bullish,Bullish,Bullish,Neutral,6,1,none,"sentiment.py (mech 6/9): interest rising with euphoria markers ('price shoot up' speculation, rocket emoji) layered onto the genuine UNDP-DFINITY government-adoption catalyst -- rising interest + euphoria is the classic 'everyone's in' pattern, zero capitulation offset. Contrarian Bearish. No overrides to mechanical p2-10."
2026-08-26T19:07:58Z,2026-08-26 PM,BTC,Bearish,Neutral,Bearish,Bullish,Neutral,Bullish,Bullish,Bullish,Bullish,Neutral,5,2,none,"sentiment.py (mech 5/9): flat interest, euphoria dominant ('$200k faster than you think', 'BULL RUN IS ABOUT TO START', rocket emojis) despite price only near $78k-80k with a mild leverage flush, zero capitulation offset. Contrarian Bearish. No overrides."
2026-08-26T19:07:58Z,2026-08-26 PM,ETH,Neutral,Bearish,Bearish,Neutral,Neutral,Bullish,Neutral,Bullish,Bullish,Neutral,3,2,none,"p1 Neutral: mechanical count <5 and not held, sentiment.py not triggered per Section 0 amendment."
2026-08-26T19:07:58Z,2026-08-26 PM,BNB,Neutral,Neutral,Bearish,Neutral,Neutral,Bullish,Bullish,Bullish,Bullish,Neutral,4,1,none,"p1 Neutral: mechanical count <5 and not held, sentiment.py not triggered per Section 0 amendment."
2026-08-26T19:07:58Z,2026-08-26 PM,XRP,Bearish,Neutral,Bullish,Bullish,Neutral,Bullish,Bullish,Bullish,Bullish,Neutral,6,1,none,"sentiment.py (mech 6/9): flat interest, euphoria dominant (SWIFT-replacement speculation, '$1.5 quadrillion market size', '$16T transaction volume' claims), zero capitulation offset. Contrarian Bearish. No overrides."
2026-08-26T19:07:58Z,2026-08-26 PM,SOL,Neutral,Neutral,Bearish,Neutral,Neutral,Bullish,Bullish,Bullish,Bullish,Neutral,4,1,none,"p1 Neutral: mechanical count <5 and not held, sentiment.py not triggered per Section 0 amendment."
2026-08-26T19:07:58Z,2026-08-26 PM,TRX,Neutral,Bullish,Neutral,Bullish,Neutral,Bullish,Bullish,Bullish,Bullish,Neutral,6,0,lapsed,"sentiment.py (mech 6/9): interest rising, but dominant narrative stays the factual 400M-accounts milestone (giveaways, treasury-buy highlight) -- rocket/fire emojis attached to a real usage metric, not a price target, consistent with the AM 08-26 precedent read. Neutral. No overrides. Confluence eased 7/10 AM -> 6/10 PM (mechanical p3 RSI cooled Neutral) -- ARM LAPSED, did not reconfirm."
2026-08-26T19:07:58Z,2026-08-26 PM,DOGE,Neutral,Neutral,Bullish,Bullish,Neutral,Bullish,Bullish,Bullish,Bullish,Neutral,6,0,none,"sentiment.py (mech 6/9): flat interest, euphoria (targets $0.15-0.40, breakout setups, rocket emoji) directly offset by genuine capitulation ('pump losing steam', 'bearish distribution', 'third straight red session') -- no clean dominance either way. Neutral. No overrides."
2026-08-26T19:07:58Z,2026-08-26 PM,ZEC,Neutral,Bearish,Neutral,Bullish,Neutral,Bullish,Bullish,Bullish,Bullish,Neutral,5,1,none,"sentiment.py (mech 5/9): flat interest, no euphoria/capitulation -- sparse trading-signal spam-list mentions, one isolated 'full money on zec' post, no crowd extreme. Neutral. No overrides."
2026-08-26T19:07:58Z,2026-08-26 PM,ADA,Neutral,Neutral,Bullish,Bullish,Neutral,Bullish,Bullish,Bullish,Bullish,Neutral,6,0,none,"sentiment.py (mech 6/9): flat interest, euphoria (wave-chart targets $0.314-0.404, 'we are so back') offset by genuine capitulation ('emotional tax of holding ADA', 'needs more patience') -- no clean dominance. Neutral. No overrides."
2026-08-26T19:07:58Z,2026-08-26 PM,LINK,Neutral,Bearish,Neutral,Bullish,Neutral,Bullish,Bullish,Bullish,Bullish,Neutral,5,1,none,"sentiment.py (mech 5/9): flat interest, no euphoria/capitulation markers -- infra/TradFi-integration narrative, no crowd extreme either direction. Neutral. No overrides."
2026-08-26T19:07:58Z,2026-08-26 PM,UNI,Neutral,Bullish,Bullish,Neutral,Neutral,Bullish,Bullish,Bullish,Bullish,Neutral,6,0,none,"sentiment.py (mech 6/9): interest falling, sparse spam-list mentions only, no crowd extreme either direction. Neutral. No overrides."
2026-08-26T19:07:58Z,2026-08-26 PM,AAVE,Bullish,Bearish,Bullish,Bullish,Neutral,Bullish,Bullish,Bullish,Bullish,Neutral,7,1,confirmed,"sentiment.py (mech 6/9): flat interest, no euphoria markers; capitulation persists ('overvalued', 'value extraction from DAO', unverified $52M DAO-extraction claim treated as unverified crowd noise not a confirmed red-flag event) -- capitulation while thesis intact. Contrarian Bullish. No overrides. Confluence held 7/10 (1/10 Bearish) 2nd checkpoint running (AM confirmed -> PM reconfirmed) -- CONFIRMED, and with JUP/ASTER stage1-cuts freeing 2 slots this checkpoint (Section 5 step 9), AAVE now enters (see report)."
2026-08-26T19:07:58Z,2026-08-26 PM,ENA,Neutral,Bearish,Bullish,Bullish,Neutral,Bullish,Bullish,Bullish,Bullish,Neutral,6,1,none,"sentiment.py (mech 6/9): flat interest, no euphoria markers, mixed short-term TA setups/RSI chatter -- no crowd extreme. Neutral. No overrides."
2026-08-26T19:07:58Z,2026-08-26 PM,MORPHO,Bearish,Bullish,Bullish,Bullish,Neutral,Bullish,Bullish,Bullish,Bullish,Neutral,7,1,held-stage2-add,"sentiment.py (mech 7/9, HELD/stage-2-add hold-check): interest rising, euphoria dominant ($3.55/$4.20 targets, rocket emojis, 'pumped hard', 'on fire', bullish pennant), zero capitulation offset -- a genuine flip from AM's Neutral read (isolated chatter diluted by spam) to one-sided hype. Contrarian Bearish. No overrides to mechanical p2-10 (unchanged 7/9 Bullish, 0 Bearish). Confluence held at 7/10 (bull count unchanged 7, p1 flip only adds a Bearish flag) -- CONFIRMED for stage-2 add, held >=7/10 at the immediate next checkpoint since the AM 08-26 stage-1 entry."
2026-08-26T19:07:58Z,2026-08-26 PM,ONDO,Neutral,Bullish,Neutral,Bullish,Neutral,Bullish,Bullish,Bullish,Bullish,Neutral,6,0,held,"sentiment.py (mech 6/9, HELD): flat interest, euphoria (price targets $0.45-0.75, bull-flag breakout) offset by capitulation-flavored content (unverified 'scam token design' claim, unlock-utility questioning) -- no clean dominance, a genuine cooldown from AM's one-sided euphoria read. Neutral. No overrides. Confluence improved 6/10 (2 Bearish) AM -> 6/10 (0 Bearish) PM (p1 and p5 both cleared Bearish) -- hold, no changes."
2026-08-26T19:07:58Z,2026-08-26 PM,ETHFI,Bullish,Bearish,Bullish,Neutral,Neutral,Bullish,Bullish,Bullish,Bullish,Neutral,6,1,none,"sentiment.py (mech 6/9): interest falling, capitulation dominant (top daily loser -9.5%, '\$ETHFI looks done', multiple bearish short signals), zero euphoria offset. Contrarian Bullish on genuine crowd despair. No overrides. Not held, mechanical count 6/9 still short of the 7/10 gate even with the Bullish p1 credit."
2026-08-26T19:07:58Z,2026-08-26 PM,CAKE,Neutral,Bullish,Bullish,Bullish,Neutral,Bullish,Neutral,Bullish,Bullish,Neutral,6,0,none,"sentiment.py (mech 6/9): interest falling, neutral-to-bullish AI-trading-account TA setups (double-bottom patterns) -- not organic crowd sentiment, no euphoria/capitulation extreme. Neutral. No overrides."
2026-08-26T19:07:58Z,2026-08-26 PM,JUP,Neutral,Bullish,Bullish,Neutral,Neutral,Bullish,Bullish,Bullish,Bullish,Neutral,6,0,stage1-cut,"sentiment.py (mech 6/9, HELD/staged-entry-review): interest flat, no euphoria and no capitulation markers this run -- fundamentals/TVL-mispricing chatter and scattered fake-airdrop-bait spam (discounted, not organic), no genuine crowd extreme either way. A real cooldown from AM's contrarian-Bullish capitulation read (-6.4% drop chatter did not repeat). Neutral. No overrides. Confluence eased 7/10 AM -> 6/10 PM (p1 Bullish->Neutral is the entire move; mechanical p2-10 unchanged 6/9) -- NOT held >=7/10 at the immediate next checkpoint since the AM 08-26 stage-1 entry -- STAGE1-CUT per Section 5 step 9."
2026-08-26T19:07:58Z,2026-08-26 PM,BCH,Neutral,Neutral,Bullish,Bullish,Neutral,Bullish,Bearish,Bullish,Bullish,Neutral,5,1,none,"sentiment.py (mech 5/9): interest flat, one isolated promo rocket-emoji post is not dominant crowd sentiment, no capitulation. Neutral. No overrides."
2026-08-26T19:07:58Z,2026-08-26 PM,XLM,Bearish,Bullish,Neutral,Bullish,Neutral,Bullish,Bullish,Bullish,Bullish,Neutral,6,1,held,"sentiment.py (mech 6/9, HELD): interest rising, euphoria dominant (rocket emojis, 'hyper-growth' hype, breakout/target chatter, 'buy now or miss cheap tickets' FOMO calls, influencer-style catalyst lists), zero capitulation offset -- the sticky euphoria stack intensified back to one-sided from AM's balanced/cooling read. Contrarian Bearish. No overrides. Confluence eased 7/10 (0 Bearish) AM -> 6/10 (1 Bearish) PM (p1 flip is the entire move; mechanical p2-10 unchanged 6/9 Bullish 0 Bearish) -- hold, no changes (well short of the 4/10-for-2-consecutive exit gate)."
2026-08-26T19:07:58Z,2026-08-26 PM,HBAR,Neutral,Neutral,Bullish,Bullish,Neutral,Bullish,Bullish,Bullish,Bullish,Neutral,6,0,none,"sentiment.py (mech 6/9): flat interest, euphoria ($0.15/$0.40 targets, falling-wedge breakout, AI-agent-buying speculation) offset by genuine capitulation ('zero revenue after 8 years and zero adoption', 'sold down holdings') -- no clean dominance. Neutral. No overrides."
2026-08-26T19:07:58Z,2026-08-26 PM,SHIB,Neutral,Neutral,Bullish,Bullish,Neutral,Bullish,Bullish,Bullish,Bullish,Neutral,6,0,none,"sentiment.py (mech 6/9): interest falling, sparse low-engagement mentions (Nomura/Laser Digital listing), no crowd extreme. Neutral. No overrides."
2026-08-26T19:07:58Z,2026-08-26 PM,PEPE,Neutral,Bearish,Bullish,Bullish,Neutral,Bullish,Bullish,Bullish,Bullish,Neutral,6,1,none,"sentiment.py (mech 6/9): interest falling, scattered meme-comparison chatter, no crowd extreme. Neutral. No overrides."
2026-08-26T19:07:58Z,2026-08-26 PM,TAO,Bearish,Neutral,Bullish,Bullish,Neutral,Bullish,Bullish,Bullish,Bullish,Neutral,6,1,none,"sentiment.py (mech 6/9): flat interest, euphoria ('\$300 price target', OG-conviction/gains hype) with zero capitulation offset; unverified SN35 exploit/hack claims noted but unverified, not a confirmed red-flag event. Contrarian Bearish. No overrides."
2026-08-26T19:07:58Z,2026-08-26 PM,POL,Bearish,Bearish,Bullish,Bullish,Neutral,Bullish,Bullish,Bullish,Bullish,Neutral,6,2,none,"sentiment.py (mech 6/9): rising interest, euphoria (price targets, rocket emojis, '40% pump' claims, 'top gainer' framing), zero capitulation offset -- classic 'everyone's in', consistent with the AM 08-26 override precedent (gain-bragging language read as euphoria in substance). Contrarian Bearish. No overrides needed this run (Grok's structured list already captured explicit euphoria markers)."
2026-08-26T19:07:58Z,2026-08-26 PM,VIRTUAL,Neutral,Neutral,Bullish,Bullish,Neutral,Bullish,Bullish,Bullish,Bullish,Neutral,6,0,none,"sentiment.py (mech 6/9): flat interest, no euphoria/capitulation markers this run, scattered long/short TA setups plus fake-claim-portal spam (noise). Neutral. No overrides."
2026-08-26T19:07:58Z,2026-08-26 PM,ARB,Neutral,Neutral,Neutral,Neutral,Neutral,Bullish,Neutral,Bullish,Bullish,Neutral,3,0,none,"p1 Neutral: mechanical count <5 and not held, sentiment.py not triggered per Section 0 amendment."
2026-08-26T19:07:58Z,2026-08-26 PM,PYTH,Neutral,Neutral,Bullish,Neutral,Neutral,Bullish,Bearish,Bullish,Bullish,Neutral,4,1,none,"p1 Neutral: mechanical count <5 and not held, sentiment.py not triggered per Section 0 amendment."
2026-08-26T19:07:58Z,2026-08-26 PM,ASTER,Neutral,Neutral,Bullish,Bullish,Neutral,Bullish,Bullish,Bullish,Bullish,Neutral,6,0,stage1-cut,"sentiment.py (mech 6/9, HELD/staged-entry-review): flat interest, euphoria ('\$2-3 targets', 'most bullish in months') genuinely offset by capitulation ('stuck in \$0.60-0.80 range for weeks', 'repeated dumps near \$0.80', staking-rewards-not-working complaints) -- a real cooldown from AM's one-sided despair read to a balanced mix. Neutral. No overrides. Confluence eased 7/10 AM -> 6/10 PM (p1 Bullish->Neutral is the entire move; mechanical p2-10 unchanged 6/9) -- NOT held >=7/10 at the immediate next checkpoint since the AM 08-26 stage-1 entry -- STAGE1-CUT per Section 5 step 9."
2026-08-26T19:07:58Z,2026-08-26 PM,ICP,Bullish,Neutral,Neutral,Bullish,Neutral,Bullish,Bullish,Bullish,Bullish,Neutral,6,0,none,"sentiment.py (mech 6/9): flat interest, capitulation ('Why \$ICP still dumping wtf', frustration posts) with zero euphoria offset -- genuine crowd despair on the UNDP/DFINITY government-adoption thesis. Contrarian Bullish. No overrides."
2026-08-27T07:15:28Z,2026-08-27 AM,AAVE,Bullish,Bearish,Bullish,Bullish,Neutral,Bullish,Bullish,Bullish,Bullish,Neutral,7,1,held-stage2-add-capped,"sentiment.py: flat interest, zero euphoria, genuine capitulation marker ('quietly exiting aave positions before the next cycle'), no offsetting hype -- fits capitulation-while-thesis-intact. mech(p2-10) 6/9 Bullish, 1/9 Bearish (p2_dma overextension override stands, dev +29.9%>25%). No overrides beyond standing p2 rule."
2026-08-27T07:15:28Z,2026-08-27 AM,ADA,Neutral,Neutral,Bullish,Bullish,Bearish,Bullish,Bullish,Bullish,Bullish,Neutral,6,1,none,"sentiment.py: flat interest, zero euphoria/capitulation, upgrade-news and skeptic-pushback chatter -- no crowd-extreme read. mech(p2-10) 6/9 Bullish, 1/9 Bearish. No overrides."
2026-08-27T07:15:28Z,2026-08-27 AM,ARB,Neutral,Neutral,Bullish,Neutral,Neutral,Bullish,Neutral,Bullish,Bullish,Neutral,4,0,none,"mechanical count 4/9 Bullish (<5) -- p1 not fetched per Section 0 amendment, Neutral. No overrides."
2026-08-27T07:15:28Z,2026-08-27 AM,ASTER,Bearish,Neutral,Bullish,Bullish,Neutral,Bullish,Bullish,Bullish,Bullish,Neutral,6,1,none,"sentiment.py: rising interest with dominant euphoria (record perps-volume brags, 10x-trader-profit examples, burn announcements), zero capitulation offset -- a shift from the entry-window's capitulation-heavy read to one-sided hype. mech(p2-10) 6/9 Bullish, 0/9 Bearish. No overrides."
2026-08-27T07:15:28Z,2026-08-27 AM,BCH,Neutral,Neutral,Bullish,Bullish,Neutral,Bullish,Neutral,Bullish,Bullish,Neutral,5,0,none,"sentiment.py: flat interest, zero euphoria/capitulation, sparse low-engagement technical/community-building chatter -- no crowd-extreme read. mech(p2-10) 5/9 Bullish, 0/9 Bearish. No overrides."
2026-08-27T07:15:28Z,2026-08-27 AM,BNB,Neutral,Neutral,Bearish,Neutral,Bearish,Bullish,Bullish,Bullish,Bullish,Neutral,4,2,none,"mechanical count 4/9 Bullish (<5) -- p1 not fetched per Section 0 amendment, Neutral. No overrides."
2026-08-27T07:15:28Z,2026-08-27 AM,BTC,Neutral,Neutral,Bearish,Neutral,Bearish,Bullish,Bullish,Bullish,Bullish,Neutral,4,2,none,"mechanical count 4/9 Bullish (<5) -- p1 not fetched per Section 0 amendment, Neutral. No overrides."
2026-08-27T07:15:28Z,2026-08-27 AM,CAKE,Neutral,Bullish,Bullish,Bullish,Bearish,Bullish,Neutral,Bullish,Bullish,Neutral,6,1,none,"sentiment.py: flat interest, zero euphoria/capitulation, off-topic Cheesecake-Factory-stock confusion dominates plus an unverified small PancakeSwap-adjacent exploit claim (not a coin-specific confirmed red flag) -- no crowd-extreme read. mech(p2-10) 6/9 Bullish, 1/9 Bearish. No overrides."
2026-08-27T07:15:28Z,2026-08-27 AM,DOGE,Neutral,Neutral,Bullish,Bullish,Neutral,Bullish,Bullish,Bullish,Bullish,Neutral,6,0,none,"sentiment.py: flat interest, no euphoria, mixed technical caution (whale-dump/leverage-cascade risk chatter) without genuine crowd despair -- no clean contrarian read either direction. mech(p2-10) 6/9 Bullish, 0/9 Bearish. No overrides."
2026-08-27T07:15:28Z,2026-08-27 AM,ENA,Neutral,Bearish,Neutral,Neutral,Neutral,Bullish,Bullish,Bullish,Bullish,Neutral,4,1,none,"mechanical count 4/9 Bullish (<5) -- p1 not fetched per Section 0 amendment, Neutral. No overrides."
2026-08-27T07:15:28Z,2026-08-27 AM,ETH,Neutral,Bearish,Bearish,Neutral,Neutral,Bullish,Neutral,Bullish,Bullish,Neutral,3,2,none,"mechanical count 3/9 Bullish (<5) -- p1 not fetched per Section 0 amendment, Neutral. No overrides."
2026-08-27T07:15:28Z,2026-08-27 AM,ETHFI,Neutral,Bearish,Bullish,Neutral,Neutral,Bullish,Bullish,Bullish,Bullish,Neutral,5,1,none,"sentiment.py: flat interest, genuinely balanced two-sided trading chatter (long entries/profit claims vs pullback-rejection/bearish-bias calls) -- no clean crowd-extreme dominance. mech(p2-10) 5/9 Bullish, 1/9 Bearish. No overrides."
2026-08-27T07:15:28Z,2026-08-27 AM,HBAR,Bearish,Neutral,Bullish,Bullish,Neutral,Bullish,Bullish,Bullish,Bullish,Neutral,6,1,none,"sentiment.py: flat interest, euphoria dominant (multiple price targets incl. $2, 'generational gains', 'close to guaranteed') outweighing two mild capitulation-flavored posts (break-even disappointment) -- euphoria not genuinely offset. mech(p2-10) 6/9 Bullish, 0/9 Bearish. No overrides."
2026-08-27T07:15:28Z,2026-08-27 AM,ICP,Bearish,Neutral,Bullish,Bullish,Neutral,Bullish,Bullish,Bullish,Bullish,Neutral,6,1,none,"sentiment.py: flat interest, euphoria markers (breakout calls, rocket emojis) outweighing a single skeptic capitulation-flavored post -- euphoria dominant. mech(p2-10) 6/9 Bullish, 0/9 Bearish. No overrides."
2026-08-27T07:15:28Z,2026-08-27 AM,JUP,Neutral,Bullish,Bullish,Neutral,Neutral,Bullish,Bullish,Bullish,Bullish,Neutral,6,0,none,"sentiment.py: falling interest, zero euphoria, thin/spam-diluted picture (fake-airdrop promos discounted per standing precedent, genuine but isolated withdrawal complaints, one thoughtful dilution-risk post) -- no clean crowd-extreme read either direction. mech(p2-10) 6/9 Bullish, 0/9 Bearish. No overrides."
2026-08-27T07:15:28Z,2026-08-27 AM,LINK,Neutral,Bearish,Neutral,Bullish,Neutral,Bullish,Bullish,Bullish,Bullish,Neutral,5,1,none,"sentiment.py: flat interest, genuinely balanced -- euphoria ($200-by-2030 analyst target, breakout rocket emoji) offset by real capitulation-flavored complaints (token unlocks, price lagging the market) -- no clean crowd-extreme dominance. mech(p2-10) 5/9 Bullish, 1/9 Bearish. No overrides."
2026-08-27T07:15:28Z,2026-08-27 AM,MORPHO,Neutral,Bearish,Bullish,Bullish,Neutral,Bullish,Bullish,Bullish,Bullish,Neutral,6,1,held,"sentiment.py: flat interest, zero euphoria/capitulation, technical breakout chatter and Pendle-integration mentions, isolated liquidations noted with no bad debt -- no crowd-extreme read. mech(p2-10) 6/9 Bullish, 1/9 Bearish (p2_dma overextension override stands, dev +26.2%>25%). No overrides beyond standing p2 rule."
2026-08-27T07:15:28Z,2026-08-27 AM,ONDO,Bearish,Bullish,Neutral,Bullish,Neutral,Bullish,Bullish,Bullish,Bullish,Neutral,6,1,held,"sentiment.py: rising interest with dominant euphoria (price targets, rocket emojis, 'rally will be written in history', S-tier calls), zero capitulation offset. mech(p2-10) 6/9 Bullish, 0/9 Bearish. No overrides."
2026-08-27T07:15:28Z,2026-08-27 AM,PEPE,Bearish,Bearish,Bullish,Bullish,Neutral,Bullish,Bullish,Bullish,Bullish,Neutral,6,2,none,"sentiment.py: flat interest, euphoria present ($0.005 target in a supercycle prediction thread) with zero capitulation offset, consistent with how thin-but-present euphoria stacks were read on other coins this checkpoint. mech(p2-10) 6/9 Bullish, 1/9 Bearish. No overrides."
2026-08-27T07:15:28Z,2026-08-27 AM,POL,Neutral,Bearish,Bullish,Bullish,Neutral,Bullish,Bullish,Bullish,Bullish,Neutral,6,1,none,"sentiment.py: flat interest, genuinely mixed -- scattered euphoria (wedge target $0.123, rocket emojis) competing with a dominant top-loser/dump narrative (-11-13%) that reads capitulation-adjacent but not despairing -- no clean crowd-extreme dominance either way. mech(p2-10) 6/9 Bullish, 1/9 Bearish. No overrides."
2026-08-27T07:15:28Z,2026-08-27 AM,PYTH,Neutral,Neutral,Bullish,Bullish,Neutral,Bullish,Bearish,Bullish,Bullish,Neutral,5,1,none,"sentiment.py: flat interest, genuinely balanced -- euphoria ('ready to explode', 'top all time') offset by real, price-confirmed capitulation (-10.17% 'top dumpers' listing, 'still under pressure') -- no clean crowd-extreme dominance. mech(p2-10) 5/9 Bullish, 1/9 Bearish. No overrides."
2026-08-27T07:15:28Z,2026-08-27 AM,SHIB,Bearish,Neutral,Bullish,Bullish,Bearish,Bullish,Bullish,Bullish,Bullish,Neutral,6,2,none,"sentiment.py: flat interest, dominant euphoria ($1 targets, 'accumulate now', momentum-waking-up framing), zero capitulation offset. mech(p2-10) 6/9 Bullish, 1/9 Bearish. No overrides."
2026-08-27T07:15:28Z,2026-08-27 AM,SOL,Neutral,Bearish,Bearish,Neutral,Neutral,Bullish,Bullish,Bullish,Bullish,Neutral,4,2,none,"mechanical count 4/9 Bullish (<5) -- p1 not fetched per Section 0 amendment, Neutral. No overrides."
2026-08-27T07:15:28Z,2026-08-27 AM,TAO,Bullish,Neutral,Bullish,Bullish,Neutral,Neutral,Bullish,Bullish,Bullish,Neutral,6,0,none,"sentiment.py: rising interest, zero euphoria markers flagged, momentum/breakout chatter without price-target hype or despair -- fits improving-interest-without-euphoria. mech(p2-10) 5/9 Bullish, 0/9 Bearish. No overrides."
2026-08-27T07:15:28Z,2026-08-27 AM,TRX,Neutral,Bullish,Neutral,Bearish,Neutral,Bullish,Bearish,Bullish,Bullish,Neutral,4,2,none,"mechanical count 4/9 Bullish (<5) -- p1 not fetched per Section 0 amendment, Neutral. No overrides."
2026-08-27T07:15:28Z,2026-08-27 AM,UNI,Bearish,Bullish,Bullish,Neutral,Bearish,Bullish,Bullish,Bullish,Bullish,Neutral,6,2,none,"sentiment.py: flat interest but dominant euphoria ($4.70-$8 targets, 'strong buy signals', v4 fee bull case), zero capitulation offset. mech(p2-10) 6/9 Bullish, 1/9 Bearish. No overrides."
2026-08-27T07:15:28Z,2026-08-27 AM,VIRTUAL,Neutral,Neutral,Bullish,Bullish,Neutral,Bullish,Bullish,Bullish,Bullish,Neutral,6,0,none,"sentiment.py: flat interest, zero euphoria/capitulation, pure trading-setup chatter -- no crowd-extreme read. mech(p2-10) 6/9 Bullish, 0/9 Bearish. No overrides."
2026-08-27T07:15:28Z,2026-08-27 AM,XLM,Bearish,Bullish,Neutral,Bullish,Neutral,Bullish,Bullish,Bullish,Bullish,Neutral,6,1,held,"sentiment.py: flat interest, dominant euphoria (price targets $0.22-0.30, rocket emojis, inverse-H&S/double-bottom hype), zero capitulation offset -- the recurring euphoria stack reasserting per the standing watch item. mech(p2-10) 6/9 Bullish, 0/9 Bearish. No overrides."
2026-08-27T07:15:28Z,2026-08-27 AM,XRP,Bullish,Neutral,Bullish,Bullish,Neutral,Bullish,Bullish,Bullish,Bullish,Neutral,7,0,armed,"sentiment.py: interest falling, zero euphoria, capitulation markers (LTH frustration/sarcasm at low targets, quiet trading) -- fits capitulation-while-thesis-intact. mech(p2-10) 6/9 Bullish, 0/9 Bearish. No overrides to mechanical p2-10."
2026-08-27T07:15:28Z,2026-08-27 AM,ZEC,Neutral,Bearish,Bullish,Bullish,Neutral,Bullish,Bullish,Bullish,Bullish,Neutral,6,1,none,"sentiment.py: flat interest, zero euphoria/capitulation, scattered low-engagement chatter -- no crowd-extreme read. mech(p2-10) 6/9 Bullish, 1/9 Bearish. No overrides."
2026-08-27T19:08:29Z,2026-08-27 PM,BTC,Neutral,Neutral,Bearish,Neutral,Neutral,Bullish,Bullish,Bullish,Bullish,Neutral,4,1,none,"mechanical count 4/9 Bullish (<5) -- p1 not fetched per Section 0 amendment, Neutral. No overrides."
2026-08-27T19:08:29Z,2026-08-27 PM,ETH,Neutral,Bearish,Bearish,Neutral,Neutral,Bullish,Neutral,Bullish,Bullish,Neutral,3,2,none,"mechanical count 3/9 Bullish (<5) -- p1 not fetched per Section 0 amendment, Neutral. No overrides."
2026-08-27T19:08:29Z,2026-08-27 PM,BNB,Neutral,Neutral,Bearish,Neutral,Neutral,Bullish,Bullish,Bullish,Bullish,Neutral,4,1,none,"mechanical count 4/9 Bullish (<5) -- p1 not fetched per Section 0 amendment, Neutral. No overrides."
2026-08-27T19:08:29Z,2026-08-27 PM,XRP,Neutral,Bearish,Neutral,Neutral,Neutral,Bullish,Bullish,Bullish,Bullish,Neutral,4,1,none,"mechanical count fell to 4/9 Bullish (<5) this checkpoint (from 6/9 AM) -- p2_dma flipped Bullish->Bearish (dev-from-50DMA now +29.1%, crossing the 25% override line) and p3_rsi cooled Bullish->Neutral offsetting p1's prior contribution. Per Section 0 amendment, sentiment.py is not triggered below the 5-mechanical threshold, so p1 defaults Neutral (not fabricated) rather than being re-read. Confluence dropped 7/10 AM (armed, first occurrence) -> 4/10 PM -- the AM arming LAPSES, no confirmation (needed 2 consecutive >=7/10 checkpoints). No trade."
2026-08-27T19:08:29Z,2026-08-27 PM,SOL,Bearish,Bearish,Bearish,Neutral,Bullish,Bullish,Bullish,Bullish,Bullish,Neutral,5,3,none,"sentiment.py: flat interest, one-sided euphoria ('generational entry on dip', 'picking up steam', 'primed for next leg up'), zero capitulation offset. Contrarian Bearish. mech(p2-10) 5/9 Bullish, 2/9 Bearish (p2_dma, p3_rsi). No overrides."
2026-08-27T19:08:29Z,2026-08-27 PM,TRX,Bullish,Bullish,Bullish,Bullish,Neutral,Bullish,Bearish,Bullish,Bullish,Neutral,7,1,armed,"sentiment.py: rising interest, zero euphoria/capitulation, dominant narrative is the 400M-accounts milestone plus gas-free-transfer usability upgrades -- fits improving-interest-without-euphoria. Contrarian Bullish. mech(p2-10) 6/9 Bullish, 1/9 Bearish (p7_oi Bearish, 24h OI -0.2% though 7d +12.0% still positive). Confluence jumped 4/10 AM (mechanical <5, p1 not fetched) -> 7/10 PM (mech crossed the 5-threshold, triggering sentiment.py; TRX is FULLY EXITED from the book, not currently held) -- ARMED, first occurrence at >=7/10. Needs a 2nd consecutive >=7/10 at AM 08-28 to confirm."
2026-08-27T19:08:29Z,2026-08-27 PM,DOGE,Neutral,Neutral,Bullish,Bullish,Neutral,Bullish,Bullish,Bullish,Bullish,Neutral,6,0,none,"sentiment.py: flat interest, euphoria ($1 targets, rocket emojis, LFG calls) genuinely offset by capitulation ('pump losing steam', cautious on-chain signals) -- no clean crowd-extreme dominance. Neutral. mech(p2-10) 6/9 Bullish, 0/9 Bearish. No overrides."
2026-08-27T19:08:29Z,2026-08-27 PM,ZEC,Neutral,Bearish,Neutral,Bullish,Neutral,Bullish,Bullish,Bullish,Bullish,Neutral,5,1,none,"sentiment.py: falling interest, zero euphoria/capitulation -- scattered low-engagement chatter (ZEC-vs-XMR spending comparisons, memes), no crowd-extreme read. Neutral. mech(p2-10) 5/9 Bullish, 1/9 Bearish (p2_dma). No overrides."
2026-08-27T19:08:29Z,2026-08-27 PM,ADA,Neutral,Neutral,Bullish,Bullish,Neutral,Bullish,Bullish,Bullish,Bullish,Neutral,6,0,none,"sentiment.py: flat interest, mild emoji/excitement reaction tied to the Leios-upgrade testnet-throughput news (fundamentals-driven, not price-target hype), zero capitulation -- tech-catalyst enthusiasm read as Neutral rather than crowd euphoria (no price targets or 'everyone's in' framing). mech(p2-10) 6/9 Bullish, 0/9 Bearish. No overrides."
2026-08-27T19:08:29Z,2026-08-27 PM,LINK,Bearish,Bearish,Bearish,Bullish,Neutral,Bullish,Bullish,Bullish,Bullish,Neutral,5,3,none,"sentiment.py: flat interest, one-sided euphoria ($20 price target, 'sky rocket eventually', 'asymmetric trade'), zero capitulation offset. Contrarian Bearish. mech(p2-10) 5/9 Bullish, 2/9 Bearish (p2_dma, p3_rsi). No overrides."
2026-08-27T19:08:29Z,2026-08-27 PM,UNI,Neutral,Bullish,Bullish,Neutral,Neutral,Bullish,Bullish,Bullish,Bullish,Neutral,6,0,none,"sentiment.py: flat interest, zero euphoria/capitulation -- narrative is v4 fee-switch activation, hooks, and Robinhood Chain integration (fundamentals, not hype). Neutral. mech(p2-10) 6/9 Bullish, 0/9 Bearish. No overrides."
2026-08-27T19:08:29Z,2026-08-27 PM,AAVE,Bullish,Bearish,Bullish,Bullish,Neutral,Bullish,Bullish,Bullish,Bullish,Neutral,7,1,held,"sentiment.py: flat interest, zero euphoria, genuine capitulation marker ('quietly exiting aave positions before the next cycle' -- identical theme to the AM 08-27 read), no offsetting hype -- fits capitulation-while-thesis-intact. mech(p2-10) 6/9 Bullish, 1/9 Bearish (p2_dma overextension override stands, dev +31.6%>25%, the most extended print of the hold). No overrides beyond standing p2 rule."
2026-08-27T19:08:29Z,2026-08-27 PM,ENA,Bearish,Bearish,Bearish,Neutral,Bullish,Bullish,Bullish,Bullish,Bullish,Neutral,5,3,none,"sentiment.py: rising interest with dominant euphoria ($3/15X price targets, rocket emojis, MATIC-2021-2023 comparisons), zero capitulation offset -- classic 'everyone's in' on rising interest. Contrarian Bearish. mech(p2-10) 5/9 Bullish, 2/9 Bearish (p2_dma, p3_rsi). No overrides."
2026-08-27T19:08:29Z,2026-08-27 PM,MORPHO,Neutral,Bullish,Bullish,Bullish,Neutral,Bullish,Bullish,Bullish,Bullish,Neutral,7,0,held,"sentiment.py: flat interest, zero euphoria/capitulation -- narrative dominated by the verified PT-reUSD/Pendle oracle-manipulation liquidation event (~$36M, zero bad debt) and routine integration mentions, no crowd-extreme read. mech(p2-10) 7/9 Bullish, 0/9 Bearish (p2_dma back to Bullish, dev-from-50DMA cooled to 23.9%, back under the 25% override line). No overrides."
2026-08-27T19:08:29Z,2026-08-27 PM,ONDO,Bearish,Bullish,Bullish,Bullish,Neutral,Bullish,Bullish,Bullish,Bullish,Neutral,7,1,held,"sentiment.py: flat interest, dominant euphoria (price targets $0.45-0.75, implied 2x), zero capitulation offset -- pure technical-breakout hype. mech(p2-10) 7/9 Bullish, 0/9 Bearish. No overrides."
2026-08-27T19:08:29Z,2026-08-27 PM,ETHFI,Neutral,Bearish,Bullish,Neutral,Neutral,Bullish,Bullish,Bullish,Bullish,Neutral,5,1,none,"sentiment.py: flat interest, zero euphoria/capitulation -- fundamentals narrative (user growth, card spend, buybacks); one unverified Ponzi-scheme claim treated as noise, not genuine capitulation. Neutral. mech(p2-10) 5/9 Bullish, 1/9 Bearish (p2_dma). No overrides."
2026-08-27T19:08:29Z,2026-08-27 PM,CAKE,Neutral,Bullish,Neutral,Bullish,Neutral,Bullish,Neutral,Bullish,Bullish,Neutral,5,0,none,"sentiment.py: flat interest, euphoria markers present but substantially diluted by confusion with unrelated low-cap Solana memecoins sharing the CAKE name (echoing the AM 08-27 Cheesecake-Factory-stock confusion) -- no clean PancakeSwap-specific crowd-extreme read. Neutral. mech(p2-10) 5/9 Bullish, 0/9 Bearish. No overrides."
2026-08-27T19:08:29Z,2026-08-27 PM,JUP,Neutral,Bullish,Neutral,Neutral,Bullish,Bullish,Bullish,Bullish,Bullish,Neutral,6,0,none,"sentiment.py: flat interest, thin euphoria (rocket emojis in airdrop promos, discounted per standing precedent as promo spam) zero capitulation -- no clean crowd-extreme read. Neutral. mech(p2-10) 6/9 Bullish, 0/9 Bearish. No overrides."
2026-08-27T19:08:29Z,2026-08-27 PM,BCH,Neutral,Neutral,Bullish,Bullish,Neutral,Bullish,Neutral,Bullish,Bullish,Neutral,5,0,none,"sentiment.py: flat interest, zero euphoria/capitulation -- technical-update and real-world-spending-tool narrative, no crowd-extreme read. Neutral. mech(p2-10) 5/9 Bullish, 0/9 Bearish. No overrides."
2026-08-27T19:08:29Z,2026-08-27 PM,XLM,Bearish,Bullish,Bullish,Bullish,Neutral,Bullish,Bullish,Bullish,Bullish,Neutral,7,1,held,"sentiment.py: flat interest, euphoria present (faith/conviction posts with rocket emoji, buy-and-hold-for-gains encouragement), zero genuine capitulation offset (wallet-theft/exchange-scam complaints are grievances, not price/thesis despair) -- the recurring euphoria-stack watch item persisting. mech(p2-10) 7/9 Bullish, 0/9 Bearish. No overrides."
2026-08-27T19:08:29Z,2026-08-27 PM,HBAR,Neutral,Neutral,Bullish,Bullish,Neutral,Bullish,Bullish,Bullish,Bullish,Neutral,6,0,none,"sentiment.py: flat interest, zero euphoria/capitulation -- scattered non-securities-list mentions and chart levels, no crowd-extreme read. Neutral. mech(p2-10) 6/9 Bullish, 0/9 Bearish. No overrides."
2026-08-27T19:08:29Z,2026-08-27 PM,SHIB,Bearish,Neutral,Bullish,Bullish,Neutral,Bullish,Bullish,Bullish,Bullish,Neutral,6,1,none,"sentiment.py: flat interest, one-sided euphoria ($SHIB-to-$1 in meme-supercycle price-target lists), zero capitulation offset. Contrarian Bearish. mech(p2-10) 6/9 Bullish, 0/9 Bearish. No overrides."
2026-08-27T19:08:29Z,2026-08-27 PM,PEPE,Bearish,Bearish,Neutral,Bullish,Neutral,Bullish,Bullish,Bullish,Bullish,Neutral,5,2,none,"sentiment.py: rising interest with dominant euphoria (price targets, rocket emojis, 1000x mentions), zero capitulation offset. Contrarian Bearish. mech(p2-10) 5/9 Bullish, 1/9 Bearish (p2_dma). No overrides."
2026-08-27T19:08:29Z,2026-08-27 PM,TAO,Bearish,Neutral,Neutral,Bullish,Bullish,Neutral,Bullish,Bullish,Bullish,Neutral,5,1,none,"sentiment.py: flat interest (cooled from AM's rising), one-sided euphoria (long-term 5-digit price predictions) re-emerging, zero capitulation offset; unverified SN35-exploit/subnet-scammer claims treated as unconfirmed noise, not a red-flag event. Contrarian Bearish. mech(p2-10) 5/9 Bullish, 0/9 Bearish. No overrides."
2026-08-27T19:08:29Z,2026-08-27 PM,POL,Bullish,Bearish,Bullish,Bullish,Neutral,Bullish,Bullish,Bullish,Bullish,Neutral,7,1,armed,"sentiment.py: flat interest, capitulation only (POL 'dumping hard -12.5% on outsized volume'), zero euphoria offset -- genuine capitulation-flavored panic on the Ithaca-upgrade/AggLayer breakout thesis, still intact mechanically. Contrarian Bullish. mech(p2-10) 6/9 Bullish, 1/9 Bearish (p2_dma overextension, dev +31.2%>25%). Confluence improved 6/10 AM -> 7/10 PM (p1 flipped Neutral->Bullish on the capitulation read) -- ARMED, first occurrence at >=7/10 (added to watchlist 2026-08-23, inside its 2-week rotation-lock but that only blocks rotation-off, not entry eligibility). Needs a 2nd consecutive >=7/10 at AM 08-28 to confirm."
2026-08-27T19:08:29Z,2026-08-27 PM,VIRTUAL,Neutral,Neutral,Bullish,Bullish,Neutral,Bullish,Bullish,Bullish,Bullish,Neutral,6,0,none,"sentiment.py: falling interest, zero euphoria/capitulation -- scattered low-engagement airdrop/list mentions, no crowd-extreme read. Neutral. mech(p2-10) 6/9 Bullish, 0/9 Bearish. No overrides."
2026-08-27T19:08:29Z,2026-08-27 PM,ARB,Neutral,Neutral,Bullish,Neutral,Neutral,Bullish,Neutral,Bullish,Bullish,Neutral,4,0,none,"mechanical count 4/9 Bullish (<5) -- p1 not fetched per Section 0 amendment, Neutral. No overrides."
2026-08-27T19:08:29Z,2026-08-27 PM,PYTH,Neutral,Neutral,Bullish,Neutral,Bearish,Bullish,Bearish,Bullish,Bullish,Neutral,4,2,none,"mechanical count 4/9 Bullish (<5) -- p1 not fetched per Section 0 amendment, Neutral. No overrides."
2026-08-27T19:08:29Z,2026-08-27 PM,ASTER,Neutral,Neutral,Bullish,Bullish,Neutral,Bullish,Bullish,Bullish,Bullish,Neutral,6,0,none,"sentiment.py: flat interest, euphoria (rocket emojis, 'accumulate before the rocket takes off') genuinely offset by capitulation ('down 73% while others fly', short-again calls) -- balanced, no clean dominance. Neutral. mech(p2-10) 6/9 Bullish, 0/9 Bearish. No overrides."
2026-08-27T19:08:29Z,2026-08-27 PM,ICP,Neutral,Neutral,Bullish,Bullish,Neutral,Bullish,Bullish,Bullish,Bullish,Neutral,6,0,none,"sentiment.py: flat interest, euphoria (100-1000X mentions) genuinely offset by capitulation ('ICP looks completely dead') -- a shift to a balanced mix from PM 08-26's clean despair read. Neutral. mech(p2-10) 6/9 Bullish, 0/9 Bearish. No overrides."
2026-08-28T07:15:27.128268+00:00,2026-08-28 AM,AAVE,Bearish,Bearish,Bullish,Neutral,Neutral,Bullish,Bullish,Bullish,Bullish,Neutral,5,2,held,"sentiment.py: flat interest, euphoria present ($140-144 targets, 229% profit brag) with NO offsetting capitulation this run (a genuine shift from the multi-checkpoint 'quietly exiting aave' capitulation read) -- dominant euphoria, contrarian Bearish. mech(p2-10) 5/9 Bullish, 1/9 Bearish (p2_dma overextension, dev +28.0%>25%)."
2026-08-28T07:15:27.128268+00:00,2026-08-28 AM,ADA,Bearish,Neutral,Bullish,Bullish,Neutral,Bullish,Neutral,Bullish,Bullish,Neutral,5,1,none,"sentiment.py: flat interest, zero euphoria, but a genuinely deteriorating narrative (price described as 'dumping', 'lost Bull Market Support Band', shift from bullish structure to technical weakness) -- fits the deteriorating-narrative Bearish branch. mech(p2-10) 5/9 Bullish, 0/9 Bearish."
2026-08-28T07:15:27.128268+00:00,2026-08-28 AM,ARB,Neutral,Neutral,Bullish,Bullish,Neutral,Bullish,Neutral,Bullish,Bullish,Neutral,5,0,none,"sentiment.py: falling interest, zero euphoria -- one isolated stop-loss-loss post is not broad crowd despair, overall sparse/low-engagement -- no crowd-extreme read. mech(p2-10) 5/9 Bullish, 0/9 Bearish."
2026-08-28T07:15:27.128268+00:00,2026-08-28 AM,ASTER,Neutral,Neutral,Bullish,Bearish,Neutral,Bullish,Bearish,Bullish,Bullish,Neutral,4,2,none,"mechanical count 4/9 Bullish (<5) -- p1 not fetched per Section 0 amendment, Neutral. No overrides."
2026-08-28T07:15:27.128268+00:00,2026-08-28 AM,BCH,Bearish,Neutral,Bullish,Bullish,Neutral,Bullish,Neutral,Bullish,Bullish,Neutral,5,1,none,"sentiment.py: flat interest, dominant euphoria ($300 target, bullish momentum, rocket-emoji promo), zero capitulation offset. mech(p2-10) 5/9 Bullish, 0/9 Bearish."
2026-08-28T07:15:27.128268+00:00,2026-08-28 AM,BNB,Neutral,Neutral,Bearish,Bullish,Neutral,Bullish,Bullish,Bullish,Bullish,Neutral,5,1,none,"sentiment.py: falling interest, zero euphoria/capitulation -- sparse low-engagement technical chatter, no crowd-extreme read. mech(p2-10) 5/9 Bullish, 1/9 Bearish."
2026-08-28T07:15:27.128268+00:00,2026-08-28 AM,BTC,Neutral,Neutral,Bearish,Bullish,Neutral,Bullish,Bullish,Bullish,Bullish,Neutral,5,1,none,"sentiment.py: flat interest, zero euphoria/capitulation -- casual daily-life mentions, no crowd-extreme read. mech(p2-10) 5/9 Bullish, 1/9 Bearish."
2026-08-28T07:15:27.128268+00:00,2026-08-28 AM,CAKE,Neutral,Bullish,Neutral,Neutral,Neutral,Bullish,Neutral,Bullish,Bullish,Neutral,4,0,none,"mechanical count 4/9 Bullish (<5) -- p1 not fetched per Section 0 amendment, Neutral. No overrides."
2026-08-28T07:15:27.128268+00:00,2026-08-28 AM,DOGE,Neutral,Neutral,Bullish,Neutral,Neutral,Bullish,Bearish,Bullish,Bullish,Neutral,4,1,none,"mechanical count 4/9 Bullish (<5) -- p1 not fetched per Section 0 amendment, Neutral. No overrides."
2026-08-28T07:15:27.128268+00:00,2026-08-28 AM,ENA,Neutral,Bearish,Neutral,Neutral,Neutral,Bullish,Bullish,Bullish,Bullish,Neutral,4,1,none,"mechanical count 4/9 Bullish (<5) -- p1 not fetched per Section 0 amendment, Neutral. No overrides."
2026-08-28T07:15:27.128268+00:00,2026-08-28 AM,ETH,Neutral,Bearish,Bearish,Bullish,Neutral,Bullish,Neutral,Bullish,Bullish,Neutral,4,2,none,"mechanical count 4/9 Bullish (<5) -- p1 not fetched per Section 0 amendment, Neutral. No overrides."
2026-08-28T07:15:27.128268+00:00,2026-08-28 AM,ETHFI,Bullish,Bullish,Bullish,Neutral,Neutral,Bullish,Bearish,Bullish,Bullish,Neutral,6,1,none,"sentiment.py: flat interest, capitulation-flavored price-weakness chatter (rejection at resistance, discussion of further downside to 48-50), zero euphoria offset -- fits capitulation-while-thesis-intact (mechanical picture still 5/9 Bullish). mech(p2-10) 5/9 Bullish, 1/9 Bearish."
2026-08-28T07:15:27.128268+00:00,2026-08-28 AM,HBAR,Neutral,Neutral,Bullish,Neutral,Neutral,Bullish,Bearish,Bullish,Bullish,Neutral,4,1,none,"mechanical count 4/9 Bullish (<5) -- p1 not fetched per Section 0 amendment, Neutral. No overrides."
2026-08-28T07:15:27.128268+00:00,2026-08-28 AM,ICP,Neutral,Neutral,Bullish,Neutral,Neutral,Bullish,Bearish,Bullish,Bullish,Neutral,4,1,none,"mechanical count 4/9 Bullish (<5) -- p1 not fetched per Section 0 amendment, Neutral. No overrides."
2026-08-28T07:15:27.128268+00:00,2026-08-28 AM,JUP,Bearish,Bullish,Neutral,Neutral,Neutral,Bullish,Bullish,Bullish,Bullish,Neutral,5,1,none,"sentiment.py: rising interest, dominant euphoria ($0.50 target, '20-40x', high-conviction hold lists), zero capitulation offset. mech(p2-10) 5/9 Bullish, 0/9 Bearish."
2026-08-28T07:15:27.128268+00:00,2026-08-28 AM,LINK,Neutral,Bearish,Neutral,Bullish,Neutral,Bullish,Bearish,Bullish,Bullish,Neutral,4,2,none,"mechanical count 4/9 Bullish (<5) -- p1 not fetched per Section 0 amendment, Neutral. No overrides."
2026-08-28T07:15:27.128268+00:00,2026-08-28 AM,MORPHO,Bearish,Bullish,Bullish,Bullish,Neutral,Bullish,Bullish,Bullish,Bullish,Neutral,7,1,held,"sentiment.py: flat interest, genuine euphoria (massive green candles, 'altseason is here', +87%-from-entry brag) with only one diluting low-mcap-meme-confusion post, zero capitulation offset. mech(p2-10) 7/9 Bullish, 0/9 Bearish."
2026-08-28T07:15:27.128268+00:00,2026-08-28 AM,ONDO,Neutral,Bullish,Neutral,Neutral,Neutral,Bullish,Bearish,Bullish,Bullish,Neutral,4,1,held,"sentiment.py: flat interest, thin/mixed -- one frustrated-long-position complaint (not genuine despair) and routine points-farming chatter, zero clean euphoria or capitulation dominance. mech(p2-10) 4/9 Bullish, 1/9 Bearish."
2026-08-28T07:15:27.128268+00:00,2026-08-28 AM,PEPE,Neutral,Bearish,Bullish,Bullish,Neutral,Bullish,Neutral,Bullish,Bullish,Neutral,5,1,none,"sentiment.py: flat interest, euphoria markers present but explicitly diluted by low-mcap PEPE-variant/Solana-memecoin confusion (per the same ticker-overlap precedent applied to CAKE) -- no clean PEPE-specific crowd-extreme read. mech(p2-10) 5/9 Bullish, 1/9 Bearish."
2026-08-28T07:15:27.128268+00:00,2026-08-28 AM,POL,Neutral,Bearish,Bullish,Bullish,Neutral,Bullish,Bullish,Bullish,Bullish,Neutral,6,1,none,"sentiment.py: interest falling, genuinely mixed -- euphoria (multibag mentions, $1/$5/$0.65 targets, stablecoin-adoption praise) alongside real capitulation (bag-dump warnings, bearish-continuation calls, 12%+ drop highlighted); narrative_change explicitly flags a shift toward caution/dumps -- no clean crowd-extreme dominance either way, and interest itself is falling (not improving), so neither Bullish branch cleanly fits. mech(p2-10) 6/9 Bullish, 1/9 Bearish (p2_dma overextension)."
2026-08-28T07:15:27.128268+00:00,2026-08-28 AM,PYTH,Neutral,Bullish,Bullish,Neutral,Neutral,Bullish,Bearish,Bullish,Bullish,Neutral,5,1,none,"sentiment.py: flat interest, one thin euphoria marker ('ready to explode') diluted by otherwise casual/technical chatter, zero capitulation -- no clean crowd-extreme dominance. mech(p2-10) 5/9 Bullish, 1/9 Bearish."
2026-08-28T07:15:27.128268+00:00,2026-08-28 AM,SHIB,Neutral,Neutral,Bullish,Bullish,Neutral,Bullish,Bearish,Bullish,Bullish,Neutral,5,1,none,"sentiment.py: flat interest, zero euphoria/capitulation -- technical falling-wedge chatter only, no crowd-extreme read. mech(p2-10) 5/9 Bullish, 1/9 Bearish."
2026-08-28T07:15:27.128268+00:00,2026-08-28 AM,SOL,Neutral,Bearish,Bearish,Neutral,Neutral,Bullish,Bullish,Bullish,Bullish,Neutral,4,2,none,"mechanical count 4/9 Bullish (<5) -- p1 not fetched per Section 0 amendment, Neutral. No overrides."
2026-08-28T07:15:27.128268+00:00,2026-08-28 AM,TAO,Bearish,Neutral,Bullish,Bullish,Neutral,Bullish,Bullish,Bullish,Bullish,Neutral,6,1,none,"sentiment.py: flat interest, dominant euphoria (price targets $230-400, +145% profit highlighted, bullish chart setups), zero capitulation offset -- a shift from the prior improving-interest-without-euphoria read. mech(p2-10) 6/9 Bullish, 0/9 Bearish."
2026-08-28T07:15:27.128268+00:00,2026-08-28 AM,TRX,Neutral,Bullish,Bullish,Bearish,Neutral,Bullish,Bearish,Bullish,Bullish,Neutral,5,2,none,"sentiment.py: flat interest (not rising this run), fundamentals-led narrative (Q2 metrics, treasury buys) without hype or despair -- fits neither Bullish branch cleanly since interest isn't improving. mech(p2-10) 5/9 Bullish, 2/9 Bearish."
2026-08-28T07:15:27.128268+00:00,2026-08-28 AM,UNI,Bearish,Bullish,Bullish,Bullish,Neutral,Bullish,Bullish,Bullish,Bullish,Neutral,7,1,armed,"sentiment.py: flat interest, dominant euphoria ('will melt faces', $4.84 target, whale buys, topping bullish-trends lists), zero capitulation offset. mech(p2-10) 7/9 Bullish, 0/9 Bearish."
2026-08-28T07:15:27.128268+00:00,2026-08-28 AM,VIRTUAL,Neutral,Neutral,Bullish,Neutral,Neutral,Bullish,Bearish,Bullish,Bullish,Neutral,4,1,none,"mechanical count 4/9 Bullish (<5) -- p1 not fetched per Section 0 amendment, Neutral. No overrides."
2026-08-28T07:15:27.128268+00:00,2026-08-28 AM,XLM,Bearish,Bullish,Neutral,Neutral,Neutral,Bullish,Bearish,Bullish,Bullish,Neutral,4,2,held,"sentiment.py: flat interest, dominant euphoria (price targets $5 by 2030, rocket emojis, 'American-made crypto' positioning), zero capitulation offset -- the recurring euphoria stack persisting. mech(p2-10) 4/9 Bullish, 1/9 Bearish."
2026-08-28T07:15:27.128268+00:00,2026-08-28 AM,XRP,Neutral,Bearish,Bullish,Bullish,Neutral,Bullish,Bearish,Bullish,Bullish,Neutral,5,2,none,"sentiment.py: flat interest, genuinely mixed -- euphoria markers (price-prediction articles, rocket emojis) present but narrative_change notes a shift toward institutional-product focus over pure price hype, zero capitulation -- no clean crowd-extreme dominance. mech(p2-10) 5/9 Bullish, 2/9 Bearish."
2026-08-28T07:15:27.128268+00:00,2026-08-28 AM,ZEC,Bullish,Bearish,Bullish,Neutral,Neutral,Bullish,Bullish,Bullish,Bullish,Neutral,6,1,none,"sentiment.py: rising interest, the sole 'euphoria marker' is NFT-launch excitement ('NFTs are back?'), not price-target hype, zero capitulation -- fits improving-interest-without-euphoria. mech(p2-10) 5/9 Bullish, 1/9 Bearish."
2026-08-28T19:06:16.023406+00:00,2026-08-28 PM,XLM,Neutral,Bullish,Neutral,Neutral,Neutral,Bullish,Bearish,Bullish,Bullish,Neutral,4,1,held,"sentiment.py: flat interest, zero euphoria/capitulation -- fundamentals-led narrative (Stellar tokenized-assets/DTCC, XRPL interop), no crowd-extreme read either way. mech(p2-10) 4/9 Bullish, 1/9 Bearish (p7_oi on a -8.3% 24h dip despite 7d OI still +52.2%). Price broke to $0.1776, dev-from-50DMA cooled to just +0.7% -- thinnest structural cushion of the hold to date; still technically above the 50DMA ($0.17639), not yet a thesis_test breach."
2026-08-28T19:06:16.023406+00:00,2026-08-28 PM,ONDO,Neutral,Neutral,Neutral,Neutral,Neutral,Bullish,Neutral,Bullish,Bullish,Neutral,3,0,held,"sentiment.py: falling interest, thin/sparse chatter -- one frustrated-price complaint (mild, not despair) diluted by routine RWA/tokenized-treasury mentions, no clean crowd-extreme dominance. mech(p2-10) 3/9 Bullish, 0/9 Bearish. FLAGGING: price $0.3529 is now BELOW the current 50DMA ($0.362324) -- the explicit thesis_test condition ('price holds above the 50DMA') has broken for the first time this hold; 7d OI also flipped to -9.9% (from a strongly-positive-expansion regime that was the thesis's core confirmation); invalidation ($0.34) headroom down to ~3.8%, narrowest of the hold. Judged conviction Weakening -- trimming half per Section 5 step 4."
2026-08-28T19:06:16.023406+00:00,2026-08-28 PM,MORPHO,Bearish,Bullish,Bullish,Bullish,Bearish,Bullish,Neutral,Bullish,Bullish,Neutral,6,2,held,"sentiment.py: flat interest, genuine euphoria (bullish 1% price-target call, excitement for Robinhood-listing ecosystem expansion), zero capitulation offset -- contrarian Bearish. mech(p2-10) 6/9 Bullish, 1/9 Bearish (p5 volz, a down day on high z-score). Price $2.414, dev-from-50DMA cooled to +16.0% (comfortably under the 25% overextension line), still above both MAs. 7d OI cooled to -2.9% (from a strong-expansion regime) -- a real deceleration worth watching but not yet a thesis-structure break."
2026-08-28T19:06:16.023406+00:00,2026-08-28 PM,AAVE,Neutral,Bullish,Bullish,Neutral,Neutral,Bullish,Bearish,Bullish,Bullish,Neutral,5,1,held,"sentiment.py: flat interest, zero euphoria/capitulation -- official Aave-account updates only (V4 USDC deposit ATH, mobile app early access, stablecoin yield chatter), no crowd-extreme read. mech(p2-10) 5/9 Bullish, 1/9 Bearish (p7_oi on a -7.6% 24h dip; 7d OI still +7.6%). Price $121.87, dev-from-50DMA +23.8% -- back under the 25% override line (p2_dma flipped Bearish->Bullish), least-extended print of the hold; invalidation ($112.1447) headroom ~8.7%, healthiest of the four holdings today."
2026-08-28T19:06:16.023406+00:00,2026-08-28 PM,UNI,Neutral,Bullish,Bullish,Neutral,Neutral,Bullish,Bullish,Bullish,Bullish,Neutral,6,0,none,"sentiment.py: interest FALLING (not improving), zero euphoria/capitulation -- scattered short-term trading-signal/scalp chatter, one top-gainers mention. mech(p2-10) 6/9 Bullish, 0/9 Bearish (clean DMA/RSI/funding/OI/stables/MVRV picture). Total confluence 6/10 -- eased from AM's 7/10 (armed, first occurrence). NOT a second consecutive >=7/10 checkpoint -- arming LAPSES, no confirmation, no entry."
2026-08-28T19:06:16.023406+00:00,2026-08-28 PM,JUP,Bearish,Bullish,Bullish,Bullish,Bearish,Bullish,Neutral,Bullish,Bullish,Neutral,6,2,none,"sentiment.py: flat interest, dominant euphoria (100-200% breakout targets, rocket emojis, explicit FOMO 'everyone sleeping on JUP, get in early', Moonshot-vote shilling), zero capitulation offset. mech(p2-10) 6/9 Bullish, 1/9 Bearish (p5 volz). Total confluence 6/10 (2 Bearish) -- short of the 7/10 entry bar."
2026-08-28T19:06:16.023406+00:00,2026-08-28 PM,TAO,Neutral,Neutral,Bullish,Bullish,Neutral,Bullish,Bullish,Bullish,Bullish,Neutral,6,0,none,"sentiment.py: flat interest, zero clean euphoria/capitulation markers -- narrative shifting from speculative hype toward evidence of live commercial subnet revenue (inference/compute/data services); doesn't cleanly fit the improving-interest-without-euphoria branch since interest itself is flat, not improving. mech(p2-10) 6/9 Bullish, 0/9 Bearish. Total confluence 6/10 -- short of the 7/10 entry bar."
2026-08-28T19:06:16.023406+00:00,2026-08-28 PM,POL,Neutral,Bearish,Bullish,Bullish,Neutral,Bullish,Bullish,Bullish,Bullish,Neutral,6,1,none,"sentiment.py: flat interest, genuinely mixed -- euphoria ($5 targets, rocket emojis, 'undervalued vs Tron') alongside real capitulation-flavored chatter (short setups, daily-losers listing at -2.65%); narrative_change shows no clean dominance either way, and interest is flat not improving. mech(p2-10) 6/9 Bullish, 1/9 Bearish (p2_dma). Total confluence 6/10 -- short of the 7/10 entry bar, consistent with the AM lapse (no re-arm)."
2026-08-28T19:06:16.023406+00:00,2026-08-28 PM,BTC,Neutral,Neutral,Bullish,Bullish,Neutral,Bullish,Bearish,Bullish,Bullish,Neutral,5,1,none,"sentiment.py: flat interest -- isolated 'BTC has bottomed'/support-held chart calls after today's -3.33% 24h drop, but not broad crowd-wide dominance, and zero capitulation/despair despite the actual price decline (mild complacency, not a clean extreme either way). mech(p2-10) 5/9 Bullish, 1/9 Bearish (p7_oi). Total confluence 5/10."
2026-08-28T19:06:16.023406+00:00,2026-08-28 PM,ETH,Neutral,Neutral,Bullish,Bullish,Neutral,Bullish,Neutral,Bullish,Bullish,Neutral,5,0,none,"sentiment.py: flat interest, zero euphoria/capitulation -- pure technical support/resistance chatter. mech(p2-10) 5/9 Bullish, 0/9 Bearish. Total confluence 5/10."
2026-08-28T19:06:16.023406+00:00,2026-08-28 PM,BNB,Neutral,Neutral,Bullish,Neutral,Neutral,Bullish,Bullish,Bullish,Bullish,Neutral,5,0,none,"sentiment.py: flat interest, zero euphoria/capitulation -- mixed TA (one overbought-RSI-79 caution vs one momentum-continuation call), no crowd-extreme dominance. mech(p2-10) 5/9 Bullish, 0/9 Bearish. Total confluence 5/10."
2026-08-28T19:06:16.023406+00:00,2026-08-28 PM,XRP,Neutral,Neutral,Bullish,Bullish,Neutral,Bullish,Bearish,Bullish,Bullish,Neutral,5,1,none,"sentiment.py: flat interest, zero euphoria/capitulation -- institutional-narrative-led (Evernorth SEC registration, ETF inflows, ISO 20022), no crowd-extreme read. mech(p2-10) 5/9 Bullish, 1/9 Bearish (p7_oi). Total confluence 5/10."
2026-08-28T19:06:16.023406+00:00,2026-08-28 PM,SOL,Bearish,Bearish,Neutral,Bullish,Bearish,Bullish,Bullish,Bullish,Bullish,Neutral,5,3,none,"sentiment.py: flat interest, euphoria-leaning dominant (inflation-cut-vote bullishness, price targets, 2x-meme-profit brags) only lightly offset by one short-setup trade call (not genuine despair) -- contrarian Bearish. mech(p2-10) 5/9 Bullish, 2/9 Bearish (p2_dma, p5 volz). Total confluence 5/10 (3 Bearish)."
2026-08-28T19:06:16.023406+00:00,2026-08-28 PM,TRX,Neutral,Bullish,Bullish,Bearish,Neutral,Bullish,Neutral,Bullish,Bullish,Neutral,5,1,none,"sentiment.py: flat interest (not rising), zero euphoria/capitulation -- fundamentals-led (400M accounts milestone, JustLendDAO liquid staking) and routine pullback TA, no clean crowd-extreme dominance. mech(p2-10) 5/9 Bullish, 1/9 Bearish (p4 rvol). Total confluence 5/10 -- consistent with the AM lapse (no re-arm)."
2026-08-28T19:06:16.023406+00:00,2026-08-28 PM,ZEC,Bullish,Bearish,Bullish,Neutral,Neutral,Bullish,Bullish,Bullish,Bullish,Neutral,6,1,none,"sentiment.py: flat interest, capitulation markers present ('buying max FUD as entry', 'refusing to fold') with zero offsetting euphoria -- fits capitulation-while-thesis-intact, contrarian Bullish. mech(p2-10) 5/9 Bullish, 1/9 Bearish (p2_dma). Total confluence 6/10 -- short of the 7/10 entry bar (permanent slot, not tradeable as a fresh entry sequence regardless)."
2026-08-28T19:06:16.023406+00:00,2026-08-28 PM,LINK,Bearish,Bearish,Bullish,Bullish,Neutral,Bullish,Bearish,Bullish,Bullish,Neutral,5,3,none,"sentiment.py: flat interest, dominant euphoria (boastful accumulation-bragging -- 'treasury buys quietest bullish signal', 'accumulation season real', '$LINK is king, haters waking up'), zero capitulation offset -- contrarian Bearish despite the fundamentals-flavored framing. mech(p2-10) 5/9 Bullish, 2/9 Bearish (p2_dma, p7_oi). Total confluence 5/10 (3 Bearish)."
2026-08-28T19:06:16.023406+00:00,2026-08-28 PM,ETHFI,Bearish,Bullish,Bullish,Neutral,Neutral,Bullish,Neutral,Bullish,Bullish,Neutral,5,1,none,"sentiment.py: flat interest, euphoria present (rocket-emoji price targets, buy-and-hold-for-2x calls), zero capitulation offset -- contrarian Bearish. mech(p2-10) 5/9 Bullish, 0/9 Bearish. Total confluence 5/10 (1 Bearish)."
2026-08-28T19:06:16.023406+00:00,2026-08-28 PM,CAKE,Bearish,Bullish,Bullish,Neutral,Neutral,Bullish,Neutral,Bullish,Bullish,Neutral,5,1,none,"sentiment.py: flat interest, euphoria present ($2.30 price target, 'pump is inevitable' framed around burn deflation), zero capitulation offset -- the wallet-theft/high-concentration red-flag mentions are unrelated security noise, not price-sentiment capitulation -- contrarian Bearish. mech(p2-10) 5/9 Bullish, 0/9 Bearish. Total confluence 5/10 (1 Bearish)."
2026-08-28T19:06:16.023406+00:00,2026-08-28 PM,PEPE,Neutral,Neutral,Bullish,Bullish,Neutral,Bullish,Neutral,Bullish,Bullish,Neutral,5,0,none,"sentiment.py: flat interest, low-engagement spam/signal-group chatter with only one thin 'sleeper hit' comment and one macro-blame post -- no clean crowd-extreme dominance either way. mech(p2-10) 5/9 Bullish, 0/9 Bearish. Total confluence 5/10."
2026-08-28T19:06:16.023406+00:00,2026-08-28 PM,DOGE,Neutral,Neutral,Bullish,Neutral,Neutral,Bullish,Bearish,Bullish,Bullish,Neutral,4,1,none,"mechanical count 4/9 Bullish (<5) -- p1 not fetched per Section 0 amendment, Neutral. No overrides."
2026-08-28T19:06:16.023406+00:00,2026-08-28 PM,ADA,Neutral,Neutral,Neutral,Bullish,Neutral,Bullish,Neutral,Bullish,Bullish,Neutral,4,0,none,"mechanical count 4/9 Bullish (<5) -- p1 not fetched per Section 0 amendment, Neutral. No overrides."
2026-08-28T19:06:16.023406+00:00,2026-08-28 PM,ENA,Neutral,Bearish,Neutral,Neutral,Bearish,Bullish,Bullish,Bullish,Bullish,Neutral,4,2,none,"mechanical count 4/9 Bullish (<5) -- p1 not fetched per Section 0 amendment, Neutral. No overrides."
2026-08-28T19:06:16.023406+00:00,2026-08-28 PM,BCH,Neutral,Neutral,Neutral,Bullish,Neutral,Bullish,Neutral,Bullish,Bullish,Neutral,4,0,none,"mechanical count 4/9 Bullish (<5) -- p1 not fetched per Section 0 amendment, Neutral. No overrides."
2026-08-28T19:06:16.023406+00:00,2026-08-28 PM,HBAR,Neutral,Neutral,Bullish,Neutral,Neutral,Bullish,Bearish,Bullish,Bullish,Neutral,4,1,none,"mechanical count 4/9 Bullish (<5) -- p1 not fetched per Section 0 amendment, Neutral. No overrides."
2026-08-28T19:06:16.023406+00:00,2026-08-28 PM,SHIB,Neutral,Neutral,Neutral,Neutral,Neutral,Bullish,Bearish,Bullish,Bullish,Neutral,3,1,none,"mechanical count 3/9 Bullish (<5) -- p1 not fetched per Section 0 amendment, Neutral. No overrides."
2026-08-28T19:06:16.023406+00:00,2026-08-28 PM,VIRTUAL,Neutral,Neutral,Neutral,Neutral,Neutral,Bullish,Neutral,Bullish,Bullish,Neutral,3,0,none,"mechanical count 3/9 Bullish (<5) -- p1 not fetched per Section 0 amendment, Neutral. No overrides."
2026-08-28T19:06:16.023406+00:00,2026-08-28 PM,ARB,Neutral,Neutral,Neutral,Bullish,Neutral,Bullish,Neutral,Bullish,Bullish,Neutral,4,0,none,"mechanical count 4/9 Bullish (<5) -- p1 not fetched per Section 0 amendment, Neutral. No overrides."
2026-08-28T19:06:16.023406+00:00,2026-08-28 PM,PYTH,Neutral,Neutral,Bullish,Neutral,Neutral,Bullish,Neutral,Bullish,Bullish,Neutral,4,0,none,"mechanical count 4/9 Bullish (<5) -- p1 not fetched per Section 0 amendment, Neutral. No overrides."
2026-08-28T19:06:16.023406+00:00,2026-08-28 PM,ASTER,Neutral,Neutral,Bullish,Bearish,Neutral,Bullish,Bearish,Bullish,Bullish,Neutral,4,2,none,"mechanical count 4/9 Bullish (<5) -- p1 not fetched per Section 0 amendment, Neutral. No overrides."
2026-08-28T19:06:16.023406+00:00,2026-08-28 PM,ICP,Neutral,Neutral,Neutral,Neutral,Neutral,Bullish,Neutral,Bullish,Bullish,Neutral,3,0,none,"mechanical count 3/9 Bullish (<5) -- p1 not fetched per Section 0 amendment, Neutral. No overrides."
2026-08-29T07:10:30.000000+00:00,2026-08-29 AM,MORPHO,Bullish,Bullish,Bullish,Bullish,Neutral,Bullish,Neutral,Bullish,Bullish,Neutral,7,0,held,"sentiment.py: rising interest, zero euphoria markers (Base USDC dominance, Coinbase routing, Robinhood listing framed factually), zero capitulation -- fits improving-interest-without-euphoria cleanly. mech(p2-10) 6/9 Bullish, 0/9 Bearish."
2026-08-29T07:10:30.000000+00:00,2026-08-29 AM,BTC,Neutral,Neutral,Bullish,Bullish,Neutral,Bullish,Bullish,Bullish,Bullish,Neutral,6,0,none,"sentiment.py: flat interest, zero euphoria/capitulation -- LTH-supply-holding narrative is factual/technical, no crowd-extreme read. mech(p2-10) 6/9 Bullish, 0/9 Bearish."
2026-08-29T07:10:30.000000+00:00,2026-08-29 AM,ETH,Neutral,Neutral,Bullish,Bullish,Neutral,Bullish,Bullish,Bullish,Bullish,Neutral,6,0,none,"sentiment.py: flat interest, zero euphoria/capitulation -- casual/meme chatter, no crowd-extreme read. mech(p2-10) 6/9 Bullish, 0/9 Bearish."
2026-08-29T07:10:30.000000+00:00,2026-08-29 AM,LINK,Neutral,Bullish,Bullish,Bullish,Neutral,Bullish,Bearish,Bullish,Bullish,Neutral,6,1,none,"sentiment.py: flat interest, zero euphoria/capitulation -- institutional/Schwab-integration narrative read as fundamentals-led, no crowd-extreme dominance (the 'ponzi scam' red-flag claim is an isolated unverified jab, not a sentiment extreme). mech(p2-10) 6/9 Bullish, 1/9 Bearish."
2026-08-29T07:10:30.000000+00:00,2026-08-29 AM,UNI,Bearish,Bullish,Bullish,Neutral,Neutral,Bullish,Bullish,Bullish,Bullish,Neutral,6,1,none,"sentiment.py: flat interest, dominant euphoria (price targets $5.50-$18, rocket emojis, whale-accumulation framing), zero capitulation offset -- contrarian Bearish. mech(p2-10) 6/9 Bullish, 0/9 Bearish."
2026-08-29T07:10:30.000000+00:00,2026-08-29 AM,AAVE,Bullish,Bullish,Bullish,Neutral,Neutral,Bullish,Neutral,Bullish,Bullish,Neutral,6,0,held,"sentiment.py: falling interest, zero euphoria, capitulation-flavored markers ($200M USDC outflow framed negatively, unverified past-hack/team-departure claims) with thesis otherwise intact -- fits capitulation-while-thesis-intact, contrarian Bullish. mech(p2-10) 5/9 Bullish, 0/9 Bearish."
2026-08-29T07:10:30.000000+00:00,2026-08-29 AM,JUP,Bearish,Bullish,Bullish,Bullish,Neutral,Bullish,Neutral,Bullish,Bullish,Neutral,6,1,none,"sentiment.py: flat interest, dominant euphoria (100-200% upside targets to $0.50, rocket emojis, 'explosive move'), zero capitulation offset -- contrarian Bearish. mech(p2-10) 6/9 Bullish, 0/9 Bearish."
2026-08-29T07:10:30.000000+00:00,2026-08-29 AM,TAO,Bearish,Neutral,Bullish,Bullish,Bearish,Bullish,Bullish,Bullish,Bullish,Neutral,6,2,none,"sentiment.py: flat interest, dominant euphoria (price targets $315-330, 'to the moon'/rocket framing, 'crazy vertical run' holding calls), zero capitulation offset -- contrarian Bearish. mech(p2-10) 6/9 Bullish, 1/9 Bearish."
2026-08-29T07:10:30.000000+00:00,2026-08-29 AM,XRP,Neutral,Neutral,Bullish,Bullish,Neutral,Bullish,Neutral,Bullish,Bullish,Neutral,5,0,none,"sentiment.py: flat interest, zero euphoria/capitulation -- sparse, mostly off-topic chatter, no crowd-extreme read. mech(p2-10) 5/9 Bullish, 0/9 Bearish."
2026-08-29T07:10:30.000000+00:00,2026-08-29 AM,TRX,Neutral,Bullish,Bullish,Bearish,Neutral,Bullish,Neutral,Bullish,Bullish,Neutral,5,1,none,"sentiment.py: flat interest (not improving), zero clean euphoria, one weak/ambiguous capitulation-adjacent marker (Justin Sun personal-news framing, not price despair) -- fundamentals-led narrative (Q2 metrics, DeFi yields) doesn't fit either branch cleanly since interest isn't improving. mech(p2-10) 5/9 Bullish, 1/9 Bearish."
2026-08-29T07:10:30.000000+00:00,2026-08-29 AM,ETHFI,Neutral,Bullish,Bullish,Neutral,Neutral,Bullish,Neutral,Bullish,Bullish,Neutral,5,0,none,"sentiment.py: flat interest, genuinely mixed -- euphoria (breakout confirmations, rocket emojis) offset by capitulation-flavored technical chatter (bearish setups, EMA rejection, downside moves) -- no clean crowd-extreme dominance. mech(p2-10) 5/9 Bullish, 0/9 Bearish."
2026-08-29T07:10:30.000000+00:00,2026-08-29 AM,CAKE,Neutral,Bullish,Bullish,Neutral,Neutral,Bullish,Neutral,Bullish,Bullish,Neutral,5,0,none,"sentiment.py: flat interest, zero euphoria/capitulation -- official burn/ecosystem updates read as factual, no crowd-extreme dominance. mech(p2-10) 5/9 Bullish, 0/9 Bearish."
2026-08-29T07:10:30.000000+00:00,2026-08-29 AM,PEPE,Bearish,Neutral,Bullish,Bullish,Neutral,Bullish,Neutral,Bullish,Bullish,Neutral,5,1,none,"sentiment.py: flat interest, dominant euphoria (price targets $0.0019/$0.008, 'about to leap', 'big wallets aping in'), zero capitulation offset -- contrarian Bearish. mech(p2-10) 5/9 Bullish, 0/9 Bearish."
2026-08-29T07:10:30.000000+00:00,2026-08-29 AM,PYTH,Neutral,Neutral,Bullish,Bullish,Neutral,Bullish,Neutral,Bullish,Bullish,Neutral,5,0,none,"sentiment.py: flat interest, thin/weak promotional euphoria markers (community-voting-campaign hype, rocket emoji) rather than price-target euphoria, zero capitulation -- no clean crowd-extreme dominance, consistent with the prior checkpoint's thin-marker read. mech(p2-10) 5/9 Bullish, 0/9 Bearish."
2026-08-29T07:10:30.000000+00:00,2026-08-29 AM,ASTER,Neutral,Neutral,Bullish,Neutral,Neutral,Bullish,Bullish,Bullish,Bullish,Neutral,5,0,none,"sentiment.py: flat interest, zero euphoria/capitulation -- accumulation/holding chatter and one short-setup mention, no clean crowd-extreme dominance. mech(p2-10) 5/9 Bullish, 0/9 Bearish."
2026-08-29T07:10:30.000000+00:00,2026-08-29 AM,ICP,Neutral,Neutral,Bullish,Bullish,Neutral,Bullish,Neutral,Bullish,Bullish,Neutral,5,0,none,"sentiment.py: flat interest, zero price euphoria/capitulation -- narrative is FUD-vs-defense community bickering over utility, not a price-sentiment crowd extreme. mech(p2-10) 5/9 Bullish, 0/9 Bearish."
2026-08-29T07:10:30.000000+00:00,2026-08-29 AM,BNB,Neutral,Neutral,Bullish,Neutral,Neutral,Bullish,Bearish,Bullish,Bullish,Neutral,4,1,none,"mechanical count 4/9 Bullish (<5) -- p1 not fetched per Section 0 amendment, Neutral. No overrides."
2026-08-29T07:10:30.000000+00:00,2026-08-29 AM,SOL,Neutral,Bearish,Neutral,Neutral,Neutral,Bullish,Bullish,Bullish,Bullish,Neutral,4,1,none,"mechanical count 4/9 Bullish (<5) -- p1 not fetched per Section 0 amendment, Neutral. No overrides."
2026-08-29T07:10:30.000000+00:00,2026-08-29 AM,DOGE,Neutral,Neutral,Bullish,Neutral,Neutral,Bullish,Neutral,Bullish,Bullish,Neutral,4,0,none,"mechanical count 4/9 Bullish (<5) -- p1 not fetched per Section 0 amendment, Neutral. No overrides."
2026-08-29T07:10:30.000000+00:00,2026-08-29 AM,ZEC,Neutral,Bearish,Neutral,Bullish,Neutral,Bullish,Neutral,Bullish,Bullish,Neutral,4,1,none,"mechanical count 4/9 Bullish (<5) -- p1 not fetched per Section 0 amendment, Neutral. No overrides."
2026-08-29T07:10:30.000000+00:00,2026-08-29 AM,ADA,Neutral,Neutral,Neutral,Bullish,Neutral,Bullish,Neutral,Bullish,Bullish,Neutral,4,0,none,"mechanical count 4/9 Bullish (<5) -- p1 not fetched per Section 0 amendment, Neutral. No overrides."
2026-08-29T07:10:30.000000+00:00,2026-08-29 AM,ENA,Neutral,Bearish,Neutral,Neutral,Neutral,Bullish,Bullish,Bullish,Bullish,Neutral,4,1,none,"mechanical count 4/9 Bullish (<5) -- p1 not fetched per Section 0 amendment, Neutral. No overrides."
2026-08-29T07:10:30.000000+00:00,2026-08-29 AM,BCH,Neutral,Neutral,Neutral,Bullish,Neutral,Bullish,Neutral,Bullish,Bullish,Neutral,4,0,none,"mechanical count 4/9 Bullish (<5) -- p1 not fetched per Section 0 amendment, Neutral. No overrides."
2026-08-29T07:10:30.000000+00:00,2026-08-29 AM,XLM,Neutral,Bullish,Neutral,Neutral,Neutral,Bullish,Neutral,Bullish,Bullish,Neutral,4,0,held,"sentiment.py: interest flat, genuinely mixed -- euphoria (parabolic pump predictions, bullish chart flips, XRP-tied pumper calls) offset by real capitulation markers (13.5% crash mentions, support under siege at $0.18, resistance struggles at $0.19) -- no clean crowd-extreme dominance either way. mech(p2-10) 4/9 Bullish, 0/9 Bearish."
2026-08-29T07:10:30.000000+00:00,2026-08-29 AM,HBAR,Neutral,Neutral,Bullish,Neutral,Neutral,Bullish,Neutral,Bullish,Bullish,Neutral,4,0,none,"mechanical count 4/9 Bullish (<5) -- p1 not fetched per Section 0 amendment, Neutral. No overrides."
2026-08-29T07:10:30.000000+00:00,2026-08-29 AM,SHIB,Neutral,Neutral,Neutral,Bullish,Neutral,Bullish,Neutral,Bullish,Bullish,Neutral,4,0,none,"mechanical count 4/9 Bullish (<5) -- p1 not fetched per Section 0 amendment, Neutral. No overrides."
2026-08-29T07:10:30.000000+00:00,2026-08-29 AM,POL,Neutral,Bearish,Bullish,Neutral,Neutral,Bullish,Neutral,Bullish,Bullish,Neutral,4,1,none,"mechanical count 4/9 Bullish (<5) -- p1 not fetched per Section 0 amendment, Neutral. No overrides."
2026-08-29T07:10:30.000000+00:00,2026-08-29 AM,VIRTUAL,Neutral,Neutral,Bullish,Neutral,Neutral,Bullish,Bearish,Bullish,Bullish,Neutral,4,1,none,"mechanical count 4/9 Bullish (<5) -- p1 not fetched per Section 0 amendment, Neutral. No overrides."
2026-08-29T07:10:30.000000+00:00,2026-08-29 AM,ARB,Neutral,Neutral,Neutral,Bullish,Neutral,Bullish,Neutral,Bullish,Bullish,Neutral,4,0,none,"mechanical count 4/9 Bullish (<5) -- p1 not fetched per Section 0 amendment, Neutral. No overrides."
2026-08-29T07:10:30.000000+00:00,2026-08-29 AM,ONDO,Neutral,Neutral,Neutral,Neutral,Neutral,Bullish,Neutral,Bullish,Bullish,Neutral,3,0,held,"sentiment.py: flat interest, zero euphoria/capitulation -- sparse TradFi-hire/tokenization chatter, one isolated 'hoping for recovery' plea, no clean crowd-extreme read. mech(p2-10) 3/9 Bullish, 0/9 Bearish."
2026-08-29T19:10:53.350016+00:00,2026-08-29 PM,BTC,Neutral,Neutral,Neutral,Bullish,Neutral,Bullish,Bullish,Bullish,Bullish,Neutral,5,0,none,"sentiment.py: interest rising, mild optimism/greed-index chatter (F&G 71-73, '78% bullish') without price-target mania or euphoric excess, zero capitulation -- rising interest with only mild, data-referencing optimism doesn't cleanly fit either the 'without euphoria' Bullish branch or a genuine euphoria/mania Bearish branch -- Neutral. mech(p2-10) 5/9 Bullish, 0/9 Bearish."
2026-08-29T19:10:53.350016+00:00,2026-08-29 PM,ETH,Neutral,Neutral,Neutral,Bullish,Neutral,Bullish,Neutral,Bullish,Bullish,Neutral,4,0,none,"mechanical count <5 Bullish -- p1 not fetched per Section 0 amendment, Neutral. No overrides."
2026-08-29T19:10:53.350016+00:00,2026-08-29 PM,BNB,Neutral,Neutral,Bullish,Neutral,Neutral,Bullish,Neutral,Bullish,Bullish,Neutral,4,0,none,"mechanical count <5 Bullish -- p1 not fetched per Section 0 amendment, Neutral. No overrides."
2026-08-29T19:10:53.350016+00:00,2026-08-29 PM,XRP,Neutral,Neutral,Bullish,Bullish,Neutral,Bullish,Neutral,Bullish,Bullish,Neutral,5,0,none,"sentiment.py: flat interest, genuinely mixed -- euphoria ($50k targets, 'trillions flowing in') offset by real capitulation/cynicism markers ('manipulated since inception', 'always cheap') -- no clean crowd-extreme dominance. mech(p2-10) 5/9 Bullish, 0/9 Bearish."
2026-08-29T19:10:53.350016+00:00,2026-08-29 PM,SOL,Neutral,Bearish,Bearish,Neutral,Neutral,Bullish,Bullish,Bullish,Bullish,Neutral,4,2,none,"mechanical count <5 Bullish -- p1 not fetched per Section 0 amendment, Neutral. No overrides."
2026-08-29T19:10:53.350016+00:00,2026-08-29 PM,TRX,Neutral,Bullish,Bullish,Bearish,Neutral,Bullish,Neutral,Bullish,Bullish,Neutral,5,1,none,"sentiment.py: flat interest (not improving), weak/tangential euphoria (mostly hype on an unrelated TRX-chain meme token, not TRX itself), zero capitulation -- dominant narrative is fundamentals-led (Q2 stablecoin/volume metrics), doesn't fit either branch cleanly. mech(p2-10) 5/9 Bullish, 1/9 Bearish."
2026-08-29T19:10:53.350016+00:00,2026-08-29 PM,DOGE,Neutral,Neutral,Bullish,Neutral,Neutral,Bullish,Neutral,Bullish,Bullish,Neutral,4,0,none,"mechanical count <5 Bullish -- p1 not fetched per Section 0 amendment, Neutral. No overrides."
2026-08-29T19:10:53.350016+00:00,2026-08-29 PM,ZEC,Neutral,Bearish,Neutral,Neutral,Neutral,Neutral,Bullish,Bullish,Bullish,Neutral,3,1,none,"mechanical count <5 Bullish -- p1 not fetched per Section 0 amendment, Neutral. No overrides."
2026-08-29T19:10:53.350016+00:00,2026-08-29 PM,ADA,Neutral,Neutral,Neutral,Bullish,Neutral,Bullish,Neutral,Bullish,Bullish,Neutral,4,0,none,"mechanical count <5 Bullish -- p1 not fetched per Section 0 amendment, Neutral. No overrides."
2026-08-29T19:10:53.350016+00:00,2026-08-29 PM,LINK,Neutral,Bearish,Bullish,Bullish,Neutral,Bullish,Neutral,Bullish,Bullish,Neutral,5,1,none,"sentiment.py: flat interest, zero euphoria/capitulation -- technical-setup and institutional-tokenization chatter, no crowd-extreme read. mech(p2-10) 5/9 Bullish, 1/9 Bearish."
2026-08-29T19:10:53.350016+00:00,2026-08-29 PM,UNI,Bearish,Bullish,Bullish,Neutral,Neutral,Bullish,Bullish,Bullish,Bullish,Neutral,6,1,none,"sentiment.py: interest rising, dominant euphoria (price targets $8-19, rocket emojis, whale-accumulation framing, '+330% potential'), zero capitulation offset -- rising interest plus one-sided euphoria is the textbook 'everyone's in' pattern -- contrarian Bearish. mech(p2-10) 6/9 Bullish, 0/9 Bearish."
2026-08-29T19:10:53.350016+00:00,2026-08-29 PM,AAVE,Neutral,Bearish,Bullish,Neutral,Neutral,Bullish,Neutral,Bullish,Bullish,Neutral,4,1,none,"mechanical count <5 Bullish -- p1 not fetched per Section 0 amendment, Neutral. No overrides."
2026-08-29T19:10:53.350016+00:00,2026-08-29 PM,ENA,Neutral,Bearish,Bullish,Neutral,Neutral,Bullish,Bearish,Bullish,Bullish,Neutral,4,2,none,"mechanical count <5 Bullish -- p1 not fetched per Section 0 amendment, Neutral. No overrides."
2026-08-29T19:10:53.350016+00:00,2026-08-29 PM,MORPHO,Neutral,Bullish,Bullish,Bullish,Neutral,Bullish,Neutral,Bullish,Bullish,Neutral,6,0,held,"sentiment.py: interest falling, zero euphoria, zero capitulation -- narrative is purely factual/institutional (Base USDC dominance, Coinbase routing, Robinhood Earn vault) with no crowd-extreme dominance either way; falling interest alone (without a deteriorating narrative) doesn't fit the Bearish branch, and falling (not improving) interest doesn't fit the Bullish branch -- Neutral. mech(p2-10) 6/9 Bullish, 0/9 Bearish."
2026-08-29T19:10:53.350016+00:00,2026-08-29 PM,ONDO,Neutral,Neutral,Neutral,Neutral,Neutral,Bullish,Neutral,Bullish,Bullish,Neutral,3,0,none,"mechanical count <5 Bullish -- p1 not fetched per Section 0 amendment, Neutral. No overrides."
2026-08-29T19:10:53.350016+00:00,2026-08-29 PM,ETHFI,Neutral,Bullish,Bullish,Neutral,Neutral,Bullish,Neutral,Bullish,Bullish,Neutral,5,0,none,"sentiment.py: flat interest, genuinely mixed -- euphoria (pump/breakout chatter, strong-gains brags) offset by capitulation-flavored commentary ('alts in sell mode', cautious outlook) -- no clean crowd-extreme dominance. mech(p2-10) 5/9 Bullish, 0/9 Bearish."
2026-08-29T19:10:53.350016+00:00,2026-08-29 PM,CAKE,Neutral,Bullish,Bullish,Neutral,Neutral,Bullish,Neutral,Bullish,Bullish,Neutral,5,0,none,"sentiment.py: data-quality flag -- fetched posts are overwhelmingly about an unrelated Solana memecoin sharing the $CAKE ticker (5000%+ 5m moves, sub-$1M mcap), not PancakeSwap CAKE (the watchlist ticker). Treating as no usable signal -- Neutral, not fabricated. mech(p2-10) 5/9 Bullish, 0/9 Bearish."
2026-08-29T19:10:53.350016+00:00,2026-08-29 PM,JUP,Neutral,Bullish,Bullish,Bullish,Neutral,Bullish,Bullish,Bullish,Bullish,Neutral,7,0,armed,"sentiment.py: interest flat, genuinely mixed -- real euphoria (generational-buy calls, 'send higher', rocket emojis) offset by a real capitulation/red-flag narrative (unverified VC-OTC-dump claims, 'stop buying, let them bleed out') -- no clean crowd-extreme dominance. mech(p2-10) 7/9 Bullish, 0/9 Bearish -- strongest mechanical read on the board this checkpoint."
2026-08-29T19:10:53.350016+00:00,2026-08-29 PM,BCH,Neutral,Neutral,Neutral,Bullish,Neutral,Bullish,Neutral,Bullish,Bullish,Neutral,4,0,none,"mechanical count <5 Bullish -- p1 not fetched per Section 0 amendment, Neutral. No overrides."
2026-08-29T19:10:53.350016+00:00,2026-08-29 PM,XLM,Neutral,Bullish,Neutral,Neutral,Neutral,Bullish,Bearish,Bullish,Bullish,Neutral,4,1,held,"sentiment.py: interest flat, genuinely mixed -- weak euphoria (price-target mentions, double-bottom/bull-support-reclaim calls) offset by real capitulation markers (13.5% crash reports, support testing at $0.1874) -- no clean crowd-extreme dominance, consistent with the recurring mixed read on this coin. mech(p2-10) 4/9 Bullish, 1/9 Bearish (p7_oi Bearish: OI 24h +1.0%/7d +3.3% both positive but 24h price -0.06%, fits 'OI rising + price falling' narrowly -- noted as a marginal/near-flat read, not overridden)."
2026-08-29T19:10:53.350016+00:00,2026-08-29 PM,HBAR,Neutral,Neutral,Bullish,Neutral,Neutral,Bullish,Neutral,Bullish,Bullish,Neutral,4,0,none,"mechanical count <5 Bullish -- p1 not fetched per Section 0 amendment, Neutral. No overrides."
2026-08-29T19:10:53.350016+00:00,2026-08-29 PM,SHIB,Neutral,Neutral,Neutral,Bullish,Neutral,Bullish,Bearish,Bullish,Bullish,Neutral,4,1,none,"mechanical count <5 Bullish -- p1 not fetched per Section 0 amendment, Neutral. No overrides."
2026-08-29T19:10:53.350016+00:00,2026-08-29 PM,PEPE,Neutral,Neutral,Bullish,Bullish,Neutral,Bullish,Neutral,Bullish,Bullish,Neutral,5,0,none,"sentiment.py: flat interest, genuinely mixed -- euphoria (10x/100x mentions, rocket emojis, mostly on related/adjacent tokens) offset by real capitulation language ('late longs trapped', 'wallets trim into strength') -- no clean crowd-extreme dominance. mech(p2-10) 5/9 Bullish, 0/9 Bearish."
2026-08-29T19:10:53.350016+00:00,2026-08-29 PM,TAO,Neutral,Neutral,Bullish,Bullish,Neutral,Bullish,Bullish,Bullish,Bullish,Neutral,6,0,none,"sentiment.py: flat interest, zero euphoria/capitulation -- pure technical/subnet-mechanics chatter (burn rates, exchange outflow alerts), no crowd-extreme read. mech(p2-10) 6/9 Bullish, 0/9 Bearish."
2026-08-29T19:10:53.350016+00:00,2026-08-29 PM,POL,Neutral,Neutral,Bullish,Neutral,Neutral,Bullish,Bearish,Bullish,Bullish,Neutral,4,1,none,"mechanical count <5 Bullish -- p1 not fetched per Section 0 amendment, Neutral. No overrides."
2026-08-29T19:10:53.350016+00:00,2026-08-29 PM,VIRTUAL,Neutral,Neutral,Bullish,Neutral,Neutral,Bullish,Bullish,Bullish,Bullish,Neutral,5,0,none,"sentiment.py: flat interest, zero euphoria/capitulation -- pure technical-level and shorting chatter, no crowd-extreme read. mech(p2-10) 5/9 Bullish, 0/9 Bearish."
2026-08-29T19:10:53.350016+00:00,2026-08-29 PM,ARB,Neutral,Neutral,Neutral,Bullish,Neutral,Bullish,Neutral,Bullish,Bullish,Neutral,4,0,none,"mechanical count <5 Bullish -- p1 not fetched per Section 0 amendment, Neutral. No overrides."
2026-08-29T19:10:53.350016+00:00,2026-08-29 PM,PYTH,Neutral,Neutral,Bullish,Bullish,Neutral,Bullish,Neutral,Bullish,Bullish,Neutral,5,0,none,"sentiment.py: flat interest, zero euphoria/capitulation -- sparse, low-signal chatter, no crowd-extreme read. mech(p2-10) 5/9 Bullish, 0/9 Bearish."
2026-08-29T19:10:53.350016+00:00,2026-08-29 PM,ASTER,Bearish,Neutral,Bullish,Neutral,Neutral,Bullish,Bullish,Bullish,Bullish,Neutral,5,1,none,"sentiment.py: falling interest, zero euphoria, dominant skeptical/deteriorating narrative ('scam token', 'liquidity trap', short-setup framing) -- falling interest plus a deteriorating narrative fits the Bearish branch directly. mech(p2-10) 5/9 Bullish, 0/9 Bearish."
2026-08-29T19:10:53.350016+00:00,2026-08-29 PM,ICP,Neutral,Neutral,Bullish,Neutral,Neutral,Bullish,Bullish,Bullish,Bullish,Neutral,5,0,none,"sentiment.py: flat interest, zero euphoria/capitulation -- vague hype ('something big coming') without price-target mania, mixed with FUD-vs-defense bickering over utility, no clean crowd-extreme read. mech(p2-10) 5/9 Bullish, 0/9 Bearish."
2026-08-30T07:11:30Z,2026-08-30 AM,BTC,Neutral,Neutral,Neutral,Bullish,Neutral,Bullish,Bullish,Bullish,Bullish,Neutral,5,0,none,"sentiment.py: interest flat, mild optimism referencing real data (78% bullish poll at ~80k, F&G 73 greed) alongside an explicit self-aware caution about extreme greed -- data-referencing sentiment with its own built-in hedge, not one-sided mania. mech(p2-10) 5/9 Bullish, 0/9 Bearish."
2026-08-30T07:11:30Z,2026-08-30 AM,ETH,Neutral,Neutral,Neutral,Bullish,Neutral,Bullish,Bearish,Bullish,Bullish,Neutral,4,1,none,"mechanical count 4/9 Bullish (<5) -- p1 not fetched per Section 0 amendment, Neutral. No overrides."
2026-08-30T07:11:30Z,2026-08-30 AM,BNB,Neutral,Neutral,Bullish,Neutral,Neutral,Bullish,Neutral,Bullish,Bullish,Neutral,4,0,none,"mechanical count 4/9 Bullish (<5) -- p1 not fetched per Section 0 amendment, Neutral. No overrides."
2026-08-30T07:11:30Z,2026-08-30 AM,XRP,Neutral,Neutral,Bullish,Bullish,Neutral,Bullish,Neutral,Bullish,Bullish,Neutral,5,0,none,"sentiment.py: interest flat, mild euphoria markers (ETF inflow highlights, trading-target posts) referencing real flow data ($110M+ weekly) rather than price-target mania, zero capitulation -- doesn't cleanly fit either branch. mech(p2-10) 5/9 Bullish, 0/9 Bearish."
2026-08-30T07:11:30Z,2026-08-30 AM,SOL,Neutral,Bearish,Neutral,Neutral,Neutral,Bullish,Bullish,Bullish,Bullish,Neutral,4,1,none,"mechanical count 4/9 Bullish (<5) -- p1 not fetched per Section 0 amendment, Neutral. No overrides."
2026-08-30T07:11:30Z,2026-08-30 AM,TRX,Neutral,Bullish,Bullish,Bearish,Neutral,Bullish,Neutral,Bullish,Bullish,Neutral,5,1,none,"sentiment.py: interest falling, zero euphoria/capitulation -- sparse community-vote and staking-utility chatter, fundamentals-led, doesn't fit either branch cleanly. mech(p2-10) 5/9 Bullish, 1/9 Bearish."
2026-08-30T07:11:30Z,2026-08-30 AM,DOGE,Neutral,Neutral,Bullish,Neutral,Neutral,Bullish,Neutral,Bullish,Bullish,Neutral,4,0,none,"mechanical count 4/9 Bullish (<5) -- p1 not fetched per Section 0 amendment, Neutral. No overrides."
2026-08-30T07:11:30Z,2026-08-30 AM,ZEC,Neutral,Bearish,Neutral,Bullish,Neutral,Bullish,Bearish,Bullish,Bullish,Neutral,4,2,none,"mechanical count 4/9 Bullish (<5) -- p1 not fetched per Section 0 amendment, Neutral. No overrides."
2026-08-30T07:11:30Z,2026-08-30 AM,ADA,Neutral,Neutral,Neutral,Bullish,Neutral,Bullish,Neutral,Bullish,Bullish,Neutral,4,0,none,"mechanical count 4/9 Bullish (<5) -- p1 not fetched per Section 0 amendment, Neutral. No overrides."
2026-08-30T07:11:30Z,2026-08-30 AM,LINK,Neutral,Bullish,Bullish,Bullish,Neutral,Bullish,Neutral,Bullish,Bullish,Neutral,6,0,none,"sentiment.py: interest falling, zero euphoria/capitulation -- scattered institutional-adoption mentions (Schwab platform listing) and low-signal spam, no crowd-extreme dominance. mech(p2-10) 6/9 Bullish, 0/9 Bearish -- strongest mechanical read on the board this checkpoint."
2026-08-30T07:11:30Z,2026-08-30 AM,UNI,Bearish,Bearish,Bullish,Neutral,Neutral,Bullish,Bullish,Bullish,Bullish,Neutral,5,2,none,"sentiment.py: interest flat but dominant one-sided euphoria (whale-accumulation framing, $5.20-5.50 near-term and $50-120 long-horizon price targets, rocket emojis, 'asymmetric trade' calls), zero capitulation offset -- textbook 'everyone's in' pattern even without a rising-interest trend -- contrarian Bearish. mech(p2-10) 5/9 Bullish, 1/9 Bearish."
2026-08-30T07:11:30Z,2026-08-30 AM,AAVE,Neutral,Bearish,Bullish,Bullish,Neutral,Bullish,Neutral,Bullish,Bullish,Neutral,5,1,none,"sentiment.py: interest flat, zero flagged euphoria/capitulation markers -- narrative includes a bullish 'generational buy' thesis but the model didn't surface price-target mania or rocket-emoji markers, and no capitulation either -- no clean crowd-extreme read. mech(p2-10) 5/9 Bullish, 1/9 Bearish."
2026-08-30T07:11:30Z,2026-08-30 AM,ENA,Neutral,Bearish,Neutral,Neutral,Neutral,Bullish,Bearish,Bullish,Bullish,Neutral,3,2,none,"mechanical count 3/9 Bullish (<5) -- p1 not fetched per Section 0 amendment, Neutral. No overrides."
2026-08-30T07:11:30Z,2026-08-30 AM,MORPHO,Neutral,Bullish,Bullish,Bullish,Neutral,Bullish,Bearish,Bullish,Bullish,Neutral,6,1,held,"sentiment.py: interest flat, zero euphoria/capitulation -- narrative purely technical/factual (Robinhood listing, support-level chart calls), no crowd-extreme read either way. mech(p2-10) 6/9 Bullish, 1/9 Bearish (p7_oi Bearish on the 7d price-down/OI-up divergence -- 24h price+OI both up, so this reads as a 7d-window-driven flag; noted, not overridden, mechanical evidence is genuinely mixed across windows)."
2026-08-30T07:11:30Z,2026-08-30 AM,ONDO,Neutral,Neutral,Neutral,Bullish,Neutral,Bullish,Bearish,Bullish,Bullish,Neutral,4,1,none,"mechanical count 4/9 Bullish (<5) -- p1 not fetched per Section 0 amendment, Neutral. No overrides."
2026-08-30T07:11:30Z,2026-08-30 AM,ETHFI,Neutral,Bullish,Bullish,Neutral,Neutral,Bullish,Neutral,Bullish,Bullish,Neutral,5,0,none,"sentiment.py: interest flat, zero flagged euphoria/capitulation -- trader position-sharing and a restaking-ecosystem vesting-vote reminder, mixed with one bearish technical call (EMA rejection) -- no crowd-extreme read. mech(p2-10) 5/9 Bullish, 0/9 Bearish."
2026-08-30T07:11:30Z,2026-08-30 AM,CAKE,Neutral,Bullish,Bullish,Bullish,Neutral,Bullish,Bearish,Bullish,Bullish,Neutral,6,1,none,"sentiment.py: interest flat, zero euphoria/capitulation -- narrative is on-topic PancakeSwap fundamentals this run (burns, volume-share stats, new pool), resolving the PM 08-29 ticker-collision data-quality flag (LESSONS.md #12) with a clean fetch. No crowd-extreme read. mech(p2-10) 6/9 Bullish, 1/9 Bearish."
2026-08-30T07:11:30Z,2026-08-30 AM,JUP,Bearish,Bullish,Bullish,Neutral,Neutral,Bullish,Bearish,Bullish,Bullish,Neutral,5,2,none,"sentiment.py: interest flat, dominant euphoria stack ($4-8 and $10 price targets, 'HIGHERRRRRRRR' rocket-emoji hype, 'pump like a maniac', ETF-inflow-driven 4.5x-beta framing) offset only by a single unverified 'dump scam token' accusation -- a skepticism/red-flag claim, not genuine capitulation -- net one-sided euphoria, contrarian Bearish. mech(p2-10) dropped sharply to 5/9 Bullish, 1/9 Bearish (from PM 08-29's 7/9) -- the PM 08-29 arming lapses on non-confirmation regardless of this p1 call."
2026-08-30T07:11:30Z,2026-08-30 AM,BCH,Neutral,Neutral,Neutral,Bullish,Neutral,Bullish,Bearish,Bullish,Bullish,Neutral,4,1,none,"mechanical count 4/9 Bullish (<5) -- p1 not fetched per Section 0 amendment, Neutral. No overrides."
2026-08-30T07:11:30Z,2026-08-30 AM,XLM,Bearish,Bullish,Neutral,Neutral,Neutral,Bullish,Neutral,Bullish,Bullish,Neutral,4,1,held,"sentiment.py: interest rising, one real euphoria marker (40% pump/XRP-flip speculation with rocket emoji; the $0.07 'bottom' target reads as cautious framing, not mania) -- zero capitulation markers this run (a shift from the prior two checkpoints' genuinely mixed reads). Rising interest + euphoria with no capitulation offset fits the Bearish 'everyone's in' branch -- contrarian Bearish. mech(p2-10) 4/9 Bullish, 0/9 Bearish."
2026-08-30T07:11:30Z,2026-08-30 AM,HBAR,Neutral,Neutral,Bullish,Bullish,Neutral,Bullish,Neutral,Bullish,Bullish,Neutral,5,0,none,"sentiment.py: interest flat, genuinely mixed -- euphoria (price targets, 100k-HBAR accumulation calls) offset by real capitulation/skepticism ('shit tokenomics', 'dead project walking') -- no clean crowd-extreme dominance. mech(p2-10) 5/9 Bullish, 0/9 Bearish."
2026-08-30T07:11:30Z,2026-08-30 AM,SHIB,Neutral,Neutral,Neutral,Bullish,Neutral,Bullish,Bearish,Bullish,Bullish,Neutral,4,1,none,"mechanical count 4/9 Bullish (<5) -- p1 not fetched per Section 0 amendment, Neutral. No overrides."
2026-08-30T07:11:30Z,2026-08-30 AM,PEPE,Neutral,Neutral,Bullish,Bullish,Neutral,Bullish,Neutral,Bullish,Bullish,Neutral,5,0,none,"sentiment.py: interest flat, genuinely mixed -- euphoria (supercycle price targets, 4chan-hype framing) offset by real capitulation language ('late longs trapped', 'wallets trimming', 'bounce fading') -- no clean crowd-extreme dominance. mech(p2-10) 5/9 Bullish, 0/9 Bearish."
2026-08-30T07:11:30Z,2026-08-30 AM,TAO,Bearish,Neutral,Bullish,Neutral,Neutral,Bullish,Bullish,Bullish,Bullish,Neutral,5,1,none,"sentiment.py: interest flat, genuine FOMO/euphoria markers ($1500-by-2027 target, 'deployed 100% net worth... all-in' language), zero capitulation offset -- one-sided euphoria, contrarian Bearish. mech(p2-10) 5/9 Bullish, 0/9 Bearish."
2026-08-30T07:11:30Z,2026-08-30 AM,POL,Neutral,Neutral,Bullish,Neutral,Neutral,Bullish,Bearish,Bullish,Bullish,Neutral,4,1,none,"mechanical count 4/9 Bullish (<5) -- p1 not fetched per Section 0 amendment, Neutral. No overrides."
2026-08-30T07:11:30Z,2026-08-30 AM,VIRTUAL,Neutral,Neutral,Bullish,Neutral,Neutral,Bullish,Bearish,Bullish,Bullish,Neutral,4,1,none,"mechanical count 4/9 Bullish (<5) -- p1 not fetched per Section 0 amendment, Neutral. No overrides."
2026-08-30T07:11:30Z,2026-08-30 AM,ARB,Neutral,Neutral,Neutral,Bullish,Neutral,Bullish,Neutral,Bullish,Bullish,Neutral,4,0,none,"mechanical count 4/9 Bullish (<5) -- p1 not fetched per Section 0 amendment, Neutral. No overrides."
2026-08-30T07:11:30Z,2026-08-30 AM,PYTH,Neutral,Neutral,Bullish,Bullish,Neutral,Bullish,Neutral,Bullish,Bullish,Neutral,5,0,none,"sentiment.py: interest flat, zero euphoria/capitulation -- technical/adoption-stat chatter (94% market-share claim, protocol architecture discussion), no crowd-extreme read. mech(p2-10) 5/9 Bullish, 0/9 Bearish."
2026-08-30T07:11:30Z,2026-08-30 AM,ASTER,Neutral,Neutral,Bullish,Neutral,Neutral,Bullish,Bullish,Bullish,Bullish,Neutral,5,0,none,"sentiment.py: interest flat, mild promotional hype ('momentum building', 'monster in the making') from a small dedicated buyback-tracking community, zero capitulation, no price-target mania or market-wide crowd-extreme markers -- reads as routine community engagement, not euphoria. mech(p2-10) 5/9 Bullish, 0/9 Bearish."
2026-08-30T07:11:30Z,2026-08-30 AM,ICP,Bearish,Neutral,Bullish,Bullish,Neutral,Bullish,Bearish,Bullish,Bullish,Neutral,5,2,none,"sentiment.py: interest flat, euphoria markers ($50-$1000 price targets, rocket emojis in trending lists, 'ridiculously early' framing) offset only by scam accusations from critics -- skepticism, not capitulation -- net one-sided euphoria, contrarian Bearish. mech(p2-10) 5/9 Bullish, 1/9 Bearish."
2026-08-30T19:10:00Z,2026-08-30 PM,BTC,Neutral,Neutral,Neutral,Bullish,Neutral,Bullish,Bullish,Bullish,Bullish,Neutral,5,0,none,"sentiment.py: interest flat, mixed euphoria (hopes for a push above 80k) offset by explicit extreme-greed caution / better-buying-opportunity calls -- self-aware hedge, not one-sided mania, consistent with AM's pattern. mech(p2-10) 5/9 Bullish, 0/9 Bearish."
2026-08-30T19:10:00Z,2026-08-30 PM,ETH,Neutral,Neutral,Neutral,Bullish,Neutral,Bullish,Bullish,Bullish,Bullish,Neutral,5,0,none,"sentiment.py: interest falling, zero euphoria/capitulation -- sparse technical/faucet/OFAC-tool chatter, no crowd-extreme read. mech(p2-10) 5/9 Bullish, 0/9 Bearish."
2026-08-30T19:10:00Z,2026-08-30 PM,BNB,Neutral,Neutral,Neutral,Neutral,Neutral,Bullish,Neutral,Bullish,Bullish,Neutral,3,0,none,"mechanical count <5 Bullish -- p1 not fetched per Section 0 amendment, Neutral. No overrides."
2026-08-30T19:10:00Z,2026-08-30 PM,XRP,Bearish,Neutral,Bullish,Bullish,Neutral,Bullish,Neutral,Bullish,Bullish,Neutral,5,1,none,"sentiment.py: interest flat, dominant one-sided euphoria ($170k targets, rocket emojis, 'millionaire in 10 years' framing, BlackRock ETF rumors) offset only by one 'about to crash HARD' outlier -- not genuine capitulation -- net one-sided mania, contrarian Bearish. mech(p2-10) 5/9 Bullish, 0/9 Bearish."
2026-08-30T19:10:00Z,2026-08-30 PM,SOL,Neutral,Bearish,Bearish,Neutral,Neutral,Bullish,Bullish,Bullish,Bullish,Neutral,4,2,none,"mechanical count <5 Bullish -- p1 not fetched per Section 0 amendment, Neutral. No overrides."
2026-08-30T19:10:00Z,2026-08-30 PM,TRX,Neutral,Bullish,Bullish,Bearish,Neutral,Bullish,Neutral,Bullish,Bullish,Neutral,5,1,none,"sentiment.py: interest flat, zero euphoria/capitulation -- technical support/resistance and sTRX staking-utility chatter, fundamentals-led, no crowd-extreme read. mech(p2-10) 5/9 Bullish, 1/9 Bearish."
2026-08-30T19:10:00Z,2026-08-30 PM,DOGE,Neutral,Neutral,Bullish,Neutral,Neutral,Bullish,Neutral,Bullish,Bullish,Neutral,4,0,none,"mechanical count <5 Bullish -- p1 not fetched per Section 0 amendment, Neutral. No overrides."
2026-08-30T19:10:00Z,2026-08-30 PM,ZEC,Neutral,Bearish,Bearish,Bullish,Neutral,Bullish,Neutral,Bullish,Bullish,Neutral,4,2,none,"mechanical count <5 Bullish -- p1 not fetched per Section 0 amendment, Neutral. No overrides."
2026-08-30T19:10:00Z,2026-08-30 PM,ADA,Neutral,Neutral,Neutral,Bullish,Neutral,Bullish,Neutral,Bullish,Bullish,Neutral,4,0,none,"mechanical count <5 Bullish -- p1 not fetched per Section 0 amendment, Neutral. No overrides."
2026-08-30T19:10:00Z,2026-08-30 PM,LINK,Bearish,Bearish,Bullish,Bullish,Neutral,Bullish,Neutral,Bullish,Bullish,Neutral,5,2,none,"sentiment.py: interest flat, euphoria markers present ($16/$31/$100 price targets, rocket emoji) with zero capitulation offset -- fits the 'everyone's in' branch despite the institutional-adoption framing around the targets. mech(p2-10) 5/9 Bullish, 1/9 Bearish."
2026-08-30T19:10:00Z,2026-08-30 PM,UNI,Bearish,Bearish,Neutral,Neutral,Bullish,Bullish,Bullish,Bullish,Bullish,Neutral,5,2,none,"sentiment.py: interest falling, zero euphoria/capitulation markers flagged, but the dominant narrative includes a genuine competitive-threat read ('Aerodrome crushes Uniswap on every chain and launching on ETH mainnet') -- falling interest plus a deteriorating narrative fits the Bearish branch directly. mech(p2-10) 5/9 Bullish, 1/9 Bearish."
2026-08-30T19:10:00Z,2026-08-30 PM,AAVE,Neutral,Bearish,Bullish,Bullish,Neutral,Bullish,Neutral,Bullish,Bullish,Neutral,5,1,none,"sentiment.py: interest falling, zero euphoria/capitulation -- narrative dominated by a large whale USDC-outflow question and routine UI/yield notes, no crowd-extreme or deteriorating-narrative read (the outflow reads as speculative curiosity, not a red flag). mech(p2-10) 5/9 Bullish, 1/9 Bearish."
2026-08-30T19:10:00Z,2026-08-30 PM,ENA,Neutral,Bearish,Neutral,Neutral,Neutral,Bullish,Bullish,Bullish,Bullish,Neutral,4,1,none,"mechanical count <5 Bullish -- p1 not fetched per Section 0 amendment, Neutral. No overrides."
2026-08-30T19:10:00Z,2026-08-30 PM,MORPHO,Neutral,Bullish,Bullish,Neutral,Neutral,Bullish,Neutral,Bullish,Bullish,Neutral,5,0,held,"sentiment.py: interest flat, zero euphoria/capitulation -- DeFi-lending integration news (Ethra Harbor, Spark), EU MiCA vault review, Robinhood listing -- purely factual/institutional narrative, no crowd-extreme read. mech(p2-10) 5/9 Bullish, 0/9 Bearish."
2026-08-30T19:10:00Z,2026-08-30 PM,ONDO,Neutral,Neutral,Neutral,Neutral,Neutral,Bullish,Bearish,Bullish,Bullish,Neutral,3,1,none,"mechanical count <5 Bullish -- p1 not fetched per Section 0 amendment, Neutral. No overrides."
2026-08-30T19:10:00Z,2026-08-30 PM,ETHFI,Bearish,Bullish,Bullish,Neutral,Neutral,Bullish,Neutral,Bullish,Bullish,Neutral,5,1,none,"sentiment.py: interest flat, euphoria markers present ('pumppp ath', '70%+ After Breaking Out') with zero capitulation offset (the one bearish technical call is a routine chart read, not capitulation) -- net one-sided euphoria, contrarian Bearish. mech(p2-10) 5/9 Bullish, 0/9 Bearish."
2026-08-30T19:10:00Z,2026-08-30 PM,CAKE,Neutral,Bullish,Neutral,Neutral,Bullish,Bullish,Bullish,Bullish,Bullish,Neutral,6,0,none,"sentiment.py: interest flat, zero euphoria/capitulation markers flagged -- community-engagement posts ('positive energy', 'amazing community') and a historical BNB-2021 comparison read as routine promotional chatter, not price-target mania; no crowd-extreme read. mech(p2-10) 6/9 Bullish, 0/9 Bearish."
2026-08-30T19:10:00Z,2026-08-30 PM,JUP,Bearish,Bullish,Bullish,Neutral,Neutral,Bullish,Neutral,Bullish,Bullish,Neutral,5,1,none,"sentiment.py: interest RISING, dominant euphoria stack ($0.50 / 100-500% targets, rocket emojis, breakout language, concrete long-entry calls), zero capitulation offset -- textbook rising-interest 'everyone's in' pattern, contrarian Bearish. mech(p2-10) 5/9 Bullish, 0/9 Bearish."
2026-08-30T19:10:00Z,2026-08-30 PM,XLM,Neutral,Bullish,Neutral,Neutral,Neutral,Bullish,Neutral,Bullish,Bullish,Neutral,4,0,held,"sentiment.py: interest falling, zero euphoria/capitulation -- sparse QFS-conspiracy/XRP-comparison chatter, no crowd-extreme read (a cooldown from AM's euphoria-driven Bearish read). mech(p2-10) 4/9 Bullish, 0/9 Bearish."
2026-08-30T19:10:00Z,2026-08-30 PM,HBAR,Neutral,Neutral,Bullish,Bullish,Neutral,Bullish,Neutral,Bullish,Bullish,Neutral,5,0,none,"sentiment.py: interest flat, genuinely mixed -- euphoria (3-22x price-target multipliers, community giveaways) offset by real capitulation/skepticism (pump-and-dump doubts, supply-mechanics distrust) -- no clean crowd-extreme dominance. mech(p2-10) 5/9 Bullish, 0/9 Bearish."
2026-08-30T19:10:00Z,2026-08-30 PM,SHIB,Neutral,Neutral,Bullish,Bullish,Neutral,Bullish,Bearish,Bullish,Bullish,Neutral,5,1,none,"mechanical count <5 Bullish -- p1 not fetched per Section 0 amendment, Neutral. No overrides."
2026-08-30T19:10:00Z,2026-08-30 PM,PEPE,Neutral,Neutral,Bullish,Bullish,Neutral,Bullish,Neutral,Bullish,Bullish,Neutral,5,0,none,"sentiment.py: interest flat, genuinely mixed -- 'memecoin season waking up' euphoria-adjacent chatter offset by real capitulation language ('bounce fading', 'wallets trimming') -- no clean crowd-extreme dominance. mech(p2-10) 5/9 Bullish, 0/9 Bearish."
2026-08-30T19:10:00Z,2026-08-30 PM,TAO,Neutral,Neutral,Bullish,Bullish,Neutral,Neutral,Bullish,Bullish,Bullish,Neutral,5,0,none,"sentiment.py: interest flat, zero euphoria/capitulation -- subnet-development/revenue/integration chatter, fundamentals-led, no crowd-extreme read (a cooldown from the prior two checkpoints' FOMO/'all-in' language). mech(p2-10) 5/9 Bullish, 0/9 Bearish."
2026-08-30T19:10:00Z,2026-08-30 PM,POL,Neutral,Neutral,Bullish,Neutral,Neutral,Bullish,Bearish,Bullish,Bullish,Neutral,4,1,none,"mechanical count <5 Bullish -- p1 not fetched per Section 0 amendment, Neutral. No overrides."
2026-08-30T19:10:00Z,2026-08-30 PM,VIRTUAL,Neutral,Neutral,Bullish,Neutral,Neutral,Bullish,Bearish,Bullish,Bullish,Neutral,4,1,none,"mechanical count <5 Bullish -- p1 not fetched per Section 0 amendment, Neutral. No overrides."
2026-08-30T19:10:00Z,2026-08-30 PM,ARB,Neutral,Neutral,Neutral,Bullish,Neutral,Bullish,Bearish,Bullish,Bullish,Neutral,4,1,none,"mechanical count <5 Bullish -- p1 not fetched per Section 0 amendment, Neutral. No overrides."
2026-08-30T19:10:00Z,2026-08-30 PM,PYTH,Neutral,Bullish,Bullish,Bullish,Neutral,Bullish,Neutral,Bullish,Bullish,Neutral,6,0,none,"sentiment.py: interest flat, zero euphoria/capitulation -- mixed bullish/bearish technical chart calls plus a partnership announcement and spam-signal promo, no crowd-extreme read. mech(p2-10) 6/9 Bullish, 0/9 Bearish."
2026-08-30T19:10:00Z,2026-08-30 PM,ASTER,Neutral,Neutral,Bullish,Neutral,Neutral,Bullish,Neutral,Bullish,Bullish,Neutral,4,0,none,"mechanical count <5 Bullish -- p1 not fetched per Section 0 amendment, Neutral. No overrides."
2026-08-30T19:10:00Z,2026-08-30 PM,ICP,Bullish,Neutral,Bullish,Bullish,Neutral,Bullish,Bullish,Bullish,Bullish,Neutral,7,0,armed,"sentiment.py: interest flat, zero euphoria markers, genuine capitulation markers present (""I'm done marketing... for free"", a 10M-ICP stake dissolution) alongside milestone/adoption news (300B transactions, AI-attack-prevention) -- capitulation-flavored chatter with no euphoria offset fits the contrarian Bullish branch, a clear reversal from the prior two checkpoints' euphoria-driven Bearish reads. mech(p2-10) 6/9 Bullish, 0/9 Bearish -- total reaches 7/10 (0/10 Bearish), first occurrence this checkpoint (AM 08-30 was 5/10) -- ARMED, awaiting AM 08-31 confirmation."
2026-08-30T19:10:00Z,2026-08-30 PM,NEAR,Neutral,Bullish,Bullish,Neutral,Neutral,Neutral,Bearish,Bullish,Bullish,Neutral,4,1,none,"mechanical count <5 Bullish -- p1 not fetched per Section 0 amendment, Neutral. No overrides."
2026-08-31T07:16:04Z,2026-08-31 AM,BTC,Neutral,Neutral,Bullish,Bullish,Neutral,Bullish,Neutral,Bullish,Bullish,Neutral,5,0,,"sentiment.py: interest falling, zero euphoria, thin capitulation-flavored technical chatter (72k/200D-EMA breakdown scenario, 3-digit-ETH speculation) -- no clean crowd-extreme dominance either way."
2026-08-31T07:16:04Z,2026-08-31 AM,ETH,Neutral,Bullish,Bullish,Bullish,Neutral,Bullish,Bearish,Bullish,Bullish,Neutral,6,1,,"sentiment.py: interest flat, mild euphoria-adjacent price-target/ETF-inflow chatter (2550-2630 range) balanced by explicit dump-at-resistance risk framing -- routine technical discussion, not one-sided mania."
2026-08-31T07:16:04Z,2026-08-31 AM,BNB,Neutral,Neutral,Bullish,Neutral,Neutral,Bullish,Neutral,Bullish,Bullish,Neutral,4,0,,"mechanical count <5 Bullish -- p1 not fetched per Section 0 amendment, Neutral. No overrides."
2026-08-31T07:16:04Z,2026-08-31 AM,XRP,Bullish,Neutral,Bullish,Bullish,Neutral,Bullish,Neutral,Bullish,Bullish,Neutral,6,0,,"sentiment.py: interest flat, zero euphoria, genuine capitulation-flavored markers ('stopped buying XRP, switched to other tokens', manipulation grievances) after a large short-squeeze liquidation event ($7.59B, 60% short ratio) -- fits the capitulation branch, a reversal from the prior two checkpoints' one-sided euphoria reads."
2026-08-31T07:16:04Z,2026-08-31 AM,SOL,Neutral,Bearish,Bullish,Bullish,Neutral,Bullish,Bullish,Bullish,Bullish,Neutral,6,1,,"sentiment.py: interest flat, feed dominated entirely by spam airdrop-bait posts requesting wallet addresses -- no genuine crowd-sentiment signal in either direction, zero real euphoria/capitulation markers."
2026-08-31T07:16:04Z,2026-08-31 AM,TRX,Neutral,Bullish,Neutral,Bearish,Neutral,Bullish,Neutral,Bullish,Bullish,Neutral,4,1,,"mechanical count <5 Bullish -- p1 not fetched per Section 0 amendment, Neutral. No overrides."
2026-08-31T07:16:04Z,2026-08-31 AM,DOGE,Neutral,Neutral,Neutral,Neutral,Neutral,Bullish,Neutral,Bullish,Bullish,Neutral,3,0,,"mechanical count <5 Bullish -- p1 not fetched per Section 0 amendment, Neutral. No overrides."
2026-08-31T07:16:04Z,2026-08-31 AM,ZEC,Neutral,Bearish,Neutral,Bullish,Neutral,Bullish,Neutral,Bullish,Bullish,Neutral,4,1,,"mechanical count <5 Bullish -- p1 not fetched per Section 0 amendment, Neutral. No overrides."
2026-08-31T07:16:04Z,2026-08-31 AM,ADA,Neutral,Neutral,Neutral,Bullish,Neutral,Bullish,Neutral,Bullish,Bullish,Neutral,4,0,,"mechanical count <5 Bullish -- p1 not fetched per Section 0 amendment, Neutral. No overrides."
2026-08-31T07:16:04Z,2026-08-31 AM,LINK,Neutral,Bullish,Bullish,Bullish,Neutral,Bullish,Neutral,Bullish,Bullish,Neutral,6,0,,"sentiment.py: interest falling, zero euphoria/capitulation -- sparse low-engagement trade-update and listing-vote chatter, no crowd-extreme read."
2026-08-31T07:16:04Z,2026-08-31 AM,UNI,Neutral,Bearish,Neutral,Neutral,Neutral,Bullish,Bullish,Bullish,Bullish,Neutral,4,1,,"mechanical count <5 Bullish -- p1 not fetched per Section 0 amendment, Neutral. No overrides."
2026-08-31T07:16:04Z,2026-08-31 AM,AAVE,Neutral,Bullish,Bullish,Bullish,Neutral,Bullish,Neutral,Bullish,Bullish,Neutral,6,0,,"sentiment.py: interest flat, zero euphoria/capitulation -- narrative dominated by factual growth stats (48% DeFi lending share, $12.5B active loans) and routine app/ambassador chatter, no crowd-extreme read."
2026-08-31T07:16:04Z,2026-08-31 AM,ENA,Bearish,Bearish,Bullish,Neutral,Neutral,Bullish,Neutral,Bullish,Bullish,Neutral,4,2,,"sentiment.py: interest RISING, dominant euphoria (+25.3% pump hype, 'send it' on buybacks, exchange-highlighted fee-switch narrative), zero capitulation offset -- textbook rising-interest 'everyone's in' pattern."
2026-08-31T07:16:04Z,2026-08-31 AM,MORPHO,Neutral,Bullish,Bullish,Bullish,Neutral,Bullish,Neutral,Bullish,Bullish,Neutral,6,0,held,"sentiment.py: interest flat, zero euphoria/capitulation -- factual/technical narrative (TVL flat, vault-yield strategies, Robinhood listing barely moving price), no crowd-extreme read."
2026-08-31T07:16:04Z,2026-08-31 AM,ONDO,Neutral,Neutral,Neutral,Neutral,Neutral,Bullish,Bearish,Bullish,Bullish,Neutral,3,1,,"mechanical count <5 Bullish -- p1 not fetched per Section 0 amendment, Neutral. No overrides."
2026-08-31T07:16:04Z,2026-08-31 AM,ETHFI,Bearish,Bullish,Bullish,Neutral,Neutral,Bullish,Neutral,Bullish,Bullish,Neutral,5,1,,"sentiment.py: interest flat, dominant euphoria (2x+ targets, rockets, buy-and-hold calls) with only a single loss-driven capitulation outlier as offset -- net one-sided mania."
2026-08-31T07:16:04Z,2026-08-31 AM,CAKE,Bearish,Bullish,Neutral,Neutral,Neutral,Bullish,Bullish,Bullish,Bullish,Neutral,5,1,,"sentiment.py: interest RISING, dominant euphoria ($9.90/$25.22 price targets, rocket-emoji breakout call) atop a genuine technical-breakout narrative, zero capitulation offset -- classic rising-interest euphoria pattern, a change from PM 08-30's Neutral read."
2026-08-31T07:16:04Z,2026-08-31 AM,JUP,Bearish,Bullish,Neutral,Bearish,Neutral,Bullish,Neutral,Bullish,Bullish,Neutral,4,2,,"sentiment.py: interest flat, dominant euphoria ($10 targets, 'HIGHERRRR' language, Litterbox Trust accumulation praised), zero capitulation offset -- continuing the recurring euphoria-driven Bearish pattern."
2026-08-31T07:16:04Z,2026-08-31 AM,XLM,Neutral,Bullish,Neutral,Neutral,Neutral,Bullish,Neutral,Bullish,Bullish,Neutral,4,0,held,"sentiment.py: interest falling, zero euphoria/capitulation -- sparse listing-vote/adoption chatter tied to XRP, no crowd-extreme read, continuing PM 08-30's cooldown."
2026-08-31T07:16:04Z,2026-08-31 AM,HBAR,Neutral,Neutral,Neutral,Bullish,Neutral,Bullish,Neutral,Bullish,Bullish,Neutral,4,0,,"mechanical count <5 Bullish -- p1 not fetched per Section 0 amendment, Neutral. No overrides."
2026-08-31T07:16:04Z,2026-08-31 AM,SHIB,Neutral,Neutral,Neutral,Bullish,Neutral,Bullish,Neutral,Bullish,Bullish,Neutral,4,0,,"mechanical count <5 Bullish -- p1 not fetched per Section 0 amendment, Neutral. No overrides."
2026-08-31T07:16:04Z,2026-08-31 AM,PEPE,Neutral,Neutral,Neutral,Bullish,Neutral,Neutral,Bearish,Bullish,Bullish,Neutral,3,1,,"mechanical count <5 Bullish -- p1 not fetched per Section 0 amendment, Neutral. No overrides."
2026-08-31T07:16:04Z,2026-08-31 AM,TAO,Neutral,Neutral,Bullish,Bearish,Neutral,Bullish,Bearish,Bullish,Bullish,Neutral,4,2,,"mechanical count <5 Bullish -- p1 not fetched per Section 0 amendment, Neutral. No overrides."
2026-08-31T07:16:04Z,2026-08-31 AM,POL,Neutral,Neutral,Neutral,Neutral,Neutral,Bullish,Bearish,Bullish,Bullish,Neutral,3,1,,"mechanical count <5 Bullish -- p1 not fetched per Section 0 amendment, Neutral. No overrides."
2026-08-31T07:16:04Z,2026-08-31 AM,VIRTUAL,Neutral,Neutral,Neutral,Bullish,Neutral,Bullish,Bearish,Bullish,Bullish,Neutral,4,1,,"mechanical count <5 Bullish -- p1 not fetched per Section 0 amendment, Neutral. No overrides."
2026-08-31T07:16:04Z,2026-08-31 AM,ARB,Neutral,Neutral,Neutral,Bullish,Neutral,Bullish,Bearish,Bullish,Bullish,Neutral,4,1,,"mechanical count <5 Bullish -- p1 not fetched per Section 0 amendment, Neutral. No overrides."
2026-08-31T07:16:04Z,2026-08-31 AM,PYTH,Neutral,Neutral,Bullish,Bullish,Neutral,Bullish,Bearish,Bullish,Bullish,Neutral,5,1,,"sentiment.py: interest flat, zero euphoria, one thin capitulation-flavored complaint ('token not looking gd') inside an otherwise factual buyback/subscription narrative -- too thin/isolated to read as genuine crowd capitulation."
2026-08-31T07:16:04Z,2026-08-31 AM,ASTER,Neutral,Neutral,Bullish,Neutral,Neutral,Bullish,Neutral,Bullish,Bullish,Neutral,4,0,,"mechanical count <5 Bullish -- p1 not fetched per Section 0 amendment, Neutral. No overrides."
2026-08-31T07:16:04Z,2026-08-31 AM,ICP,Neutral,Neutral,Bullish,Neutral,Neutral,Bullish,Bearish,Bullish,Bullish,Neutral,4,1,,"mechanical count <5 Bullish -- p1 not fetched per Section 0 amendment, Neutral. No overrides."
2026-08-31T07:16:04Z,2026-08-31 AM,NEAR,Neutral,Bullish,Neutral,Neutral,Neutral,Bullish,Neutral,Bullish,Bullish,Neutral,4,0,,"mechanical count <5 Bullish -- p1 not fetched per Section 0 amendment, Neutral. No overrides."
2026-08-31T19:06:35Z,2026-08-31 PM,AAVE,Bearish,Bullish,Bullish,Bullish,Neutral,Bullish,Neutral,Bullish,Bullish,Neutral,6,1,none,"sentiment.py: interest flat, euphoria markers ('DeFi is back', 'Aave will win', bullish chart calls with upside) around the new retail-app launch, zero capitulation offset -- net one-sided mania."
2026-08-31T19:06:35Z,2026-08-31 PM,ADA,Neutral,Neutral,Neutral,Neutral,Neutral,Bullish,Neutral,Bullish,Bullish,Neutral,3,0,none,"mechanical count <5 Bullish -- p1 not fetched per Section 0 amendment, Neutral. No overrides."
2026-08-31T19:06:35Z,2026-08-31 PM,ARB,Neutral,Neutral,Bullish,Neutral,Neutral,Bullish,Bearish,Bullish,Bullish,Neutral,4,1,none,"mechanical count <5 Bullish -- p1 not fetched per Section 0 amendment, Neutral. No overrides."
2026-08-31T19:06:35Z,2026-08-31 PM,ASTER,Neutral,Neutral,Bullish,Neutral,Neutral,Bullish,Neutral,Bullish,Bullish,Neutral,4,0,none,"mechanical count <5 Bullish -- p1 not fetched per Section 0 amendment, Neutral. No overrides."
2026-08-31T19:06:35Z,2026-08-31 PM,BNB,Neutral,Neutral,Bullish,Neutral,Neutral,Bullish,Neutral,Bullish,Bullish,Neutral,4,0,none,"mechanical count <5 Bullish -- p1 not fetched per Section 0 amendment, Neutral. No overrides."
2026-08-31T19:06:35Z,2026-08-31 PM,BTC,Neutral,Neutral,Neutral,Bullish,Neutral,Bullish,Neutral,Bullish,Bullish,Neutral,4,0,none,"mechanical count <5 Bullish -- p1 not fetched per Section 0 amendment, Neutral. No overrides."
2026-08-31T19:06:35Z,2026-08-31 PM,CAKE,Neutral,Bullish,Bearish,Neutral,Bullish,Bullish,Bullish,Bullish,Bullish,Neutral,6,1,none,"sentiment.py: interest flat, zero euphoria/capitulation markers flagged -- individual trade-target/technical-scan chatter (profit-target hits, falling-wedge setups), no clean crowd-extreme dominance."
2026-08-31T19:06:35Z,2026-08-31 PM,DOGE,Neutral,Neutral,Bullish,Neutral,Neutral,Bullish,Neutral,Bullish,Bullish,Neutral,4,0,none,"mechanical count <5 Bullish -- p1 not fetched per Section 0 amendment, Neutral. No overrides."
2026-08-31T19:06:35Z,2026-08-31 PM,ENA,Neutral,Bearish,Bullish,Neutral,Neutral,Bullish,Bearish,Bullish,Bullish,Neutral,4,2,none,"mechanical count <5 Bullish -- p1 not fetched per Section 0 amendment, Neutral. No overrides."
2026-08-31T19:06:35Z,2026-08-31 PM,ETH,Bearish,Bullish,Bullish,Bullish,Neutral,Bullish,Bearish,Bullish,Bullish,Neutral,6,2,none,"sentiment.py: interest flat, euphoria markers present (breakout/moonshot chart calls, rocket-emoji catch-up narrative, 'primed for explosive catch-up if ETH/BTC breaks higher') with zero capitulation offset -- one-sided bullish narrative fits the euphoria branch."
2026-08-31T19:06:35Z,2026-08-31 PM,ETHFI,Neutral,Bullish,Bullish,Neutral,Neutral,Bullish,Neutral,Bullish,Bullish,Neutral,5,0,none,"sentiment.py: interest flat, zero euphoria/capitulation -- buyback-proposal mechanics driving factual/technical discussion, no crowd-extreme read."
2026-08-31T19:06:35Z,2026-08-31 PM,HBAR,Neutral,Neutral,Neutral,Bullish,Neutral,Bullish,Neutral,Bullish,Bullish,Neutral,4,0,none,"mechanical count <5 Bullish -- p1 not fetched per Section 0 amendment, Neutral. No overrides."
2026-08-31T19:06:35Z,2026-08-31 PM,ICP,Neutral,Neutral,Neutral,Neutral,Neutral,Bullish,Bearish,Bullish,Bullish,Neutral,3,1,none,"mechanical count <5 Bullish -- p1 not fetched per Section 0 amendment, Neutral. No overrides."
2026-08-31T19:06:35Z,2026-08-31 PM,JUP,Neutral,Bullish,Bullish,Bullish,Neutral,Bullish,Bullish,Bullish,Bullish,Neutral,7,0,armed,"sentiment.py: interest falling, zero euphoria/capitulation -- sparse DCA/moonshot-vote/airdrop-gripe chatter, no crowd-extreme read, a genuine cooldown from the recurring euphoria-driven Bearish pattern of prior checkpoints."
2026-08-31T19:06:35Z,2026-08-31 PM,LINK,Bearish,Bullish,Bullish,Neutral,Neutral,Bullish,Neutral,Bullish,Bullish,Neutral,5,1,none,"sentiment.py: interest flat, dominant euphoria ($16/$31/$100 targets, rocket emoji, 'momentum building on reserves') around the Agents launch/reserve narrative, zero capitulation offset -- one-sided bullish mania."
2026-08-31T19:06:35Z,2026-08-31 PM,MORPHO,Neutral,Bullish,Bullish,Bullish,Neutral,Bullish,Neutral,Bullish,Bullish,Neutral,6,0,held,"sentiment.py: interest flat, zero euphoria/capitulation -- factual/technical narrative (TVL $9.57B stable, yield-vault promos, routine trade setups), no crowd-extreme read."
2026-08-31T19:06:35Z,2026-08-31 PM,NEAR,Neutral,Bullish,Neutral,Neutral,Neutral,Bullish,Neutral,Bullish,Bullish,Neutral,4,0,none,"mechanical count <5 Bullish -- p1 not fetched per Section 0 amendment, Neutral. No overrides."
2026-08-31T19:06:35Z,2026-08-31 PM,ONDO,Neutral,Neutral,Neutral,Neutral,Neutral,Bullish,Neutral,Bullish,Bullish,Neutral,3,0,none,"mechanical count <5 Bullish -- p1 not fetched per Section 0 amendment, Neutral. No overrides."
2026-08-31T19:06:35Z,2026-08-31 PM,PENGU,Neutral,Bearish,Bullish,Bullish,Neutral,Bullish,Bearish,Bullish,Bullish,Neutral,5,2,none,"sentiment.py: interest falling, zero euphoria/capitulation -- sparse technical-setup/long-term-conviction chatter, no crowd-extreme read."
2026-08-31T19:06:35Z,2026-08-31 PM,PEPE,Neutral,Neutral,Bullish,Bullish,Neutral,Bullish,Neutral,Bullish,Bullish,Neutral,5,0,none,"sentiment.py: interest flat, genuinely mixed -- euphoria (51.5% weekly climb, 'revive attention across Ethereum memecoins') offset by real capitulation (-5.8% selloff, rising BTC dominance pulling liquidity) -- no clean crowd-extreme dominance."
2026-08-31T19:06:35Z,2026-08-31 PM,POL,Neutral,Neutral,Neutral,Neutral,Bearish,Bullish,Neutral,Bullish,Bullish,Neutral,3,1,none,"mechanical count <5 Bullish -- p1 not fetched per Section 0 amendment, Neutral. No overrides."
2026-08-31T19:06:35Z,2026-08-31 PM,PYTH,Neutral,Bullish,Bullish,Bullish,Neutral,Bullish,Bearish,Bullish,Bullish,Neutral,6,1,none,"sentiment.py: interest flat, zero euphoria/capitulation -- mixed bullish/bearish 1H technical calls plus spam airdrop links, no crowd-extreme read."
2026-08-31T19:06:35Z,2026-08-31 PM,SHIB,Neutral,Neutral,Neutral,Bullish,Neutral,Bullish,Neutral,Bullish,Bullish,Neutral,4,0,none,"mechanical count <5 Bullish -- p1 not fetched per Section 0 amendment, Neutral. No overrides."
2026-08-31T19:06:35Z,2026-08-31 PM,SOL,Neutral,Bearish,Neutral,Bullish,Neutral,Bullish,Bullish,Bullish,Bullish,Neutral,5,1,none,"sentiment.py: interest flat, feed dominated by low-engagement memecoin/pump.fun chatter and a sell-pressure signal (132k SOL moved to Kraken) -- no genuine crowd-sentiment read either direction."
2026-08-31T19:06:35Z,2026-08-31 PM,TAO,Neutral,Neutral,Bullish,Neutral,Neutral,Bullish,Bearish,Bullish,Bullish,Neutral,4,1,none,"mechanical count <5 Bullish -- p1 not fetched per Section 0 amendment, Neutral. No overrides."
2026-08-31T19:06:35Z,2026-08-31 PM,TRX,Neutral,Bullish,Neutral,Bearish,Neutral,Bullish,Neutral,Bullish,Bullish,Neutral,4,1,none,"mechanical count <5 Bullish -- p1 not fetched per Section 0 amendment, Neutral. No overrides."
2026-08-31T19:06:35Z,2026-08-31 PM,UNI,Neutral,Bearish,Neutral,Neutral,Neutral,Neutral,Bullish,Bullish,Bullish,Neutral,3,1,none,"mechanical count <5 Bullish -- p1 not fetched per Section 0 amendment, Neutral. No overrides."
2026-08-31T19:06:35Z,2026-08-31 PM,XLM,Neutral,Bullish,Neutral,Neutral,Neutral,Bullish,Neutral,Bullish,Bullish,Neutral,4,0,held,"sentiment.py: interest falling, zero euphoria/capitulation -- flat/factual XRP-adjacent adoption & exchange-listing chatter, no crowd-extreme read, continuing the cooldown from AM 08-31."
2026-08-31T19:06:35Z,2026-08-31 PM,XRP,Bullish,Neutral,Bullish,Bullish,Neutral,Bullish,Neutral,Bullish,Bullish,Neutral,6,0,none,"sentiment.py: interest falling, zero euphoria, genuine capitulation markers ('sold holdings after years of hype and SEC issues', 'stopped buying XRP, switched to other tokens') after a support test, thesis (institutional payments/ETF, rangebound) intact -- fits the capitulation-with-intact-thesis branch."
2026-08-31T19:06:35Z,2026-08-31 PM,ZEC,Neutral,Bearish,Bearish,Bullish,Neutral,Neutral,Bullish,Bullish,Bullish,Neutral,4,2,none,"mechanical count <5 Bullish -- p1 not fetched per Section 0 amendment, Neutral. No overrides."
2026-09-01T07:14:38Z,2026-09-01 AM,BTC,Neutral,Neutral,Neutral,Bullish,Neutral,Bullish,Neutral,Bullish,Bullish,Neutral,4,0,none,"mechanical count <5 Bullish -- p1 not fetched per Section 0 amendment, Neutral. No overrides."
2026-09-01T07:14:38Z,2026-09-01 AM,ETH,Neutral,Bullish,Bullish,Bullish,Neutral,Bullish,Bullish,Bullish,Bullish,Neutral,7,0,armed,"sentiment.py: interest flat, thin euphoria ($4000 price-target mention) genuinely offset by a live two-sided debate ('will ETH dip to $2000' vs '$4000 which comes first') -- no clean crowd-extreme dominance either direction."
2026-09-01T07:14:38Z,2026-09-01 AM,BNB,Neutral,Neutral,Bullish,Neutral,Neutral,Bullish,Neutral,Bullish,Bullish,Neutral,4,0,none,"mechanical count <5 Bullish -- p1 not fetched per Section 0 amendment, Neutral. No overrides."
2026-09-01T07:14:38Z,2026-09-01 AM,XRP,Neutral,Neutral,Bullish,Bullish,Neutral,Bullish,Neutral,Bullish,Bullish,Neutral,5,0,none,"sentiment.py: interest flat, escrow-release euphoria (altseason/moon framing) genuinely contested by an explicit 'escrow dump vs real capital inflow' debate in the same narrative -- no clean one-sided crowd read."
2026-09-01T07:14:38Z,2026-09-01 AM,SOL,Neutral,Bearish,Bullish,Neutral,Neutral,Bullish,Bullish,Bullish,Bullish,Neutral,5,1,none,"sentiment.py: interest flat, feed dominated by unrelated memecoin/airdrop shilling and a routine account-rent technical note -- no genuine SOL-specific crowd-sentiment read either direction."
2026-09-01T07:14:38Z,2026-09-01 AM,TRX,Neutral,Bullish,Neutral,Neutral,Neutral,Bullish,Neutral,Bullish,Bullish,Neutral,4,0,none,"mechanical count <5 Bullish -- p1 not fetched per Section 0 amendment, Neutral. No overrides."
2026-09-01T07:14:38Z,2026-09-01 AM,DOGE,Neutral,Neutral,Bullish,Bullish,Neutral,Bullish,Neutral,Bullish,Bullish,Neutral,5,0,none,"sentiment.py: interest flat, genuinely mixed -- moon calls and a $0.095 breakout target offset by real capitulation framing (bearish distribution, falling wedge, a $0.069 downside case) -- no clean crowd-extreme dominance."
2026-09-01T07:14:38Z,2026-09-01 AM,ZEC,Neutral,Bearish,Neutral,Bullish,Neutral,Bullish,Neutral,Bullish,Bullish,Neutral,4,1,none,"mechanical count <5 Bullish -- p1 not fetched per Section 0 amendment, Neutral. No overrides."
2026-09-01T07:14:38Z,2026-09-01 AM,ADA,Neutral,Neutral,Neutral,Bullish,Neutral,Bullish,Neutral,Bullish,Bullish,Neutral,4,0,none,"mechanical count <5 Bullish -- p1 not fetched per Section 0 amendment, Neutral. No overrides."
2026-09-01T07:14:38Z,2026-09-01 AM,LINK,Neutral,Bullish,Bullish,Bullish,Neutral,Bullish,Bearish,Bullish,Bullish,Neutral,6,1,none,"sentiment.py: genuinely mixed -- euphoria ($16/$31/$100 targets, rocket emoji, +22% weekly gain) real but directly offset by capitulation (down-28%-YTD frustration, 'hostage to BTC' framing, a sell call); narrative_change flags a shift toward fundamentals over speculation -- no clean dominance either way."
2026-09-01T07:14:38Z,2026-09-01 AM,UNI,Neutral,Bearish,Bearish,Neutral,Neutral,Bullish,Bullish,Bullish,Bullish,Neutral,4,2,none,"mechanical count <5 Bullish -- p1 not fetched per Section 0 amendment, Neutral. No overrides."
2026-09-01T07:14:38Z,2026-09-01 AM,AAVE,Neutral,Bearish,Bullish,Bullish,Neutral,Bullish,Neutral,Bullish,Bullish,Neutral,5,1,none,"sentiment.py: interest flat, zero euphoria/capitulation -- scattered chart-technical, trending-list, and LayerZero-security-update chatter, no crowd-extreme read."
2026-09-01T07:14:38Z,2026-09-01 AM,ENA,Bearish,Bearish,Bullish,Neutral,Neutral,Bullish,Bullish,Bullish,Bullish,Neutral,5,2,none,"sentiment.py: interest flat, one-sided FOMO/euphoria (calls for a move above $0.20, rocket emojis, 'accumulated on the dip from weak hands') with zero capitulation offset; narrative_change notes the shift from 'governance token joke' to a buyback-driven value story -- euphoria without an offsetting doubt read."
2026-09-01T07:14:38Z,2026-09-01 AM,MORPHO,Bearish,Bullish,Bullish,Bullish,Neutral,Bullish,Neutral,Bullish,Bullish,Neutral,6,1,held,"sentiment.py: interest rising, one-sided euphoria ($4.71 price target with rocket emoji, the 50% jump framed as an eye-catching positive) with zero capitulation offset -- fits the euphoria/no-offset branch despite the otherwise-clean factual Privy/RWA integration narrative underneath it."
2026-09-01T07:14:38Z,2026-09-01 AM,ONDO,Neutral,Neutral,Neutral,Bullish,Neutral,Bullish,Neutral,Bullish,Bullish,Neutral,4,0,none,"mechanical count <5 Bullish -- p1 not fetched per Section 0 amendment, Neutral. No overrides."
2026-09-01T07:14:38Z,2026-09-01 AM,ETHFI,Neutral,Bullish,Bullish,Neutral,Neutral,Bullish,Neutral,Bullish,Bullish,Neutral,5,0,none,"sentiment.py: interest flat, zero euphoria/capitulation -- pure DAO-governance/buyback-mechanics discussion, no crowd-extreme read."
2026-09-01T07:14:38Z,2026-09-01 AM,CAKE,Neutral,Bullish,Bearish,Neutral,Neutral,Bullish,Bullish,Bullish,Bullish,Neutral,5,1,none,"sentiment.py: interest flat, mild euphoria markers (price targets, 'HODL', a fire-emoji deflation call) but grounded in factual burn-stat/campaign reporting rather than one-sided crowd mania, consistent with the PM 08-31 read -- no clean crowd-extreme dominance."
2026-09-01T07:14:38Z,2026-09-01 AM,JUP,Neutral,Bullish,Bullish,Bullish,Neutral,Bullish,Bullish,Bullish,Bullish,Neutral,7,0,confirmed,"sentiment.py: interest falling, zero euphoria/capitulation -- staking-yield/voting/support-ticket chatter, no crowd-extreme read, continuing the PM 08-31 cooldown pattern."
2026-09-01T07:14:38Z,2026-09-01 AM,XLM,Bearish,Bullish,Neutral,Bullish,Neutral,Bullish,Neutral,Bullish,Bullish,Neutral,5,1,held,"sentiment.py: interest rising, dominant euphoria (rocket emojis, the $4B RWA milestone framed with 'trillions in 2027' and 'Valhalla next' hype, $5 price-target chatter) with only one thin, isolated capitulation-flavored complaint (escrow-burn grievance) -- the same recurring one-sided euphoria stack that has repeatedly read Bearish across this hold."
2026-09-01T07:14:38Z,2026-09-01 AM,HBAR,Neutral,Neutral,Neutral,Bullish,Neutral,Bullish,Neutral,Bullish,Bullish,Neutral,4,0,none,"mechanical count <5 Bullish -- p1 not fetched per Section 0 amendment, Neutral. No overrides."
2026-09-01T07:14:38Z,2026-09-01 AM,SHIB,Neutral,Neutral,Neutral,Bullish,Neutral,Bullish,Neutral,Bullish,Bullish,Neutral,4,0,none,"mechanical count <5 Bullish -- p1 not fetched per Section 0 amendment, Neutral. No overrides."
2026-09-01T07:14:38Z,2026-09-01 AM,PEPE,Bearish,Neutral,Bullish,Bullish,Neutral,Bullish,Neutral,Bullish,Bullish,Neutral,5,1,none,"sentiment.py: interest flat, one-sided bullish/euphoria framing (the +51.5%-week breakout, falling-wedge target chatter, 'buy and hold strong') with zero capitulation markers this run (unlike PM 08-31's genuinely mixed read) -- fits the euphoria/no-offset branch."
2026-09-01T07:14:38Z,2026-09-01 AM,TAO,Neutral,Neutral,Bullish,Neutral,Neutral,Bullish,Bearish,Bullish,Bullish,Neutral,4,1,none,"mechanical count <5 Bullish -- p1 not fetched per Section 0 amendment, Neutral. No overrides."
2026-09-01T07:14:38Z,2026-09-01 AM,POL,Neutral,Neutral,Neutral,Neutral,Neutral,Bullish,Neutral,Bullish,Bullish,Neutral,3,0,none,"mechanical count <5 Bullish -- p1 not fetched per Section 0 amendment, Neutral. No overrides."
2026-09-01T07:14:38Z,2026-09-01 AM,PENGU,Neutral,Bearish,Bullish,Bullish,Neutral,Bullish,Neutral,Bullish,Bullish,Neutral,5,1,none,"sentiment.py: interest falling, zero euphoria/capitulation -- sparse Moonshot-voting/PumpFun-alert/isolated-trade-idea chatter, no crowd-extreme read, continuing the PM 08-31 cooldown."
2026-09-01T07:14:38Z,2026-09-01 AM,ARB,Bearish,Bearish,Neutral,Bullish,Bullish,Bullish,Bullish,Bullish,Bullish,Neutral,6,2,none,"sentiment.py: interest rising, dominant euphoria (price targets, rocket-emoji spam, 'bullish continuation' claims, extreme-volume framing) with zero capitulation offset; narrative_change explicitly notes the flip from downtrend/wedge concern to post-pump mania -- textbook euphoria read."
2026-09-01T07:14:38Z,2026-09-01 AM,PYTH,Neutral,Bullish,Bullish,Bullish,Neutral,Bullish,Bullish,Bullish,Bullish,Neutral,7,0,armed,"sentiment.py: interest flat, zero euphoria/capitulation -- factual oracle-integration/institutional-feed/trading-competition narrative, no crowd-extreme read."
2026-09-01T07:14:38Z,2026-09-01 AM,ASTER,Neutral,Neutral,Bullish,Neutral,Neutral,Bullish,Neutral,Bullish,Bullish,Neutral,4,0,none,"mechanical count <5 Bullish -- p1 not fetched per Section 0 amendment, Neutral. No overrides."
2026-09-01T07:14:38Z,2026-09-01 AM,ICP,Neutral,Neutral,Bullish,Neutral,Neutral,Bullish,Bullish,Bullish,Bullish,Neutral,5,0,none,"sentiment.py: genuinely mixed -- euphoria (price targets $2.8-$21, rocket emojis, 'MASSIVE' calls) directly offset by real capitulation (a 'bad community atmosphere' complaint, self-deprecating holder regret) -- no clean crowd-extreme dominance."
2026-09-01T07:14:38Z,2026-09-01 AM,NEAR,Bearish,Bullish,Bullish,Neutral,Neutral,Neutral,Bullish,Bullish,Bullish,Neutral,5,1,none,"sentiment.py: interest rising, one-sided euphoria (rocket emojis, $5-10 price targets, 'top gainer' framing, 'go long' calls) with zero capitulation offset -- fits the euphoria/no-offset branch despite the genuine AI/quantum-security catalyst narrative underneath it."
2026-09-01T19:09:03Z,2026-09-01 PM,BTC,Neutral,Neutral,Bullish,Bullish,Neutral,Bullish,Bearish,Bullish,Bullish,Neutral,5,1,none,"sentiment.py (mech 5/9): interest flat, zero euphoria/capitulation -- narrative dominated by geopolitical (US-Iran strikes) sell-off reaction and technical support-defense chatter ($76-81k range, $77k key support). No crowd-extreme read. Neutral. No overrides."
2026-09-01T19:09:03Z,2026-09-01 PM,ETH,Neutral,Bullish,Bullish,Bullish,Neutral,Bullish,Bearish,Bullish,Bullish,Neutral,6,1,lapsed,"sentiment.py (mech 6/9): interest falling, genuinely mixed -- euphoria ($3200-3500 targets, rocket emojis, ETF-inflow optimism) directly offset by real capitulation (price under $2400, $100M liquidated in 60min on US-Iran strike news) -- no clean crowd-extreme dominance either way. Neutral. No overrides to mechanical p2-10 (6/9 Bullish, 1/9 Bearish on p7_oi). Arm from AM 09-01 (7/10) LAPSED -- mechanical count eased to 6/9 this run, total 6/10 < the 7/10 confirm bar. No 2nd-consecutive-checkpoint confirmation; no entry."
2026-09-01T19:09:03Z,2026-09-01 PM,BNB,Neutral,Neutral,Bullish,Neutral,Neutral,Bullish,Neutral,Bullish,Bullish,Neutral,4,0,none,"mechanical count <5 Bullish -- p1 not fetched per Section 0 amendment, Neutral. No overrides."
2026-09-01T19:09:03Z,2026-09-01 PM,XRP,Neutral,Neutral,Bullish,Bullish,Neutral,Bullish,Neutral,Bullish,Bullish,Neutral,5,0,none,"sentiment.py (mech 5/9): interest falling, zero euphoria/capitulation -- sparse, mostly unrelated/low-engagement chatter (Clarity Act mentions tied to BTC/ETH, balloon-ride anecdote, 'GN fam' filler). No crowd-extreme read. Neutral. No overrides."
2026-09-01T19:09:03Z,2026-09-01 PM,SOL,Neutral,Neutral,Bullish,Bullish,Neutral,Bullish,Bullish,Bullish,Bullish,Neutral,6,0,none,"sentiment.py (mech 6/9): interest flat, genuinely mixed -- euphoria ($110-118 targets, 'coiling for bullish continuation', 'LFG') directly offset by real capitulation (bearish short positions, 'signaling big dump', giveaway skepticism) -- no clean crowd-extreme dominance. Neutral. No overrides."
2026-09-01T19:09:03Z,2026-09-01 PM,TRX,Neutral,Bearish,Bearish,Bearish,Neutral,Bullish,Neutral,Bullish,Bullish,Neutral,3,3,none,"mechanical count <5 Bullish -- p1 not fetched per Section 0 amendment, Neutral. No overrides."
2026-09-01T19:09:03Z,2026-09-01 PM,DOGE,Neutral,Neutral,Neutral,Bullish,Neutral,Bullish,Neutral,Bullish,Bullish,Neutral,4,0,none,"mechanical count <5 Bullish -- p1 not fetched per Section 0 amendment, Neutral. No overrides."
2026-09-01T19:09:03Z,2026-09-01 PM,ZEC,Bearish,Bearish,Neutral,Bullish,Neutral,Bullish,Bullish,Bullish,Bullish,Neutral,5,2,none,"sentiment.py (mech 5/9): interest flat, euphoria present ($2000/new-ATH targets, '117k+ users' growth hype, pump claims) with only unverified attack-style red-flag claims ('PONZI', 'obsolete') as the offset -- these read as FUD/detractor noise, not genuine price capitulation or despair. Contrarian Bearish (euphoria dominant, no real capitulation offset). No overrides to mechanical p2-10 (5/9 Bullish, 1/9 Bearish on p2_dma)."
2026-09-01T19:09:03Z,2026-09-01 PM,ADA,Neutral,Neutral,Neutral,Bullish,Neutral,Bullish,Neutral,Bullish,Bullish,Neutral,4,0,none,"mechanical count <5 Bullish -- p1 not fetched per Section 0 amendment, Neutral. No overrides."
2026-09-01T19:09:03Z,2026-09-01 PM,LINK,Neutral,Bullish,Bullish,Bullish,Neutral,Bullish,Neutral,Bullish,Bullish,Neutral,6,0,none,"sentiment.py (mech 6/9): interest flat, zero euphoria markers, mild skepticism/doubt (long-term holders citing negative returns, 'left out of bullrun' value-accrual concern) -- thin and not a clear despair/capitulation read (no explicit selling or give-up language), so this doesn't cleanly clear the capitulation-with-intact-thesis bar. No clean crowd-extreme either direction. Neutral. No overrides."
2026-09-01T19:09:03Z,2026-09-01 PM,UNI,Bearish,Bearish,Bearish,Neutral,Bullish,Bullish,Bullish,Bullish,Bullish,Neutral,5,3,none,"sentiment.py (mech 5/9): interest flat, euphoria_markers empty but representative posts show one-sided momentum-chasing chatter ('UNI pumping while everything else bleeds', 'flying up 12% today one of strongest alts', 'top 5 bullish trend') with zero capitulation/skepticism offset -- judged this as a genuine euphoria/momentum-mania read despite the tagging gap (Grok describes, engine judges per Section 0). Contrarian Bearish. No overrides to mechanical p2-10 (5/9 Bullish, 2/9 Bearish on p2_dma+p3_rsi, RSI 76.8 overheated)."
2026-09-01T19:09:03Z,2026-09-01 PM,AAVE,Neutral,Bearish,Bullish,Bullish,Neutral,Bullish,Neutral,Bullish,Bullish,Neutral,5,1,none,"sentiment.py (mech 5/9): interest flat, zero euphoria/capitulation -- factual protocol-update chatter (savings rate hike to 4.5%, 'dips are for buying' one-liner, trading-signal mention). No crowd-extreme read. Neutral. No overrides."
2026-09-01T19:09:03Z,2026-09-01 PM,ENA,Bullish,Bearish,Bullish,Neutral,Neutral,Bullish,Bullish,Bullish,Bullish,Neutral,6,1,none,"sentiment.py (mech 5/9): interest flat, zero euphoria, genuine capitulation-flavored chatter (price down 6.8-8.2%, red candles, $14M token-unlock pressure) while the underlying narrative is shifting constructively toward buyback mechanics (95% of net protocol revenue proposed for ENA buybacks post-unlock) -- thesis (synthetic-dollar growth story) intact underneath the sell pressure. Fits the capitulation-while-thesis-intact Bullish branch. No overrides to mechanical p2-10 (5/9 Bullish, 1/9 Bearish on p2_dma)."
2026-09-01T19:09:03Z,2026-09-01 PM,MORPHO,Neutral,Bullish,Bullish,Bullish,Neutral,Bullish,Bullish,Bullish,Bullish,Neutral,7,0,held,"sentiment.py (mech 7/9, HELD hold-check): interest falling, zero euphoria/capitulation markers -- dominant narrative is factual DeFi-vault/TVL/farming-campaign chatter (Flare TVL gain, maritime RWA loop), no crowd-extreme read either direction. Neutral. No overrides to mechanical p2-10. Confluence held at 7/10 (0/10 Bearish) -- hold, no changes."
2026-09-01T19:09:03Z,2026-09-01 PM,ONDO,Neutral,Neutral,Neutral,Bullish,Neutral,Bullish,Neutral,Bullish,Bullish,Neutral,4,0,none,"mechanical count <5 Bullish -- p1 not fetched per Section 0 amendment, Neutral. No overrides."
2026-09-01T19:09:03Z,2026-09-01 PM,ETHFI,Neutral,Bullish,Bullish,Neutral,Neutral,Bullish,Neutral,Bullish,Bullish,Neutral,5,0,none,"sentiment.py (mech 5/9): interest flat, zero euphoria/capitulation -- low-volume DAO-governance chatter (rewards-release-date voting, buyback proposal on Snapshot, inverse-H&S chart note). No crowd-extreme read. Neutral. No overrides."
2026-09-01T19:09:03Z,2026-09-01 PM,CAKE,Neutral,Bullish,Bullish,Neutral,Bearish,Bullish,Bullish,Bullish,Bullish,Neutral,6,1,none,"sentiment.py (mech 6/9): interest falling, zero euphoria/capitulation -- sparse low-engagement chatter (NFT-ranking mentions, nostalgic throwbacks, unrelated stock-gain comparisons, promo spam). No crowd-extreme read. Neutral. No overrides."
2026-09-01T19:09:03Z,2026-09-01 PM,JUP,Bearish,Bullish,Bullish,Bullish,Bearish,Bullish,Bullish,Bullish,Bullish,Neutral,7,2,held-stage2-add,"sentiment.py (mech 7/9, HELD/stage-2-add hold-check): interest rising, dominant one-sided euphoria ($10/$4-8 price targets, 'MASSIVE PUMP INCOMING', 'HIGHERRRRRRRR'), zero capitulation offset -- contrarian Bearish, the recurring euphoria pattern that has repeatedly capped this name. Mechanical p2-10 stayed clean (7/9 Bullish, 1/9 Bearish on p5 volz only) -- total confluence 7/10 (2/10 Bearish: p1+p5), still >= the 7/10 stage-2-add bar at the immediate next checkpoint since the AM 09-01 stage-1 entry -- CONFIRMED for stage-2 add."
2026-09-01T19:09:03Z,2026-09-01 PM,XLM,Bearish,Bullish,Neutral,Bullish,Neutral,Bullish,Neutral,Bullish,Bullish,Neutral,5,1,held,"sentiment.py: interest flat, dominant euphoria (rocket emojis, '$0.20 is a gift, fill bags now', 30-60% APY liquidity-pool pitches, institutional-tokenization hype) with zero capitulation offset -- the same recurring one-sided euphoria stack that has repeatedly read Bearish across this hold. Contrarian Bearish."
2026-09-01T19:09:03Z,2026-09-01 PM,HBAR,Neutral,Neutral,Neutral,Bullish,Neutral,Bullish,Neutral,Bullish,Bullish,Neutral,4,0,none,"mechanical count <5 Bullish -- p1 not fetched per Section 0 amendment, Neutral. No overrides."
2026-09-01T19:09:03Z,2026-09-01 PM,SHIB,Neutral,Neutral,Neutral,Bullish,Neutral,Bullish,Neutral,Bullish,Bullish,Neutral,4,0,none,"mechanical count <5 Bullish -- p1 not fetched per Section 0 amendment, Neutral. No overrides."
2026-09-01T19:09:03Z,2026-09-01 PM,PEPE,Neutral,Neutral,Neutral,Bullish,Neutral,Bullish,Neutral,Bullish,Bullish,Neutral,4,0,none,"mechanical count <5 Bullish -- p1 not fetched per Section 0 amendment, Neutral. No overrides."
2026-09-01T19:09:03Z,2026-09-01 PM,TAO,Neutral,Neutral,Neutral,Neutral,Neutral,Bullish,Bearish,Bullish,Bullish,Neutral,3,1,none,"mechanical count <5 Bullish -- p1 not fetched per Section 0 amendment, Neutral. No overrides."
2026-09-01T19:09:03Z,2026-09-01 PM,POL,Neutral,Neutral,Neutral,Neutral,Neutral,Bullish,Neutral,Bullish,Bullish,Neutral,3,0,none,"mechanical count <5 Bullish -- p1 not fetched per Section 0 amendment, Neutral. No overrides."
2026-09-01T19:09:03Z,2026-09-01 PM,PENGU,Neutral,Neutral,Bullish,Bullish,Neutral,Bullish,Neutral,Bullish,Bullish,Neutral,5,0,none,"sentiment.py (mech 5/9): interest flat, mild euphoria markers ('Pengu will melt faces', breakout-recovery chatter) but the bulk of volume is routine community-greeting spam ('Pengu Morning') rather than one-sided price mania -- thin/casual, not a clean crowd-extreme dominance either way. Neutral. No overrides."
2026-09-01T19:09:03Z,2026-09-01 PM,ARB,Bearish,Neutral,Bullish,Bullish,Bearish,Bullish,Bullish,Bullish,Bullish,Neutral,6,2,none,"sentiment.py (mech 6/9): interest rising, dominant one-sided euphoria (rocket emojis, 'ARB breaking out', 'ARB flying', 'waking up') riding a genuine catalyst (Robinhood Chain on the Arbitrum stack hitting record daily revenue, 10% flowing back to ARB, price +30% to ~$0.11) but with zero capitulation offset -- textbook euphoria/everyone's-in read even though the underlying catalyst is real. Contrarian Bearish. No overrides to mechanical p2-10 (6/9 Bullish, 1/9 Bearish on p5_volz)."
2026-09-01T19:09:03Z,2026-09-01 PM,PYTH,Neutral,Bullish,Bullish,Bullish,Neutral,Bullish,Bearish,Bullish,Bullish,Neutral,6,1,lapsed,"sentiment.py (mech 6/9): interest flat, zero euphoria/capitulation -- factual oracle-integration narrative (SHEIN IPO live on Pyth Pro, $1.36B RWA perp volume priced in August, fixed-income partnerships). Neutral. No overrides to mechanical p2-10 (6/9 Bullish, 1/9 Bearish on p7_oi, which reversed to -25.4%/24h, -19.4%/7d this run). Arm from AM 09-01 (7/10) LAPSED -- mechanical count eased to 6/9 this run (p7_oi flipped Bullish->Bearish), total 6/10 < the 7/10 confirm bar. No 2nd-consecutive-checkpoint confirmation; no entry."
2026-09-01T19:09:03Z,2026-09-01 PM,ASTER,Neutral,Neutral,Bullish,Neutral,Neutral,Bullish,Neutral,Bullish,Bullish,Neutral,4,0,none,"mechanical count <5 Bullish -- p1 not fetched per Section 0 amendment, Neutral. No overrides."
2026-09-01T19:09:03Z,2026-09-01 PM,ICP,Neutral,Neutral,Bullish,Neutral,Neutral,Bullish,Bullish,Bullish,Bullish,Neutral,5,0,none,"sentiment.py (mech 5/9): interest flat, genuinely mixed -- euphoria ($100/$15 price targets, rocket emojis on adoption posts) directly offset by real capitulation ('ICP down 99% but hold' despair-flavored holding). No clean crowd-extreme dominance. Neutral. No overrides."
2026-09-01T19:09:03Z,2026-09-01 PM,NEAR,Neutral,Bullish,Bullish,Neutral,Neutral,Bullish,Bullish,Bullish,Bullish,Neutral,6,0,none,"sentiment.py (mech 6/9): interest flat, zero euphoria/capitulation -- technical-setup and buyback-mention chatter (compression breakout targets, '90% discount' framing, chart-pattern calls). No crowd-extreme read. Neutral. No overrides."
2026-09-02T07:09:43.022694+00:00,2026-09-02 AM,BTC,Neutral,Neutral,Bullish,Bullish,Neutral,Bullish,Bearish,Bullish,Bullish,Neutral,5,1,none,"sentiment.py: interest flat, euphoria (post-pump bullishness, $82-83k price targets) offset by capitulation-flavored frustration (""waiting for BTC to apologize"") and active short positioning -- no clean crowd-extreme dominance either way."
2026-09-02T07:09:43.022694+00:00,2026-09-02 AM,ETH,Neutral,Bullish,Bullish,Bullish,Neutral,Bullish,Bearish,Bullish,Bullish,Neutral,6,1,none,"sentiment.py: interest flat, zero euphoria/capitulation -- range-bound ($2400-2500) technical chatter, waiting-for-breakout narrative. No crowd-extreme read."
2026-09-02T07:09:43.022694+00:00,2026-09-02 AM,BNB,Neutral,Neutral,Bullish,Bullish,Neutral,Bullish,Neutral,Bullish,Bullish,Neutral,5,0,none,"sentiment.py: interest flat, zero euphoria/capitulation -- BNB Chain meme-coin presale/airdrop/anniversary spam unrelated to price. No crowd-extreme read."
2026-09-02T07:09:43.022694+00:00,2026-09-02 AM,XRP,Bearish,Neutral,Bullish,Bullish,Neutral,Bullish,Neutral,Bullish,Bullish,Neutral,5,1,none,"sentiment.py: interest flat, dominant one-sided euphoria ($2000 price targets, CLARITY Act hype, 'GIGA PUMP INCOMING', 4-digit predictions, moon/wealthy-community posts) with zero capitulation offset. Contrarian Bearish."
2026-09-02T07:09:43.022694+00:00,2026-09-02 AM,SOL,Neutral,Bullish,Bullish,Neutral,Neutral,Bullish,Bearish,Bullish,Bullish,Neutral,5,1,none,"sentiment.py: interest flat, one-sided 'end of Solana' FUD present but explicitly dismissed by the same crowd as recycled/false ('we've seen this before', 'bridges lead back to Solana') -- not genuine price capitulation, and no euphoria to weigh against it. No clean crowd-extreme read."
2026-09-02T07:09:43.022694+00:00,2026-09-02 AM,TRX,Neutral,Bearish,Bearish,Bearish,Neutral,Bullish,Neutral,Bullish,Bullish,Neutral,3,3,none,"mechanical count <5 Bullish -- p1 not fetched per Section 0 amendment, Neutral. No overrides."
2026-09-02T07:09:43.022694+00:00,2026-09-02 AM,DOGE,Neutral,Neutral,Neutral,Bullish,Neutral,Bullish,Neutral,Bullish,Bullish,Neutral,4,0,none,"mechanical count <5 Bullish -- p1 not fetched per Section 0 amendment, Neutral. No overrides."
2026-09-02T07:09:43.022694+00:00,2026-09-02 AM,ZEC,Bearish,Bearish,Neutral,Bullish,Neutral,Bullish,Bullish,Bullish,Bullish,Neutral,5,2,none,"sentiment.py: interest flat, euphoria present (bullish high-engagement thread, 0.1 BTC target, rocket emojis) with zero capitulation offset. Contrarian Bearish, continuing the recurring pattern."
2026-09-02T07:09:43.022694+00:00,2026-09-02 AM,ADA,Neutral,Neutral,Neutral,Bullish,Neutral,Bullish,Neutral,Bullish,Bullish,Neutral,4,0,none,"mechanical count <5 Bullish -- p1 not fetched per Section 0 amendment, Neutral. No overrides."
2026-09-02T07:09:43.022694+00:00,2026-09-02 AM,LINK,Neutral,Bullish,Bullish,Bullish,Neutral,Bullish,Neutral,Bullish,Bullish,Neutral,6,0,none,"sentiment.py: interest flat, zero euphoria markers -- dominant narrative is analytical/critical (centralization concerns, BTC-correlation drag, 'no need for LINK token' skepticism) rather than despair-driven capitulation; thin and analytical, not a clean crowd-extreme either way."
2026-09-02T07:09:43.022694+00:00,2026-09-02 AM,UNI,Bearish,Bearish,Bearish,Neutral,Bullish,Bullish,Bullish,Bullish,Bullish,Neutral,5,3,none,"sentiment.py: interest rising, dominant euphoria (price targets $6.8/$20, breakout-pattern chatter, 'UNI up 7% beating flat market') with zero capitulation offset, alongside RSI 81.5 overheated and dev-from-50DMA +57.1% (both mechanically Bearish already). Contrarian Bearish, consistent with the PM 09-01 override."
2026-09-02T07:09:43.022694+00:00,2026-09-02 AM,AAVE,Neutral,Bearish,Bullish,Bullish,Neutral,Bullish,Bullish,Bullish,Bullish,Neutral,6,1,none,"sentiment.py: interest flat, zero euphoria/capitulation -- trade-setup/long-signal chatter and promotional spam, no crowd-extreme read."
2026-09-02T07:09:43.022694+00:00,2026-09-02 AM,ENA,Bearish,Bearish,Bullish,Neutral,Neutral,Bullish,Bullish,Bullish,Bullish,Neutral,5,2,none,"sentiment.py: interest rising, dominant euphoria (price targets $0.20/30-50b mcap, rocket emojis, HODL calls, 'bullish sentiment turning') with no capitulation markers this run (the one loss-regret post is flippant, not despair-driven). Contrarian Bearish."
2026-09-02T07:09:43.022694+00:00,2026-09-02 AM,MORPHO,Neutral,Bullish,Bullish,Bullish,Neutral,Bullish,Bullish,Bullish,Bullish,Neutral,7,0,held,"sentiment.py (mech 7/9, HELD hold-check): interest flat, zero euphoria/capitulation -- factual DeFi-yield/Robinhood-Chain-TVL/vault-integration chatter, no crowd-extreme read. Confluence holds at 7/10 (0/10 Bearish) -- hold, no changes, cleanest read on the board."
2026-09-02T07:09:43.022694+00:00,2026-09-02 AM,ONDO,Neutral,Neutral,Neutral,Bullish,Neutral,Bullish,Neutral,Bullish,Bullish,Neutral,4,0,none,"mechanical count <5 Bullish -- p1 not fetched per Section 0 amendment, Neutral. No overrides."
2026-09-02T07:09:43.022694+00:00,2026-09-02 AM,ETHFI,Neutral,Bearish,Bullish,Neutral,Neutral,Bullish,Neutral,Bullish,Bullish,Neutral,4,1,none,"mechanical count <5 Bullish -- p1 not fetched per Section 0 amendment, Neutral. No overrides."
2026-09-02T07:09:43.022694+00:00,2026-09-02 AM,CAKE,Neutral,Bullish,Bullish,Neutral,Neutral,Bullish,Bullish,Bullish,Bullish,Neutral,6,0,none,"sentiment.py: interest falling, zero euphoria/capitulation -- sparse low-engagement chatter (rival-token shills, a volume-spike note, random ticker lists). No crowd-extreme read."
2026-09-02T07:09:43.022694+00:00,2026-09-02 AM,JUP,Bearish,Bullish,Bullish,Bearish,Neutral,Bullish,Bearish,Bullish,Bullish,Neutral,5,3,held,"sentiment.py (mech 5/9, HELD hold-check): interest flat, dominant euphoria (rocket emojis, $4-8 price targets, 'will explode/fly') zero capitulation offset -- the same recurring pattern that has repeatedly capped this name. Mechanical p2-10 weakened this run: p4_rvol and p7_oi both flipped Bearish (rv_ratio 1.47 expansion against a -1.41% down 7d-week; OI +17.0%/7d rising while price is down over the week -- a rising-OI/falling-price divergence, the literal Bearish branch of the OI rubric). Confluence eased 7/10 (2 Bearish) PM 09-01 -> 5/10 (3 Bearish) AM 09-02, still short of the 4/10-for-1-checkpoint trim gate. Price still above the 50DMA (+11.8%) and RSI in-band (56.3, not overbought) -- the thesis-test structure itself is intact. Judged conviction stays Intact; flagging the rvol/OI divergence explicitly as the watch item for PM 09-02."
2026-09-02T07:09:43.022694+00:00,2026-09-02 AM,XLM,Bearish,Bullish,Neutral,Bullish,Neutral,Bullish,Neutral,Bullish,Bullish,Neutral,5,1,exit,"sentiment.py: interest flat, dominant euphoria (price targets $0.30/$10, rocket emojis, DTCC-trillions-2027 hype, RWA $4B+ milestone framing) with zero capitulation offset -- the same recurring one-sided stack that has repeatedly read Bearish across this hold. Contrarian Bearish. Not the trigger for this checkpoint's action -- see FULL EXIT reasoning in PORTFOLIO.json/JOURNAL.md."
2026-09-02T07:09:43.022694+00:00,2026-09-02 AM,HBAR,Neutral,Neutral,Neutral,Bullish,Neutral,Bullish,Neutral,Bullish,Bullish,Neutral,4,0,none,"mechanical count <5 Bullish -- p1 not fetched per Section 0 amendment, Neutral. No overrides."
2026-09-02T07:09:43.022694+00:00,2026-09-02 AM,SHIB,Neutral,Neutral,Neutral,Bullish,Neutral,Bullish,Neutral,Bullish,Bullish,Neutral,4,0,none,"mechanical count <5 Bullish -- p1 not fetched per Section 0 amendment, Neutral. No overrides."
2026-09-02T07:09:43.022694+00:00,2026-09-02 AM,PEPE,Neutral,Neutral,Neutral,Bullish,Neutral,Bullish,Neutral,Bullish,Bullish,Neutral,4,0,none,"mechanical count <5 Bullish -- p1 not fetched per Section 0 amendment, Neutral. No overrides."
2026-09-02T07:09:43.022694+00:00,2026-09-02 AM,TAO,Neutral,Neutral,Neutral,Neutral,Neutral,Bullish,Bearish,Bullish,Bullish,Neutral,3,1,none,"mechanical count <5 Bullish -- p1 not fetched per Section 0 amendment, Neutral. No overrides."
2026-09-02T07:09:43.022694+00:00,2026-09-02 AM,POL,Neutral,Neutral,Neutral,Bullish,Neutral,Bullish,Neutral,Bullish,Bullish,Neutral,4,0,none,"mechanical count <5 Bullish -- p1 not fetched per Section 0 amendment, Neutral. No overrides."
2026-09-02T07:09:43.022694+00:00,2026-09-02 AM,PENGU,Neutral,Neutral,Bullish,Bullish,Neutral,Bullish,Neutral,Bullish,Bullish,Neutral,5,0,none,"sentiment.py: interest flat, thin/sparse chatter -- a short call citing 'weak hands exiting' (derivatives commentary, not crowd despair) plus low-engagement filler posts, zero euphoria markers. Not a clean crowd-extreme either direction."
2026-09-02T07:09:43.022694+00:00,2026-09-02 AM,ARB,Neutral,Bearish,Neutral,Bullish,Neutral,Neutral,Bullish,Bullish,Bullish,Neutral,4,1,none,"mechanical count <5 Bullish -- p1 not fetched per Section 0 amendment, Neutral. No overrides."
2026-09-02T07:09:43.022694+00:00,2026-09-02 AM,PYTH,Bearish,Bullish,Neutral,Neutral,Neutral,Bullish,Bullish,Bullish,Bullish,Neutral,5,1,none,"sentiment.py: interest rising, dominant euphoria (rocket emojis, 'LFG', 'massive breakout', 200-500% rally expectations, prize-pool hype) with zero capitulation offset. Contrarian Bearish."
2026-09-02T07:09:43.022694+00:00,2026-09-02 AM,ASTER,Neutral,Neutral,Bullish,Bullish,Neutral,Bullish,Neutral,Bullish,Bullish,Neutral,5,0,none,"sentiment.py: interest flat, zero euphoria/capitulation -- factual team-token-lock-extension news (read constructively) plus thin, low-conviction 'preparing to pump' chatter. No clean crowd-extreme read."
2026-09-02T07:09:43.022694+00:00,2026-09-02 AM,ICP,Neutral,Neutral,Bullish,Neutral,Neutral,Bullish,Bullish,Bullish,Bullish,Neutral,5,0,none,"sentiment.py: interest flat, genuinely mixed -- euphoria (positive TA, top-50-ranking optimism) offset by real capitulation-flavored doubt ('shift away from ICP maxi stance'). No clean crowd-extreme dominance."
2026-09-02T07:09:43.022694+00:00,2026-09-02 AM,NEAR,Neutral,Bullish,Neutral,Neutral,Neutral,Bullish,Bearish,Bullish,Bullish,Neutral,4,1,none,"mechanical count <5 Bullish -- p1 not fetched per Section 0 amendment, Neutral. No overrides."
2026-09-02T19:05:39.500195+00:00,2026-09-02 PM,BTC,Bearish,Neutral,Bullish,Bullish,Neutral,Bullish,Neutral,Bullish,Bullish,Neutral,5,1,none,"sentiment.py: interest rising, dominant euphoria ('everyone got bullish all of a sudden', $83k price targets) after the sharp pump to $81.5k, zero capitulation offset -- brief correction-warning chatter noted but not despair. Contrarian Bearish."
2026-09-02T19:05:39.500195+00:00,2026-09-02 PM,ETH,Neutral,Bullish,Bullish,Bullish,Neutral,Bullish,Bearish,Bullish,Bullish,Neutral,6,1,none,"sentiment.py: genuinely mixed -- euphoria (rocket emojis, $2,480 targets, 'bullish crypto phase') offset by real capitulation-flavored chatter ('worrying divergence', 'weakening spot demand', active shorts). No clean crowd-extreme dominance."
2026-09-02T19:05:39.500195+00:00,2026-09-02 PM,BNB,Neutral,Neutral,Bullish,Bullish,Neutral,Bullish,Neutral,Bullish,Bullish,Neutral,5,0,none,"sentiment.py: flat interest, zero euphoria/capitulation -- narrative purely technical/factual (BNB Chain RWA framing, $BB migration). No crowd-extreme read."
2026-09-02T19:05:39.500195+00:00,2026-09-02 PM,XRP,Bearish,Neutral,Bullish,Bullish,Neutral,Bullish,Neutral,Bullish,Bullish,Neutral,5,1,none,"sentiment.py: interest rising, dominant euphoria ($10k/$750 targets, rocket emojis, institutional-loading hype, Trump/ISO20022 catalyst claims), zero capitulation offset. Contrarian Bearish."
2026-09-02T19:05:39.500195+00:00,2026-09-02 PM,SOL,Bullish,Bullish,Bullish,Neutral,Neutral,Bullish,Bearish,Bullish,Bullish,Neutral,6,1,none,"sentiment.py: flat interest, genuine capitulation markers ('sentiment worse than at $60 despite $100', 'sentiment at ATL'), zero euphoria offset. Contrarian Bullish (capitulation without euphoria)."
2026-09-02T19:05:39.500195+00:00,2026-09-02 PM,TRX,Neutral,Neutral,Bearish,Bearish,Neutral,Bullish,Neutral,Bullish,Bullish,Neutral,3,2,none,"mechanical count <5 Bullish -- p1 not fetched per Section 0 amendment, Neutral. No overrides."
2026-09-02T19:05:39.500195+00:00,2026-09-02 PM,DOGE,Neutral,Neutral,Neutral,Bullish,Neutral,Bullish,Bearish,Bullish,Bullish,Neutral,4,1,none,"mechanical count <5 Bullish -- p1 not fetched per Section 0 amendment, Neutral. No overrides."
2026-09-02T19:05:39.500195+00:00,2026-09-02 PM,ZEC,Neutral,Bearish,Bullish,Bullish,Neutral,Bullish,Neutral,Bullish,Bullish,Neutral,5,1,none,"sentiment.py: rising interest but thin/promotional (Zec Bit NFT free-mint giveaway spam), zero genuine euphoria or capitulation markers on price/thesis. Not a clean crowd-extreme read."
2026-09-02T19:05:39.500195+00:00,2026-09-02 PM,ADA,Neutral,Neutral,Neutral,Bullish,Neutral,Bullish,Neutral,Bullish,Bullish,Neutral,4,0,none,"mechanical count <5 Bullish -- p1 not fetched per Section 0 amendment, Neutral. No overrides."
2026-09-02T19:05:39.500195+00:00,2026-09-02 PM,LINK,Neutral,Bullish,Bullish,Bullish,Neutral,Bullish,Neutral,Bullish,Bullish,Neutral,6,0,none,"sentiment.py: flat interest, zero euphoria/capitulation -- narrative purely factual/institutional (Wyoming Chainlink Proof-of-Reserve for its FRNT stablecoin). No crowd-extreme read."
2026-09-02T19:05:39.500195+00:00,2026-09-02 PM,UNI,Neutral,Bearish,Bearish,Neutral,Bearish,Bullish,Bullish,Bullish,Bullish,Neutral,4,3,none,"mechanical count <5 Bullish -- p1 not fetched per Section 0 amendment, Neutral. No overrides."
2026-09-02T19:05:39.500195+00:00,2026-09-02 PM,AAVE,Neutral,Bearish,Bullish,Bullish,Neutral,Bullish,Bearish,Bullish,Bullish,Neutral,5,2,none,"sentiment.py: flat interest, zero euphoria/capitulation -- scattered factual mentions (2020-ATH nostalgia, bullish-trend-list inclusion). No clean crowd-extreme read."
2026-09-02T19:05:39.500195+00:00,2026-09-02 PM,ENA,Bullish,Bearish,Bullish,Neutral,Neutral,Bullish,Bullish,Bullish,Bullish,Neutral,6,1,none,"sentiment.py: flat interest, capitulation-flavored markers present ('insiders shorting into selling', unlock-week volatility watch), zero euphoria offset. Contrarian Bullish (capitulation without euphoria)."
2026-09-02T19:05:39.500195+00:00,2026-09-02 PM,MORPHO,Neutral,Bullish,Bullish,Bullish,Neutral,Bullish,Neutral,Bullish,Bullish,Neutral,6,0,held,"sentiment.py: flat interest, genuinely mixed technical calls ('bullish breakout structure toward $4.71' vs 'bearish flag... downside target $2.28'), zero euphoria/capitulation dominance either way. No clean crowd-extreme read."
2026-09-02T19:05:39.500195+00:00,2026-09-02 PM,ONDO,Neutral,Neutral,Bearish,Bullish,Neutral,Bullish,Neutral,Bullish,Bullish,Neutral,4,1,none,"mechanical count <5 Bullish -- p1 not fetched per Section 0 amendment, Neutral. No overrides."
2026-09-02T19:05:39.500195+00:00,2026-09-02 PM,ETHFI,Bearish,Bullish,Bullish,Bullish,Neutral,Bullish,Neutral,Bullish,Bullish,Neutral,6,1,none,"sentiment.py: flat interest, dominant euphoria (price targets $0.60-$5, rocket emoji, buy/long setups), zero capitulation offset. Contrarian Bearish."
2026-09-02T19:05:39.500195+00:00,2026-09-02 PM,CAKE,Bearish,Bullish,Bullish,Neutral,Neutral,Bullish,Bullish,Bullish,Bullish,Neutral,6,1,none,"sentiment.py: rising interest, dominant euphoria ($25-target/giga-pump language, 'accumulate any dip'), zero capitulation offset. Contrarian Bearish."
2026-09-02T19:05:39.500195+00:00,2026-09-02 PM,JUP,Bearish,Bullish,Bullish,Bearish,Neutral,Bullish,Bearish,Bullish,Bullish,Neutral,5,3,held,"sentiment.py: flat interest, dominant euphoria ($4-8/$10 price targets, 'MASSIVE PUMP INCOMING', 'HIGHERRRRRRR') outweighing a single opened-short mention, zero genuine capitulation offset -- the same recurring pattern that has repeatedly capped this name. Contrarian Bearish."
2026-09-02T19:05:39.500195+00:00,2026-09-02 PM,VET,Neutral,Bearish,Bullish,Bullish,Neutral,Neutral,Neutral,Bullish,Bullish,Neutral,4,1,none,"mechanical count <5 Bullish -- p1 not fetched per Section 0 amendment, Neutral. No overrides."
2026-09-02T19:05:39.500195+00:00,2026-09-02 PM,HBAR,Neutral,Neutral,Neutral,Bullish,Neutral,Bullish,Neutral,Bullish,Bullish,Neutral,4,0,none,"mechanical count <5 Bullish -- p1 not fetched per Section 0 amendment, Neutral. No overrides."
2026-09-02T19:05:39.500195+00:00,2026-09-02 PM,SHIB,Neutral,Neutral,Neutral,Bullish,Neutral,Bullish,Neutral,Bullish,Bullish,Neutral,4,0,none,"mechanical count <5 Bullish -- p1 not fetched per Section 0 amendment, Neutral. No overrides."
2026-09-02T19:05:39.500195+00:00,2026-09-02 PM,PEPE,Neutral,Neutral,Neutral,Bullish,Neutral,Bullish,Neutral,Bullish,Bullish,Neutral,4,0,none,"mechanical count <5 Bullish -- p1 not fetched per Section 0 amendment, Neutral. No overrides."
2026-09-02T19:05:39.500195+00:00,2026-09-02 PM,TAO,Neutral,Neutral,Neutral,Neutral,Neutral,Bullish,Bearish,Bullish,Bullish,Neutral,3,1,none,"mechanical count <5 Bullish -- p1 not fetched per Section 0 amendment, Neutral. No overrides."
2026-09-02T19:05:39.500195+00:00,2026-09-02 PM,POL,Neutral,Neutral,Neutral,Bullish,Neutral,Bullish,Neutral,Bullish,Bullish,Neutral,4,0,none,"mechanical count <5 Bullish -- p1 not fetched per Section 0 amendment, Neutral. No overrides."
2026-09-02T19:05:39.500195+00:00,2026-09-02 PM,PENGU,Neutral,Neutral,Neutral,Bullish,Neutral,Bullish,Neutral,Bullish,Bullish,Neutral,4,0,none,"mechanical count <5 Bullish -- p1 not fetched per Section 0 amendment, Neutral. No overrides."
2026-09-02T19:05:39.500195+00:00,2026-09-02 PM,ARB,Bearish,Bearish,Bearish,Bullish,Bullish,Bullish,Bullish,Bullish,Bullish,Neutral,6,3,none,"sentiment.py: rising interest, dominant euphoria (13-32% pump highlights, Robinhood-Chain-revenue hype, breakout attention), zero capitulation offset. Contrarian Bearish."
2026-09-02T19:05:39.500195+00:00,2026-09-02 PM,PYTH,Neutral,Bearish,Neutral,Neutral,Neutral,Bullish,Bullish,Bullish,Bullish,Neutral,4,1,none,"mechanical count <5 Bullish -- p1 not fetched per Section 0 amendment, Neutral. No overrides."
2026-09-02T19:05:39.500195+00:00,2026-09-02 PM,ASTER,Bearish,Neutral,Bullish,Neutral,Neutral,Bullish,Bullish,Bullish,Bullish,Neutral,5,1,none,"sentiment.py: rising interest, dominant euphoria ('massive breakout', 'explosive reversal', 'pump it', 'bottom is here'), zero capitulation offset. Contrarian Bearish."
2026-09-02T19:05:39.500195+00:00,2026-09-02 PM,ICP,Bearish,Neutral,Bullish,Neutral,Neutral,Bullish,Bullish,Bullish,Bullish,Neutral,5,1,none,"sentiment.py: flat interest, euphoria markers present ($3.5 targets, rocket emojis, $100 long-term calls), zero capitulation offset despite a constructive tech-resilience narrative thread. Contrarian Bearish."
2026-09-02T19:05:39.500195+00:00,2026-09-02 PM,NEAR,Neutral,Bullish,Neutral,Neutral,Neutral,Bullish,Bearish,Bullish,Bullish,Neutral,4,1,none,"mechanical count <5 Bullish -- p1 not fetched per Section 0 amendment, Neutral. No overrides."
2026-09-03T07:11:26Z,2026-09-03 AM,MORPHO,Bullish,Bullish,Bullish,Bullish,Neutral,Bullish,Neutral,Neutral,Bullish,Neutral,6,0,held,"sentiment.py: flat interest, capitulation-flavored chatter (bearish-flag breakdown calls, shorts being added) while thesis stays Playing Out/Intact and no euphoria present -- fits the capitulation-with-intact-thesis Bullish branch. Contrarian Bullish."
2026-09-03T07:11:26Z,2026-09-03 AM,ETH,Neutral,Bullish,Bullish,Bullish,Neutral,Bullish,Bearish,Neutral,Bullish,Neutral,5,1,none,"sentiment.py: flat interest, mixed narrative-exhaustion/bearish-smart-money chatter vs institutional-flow framing, no clean euphoria or capitulation dominance either way. Contrarian Neutral."
2026-09-03T07:11:26Z,2026-09-03 AM,SOL,Bearish,Bullish,Bullish,Bullish,Neutral,Bullish,Bearish,Neutral,Bullish,Neutral,5,2,none,"sentiment.py: flat interest but euphoria dominant ($1000 supercycle targets, giveaway spam) vs a single underwater-long mention, no genuine capitulation offset. Contrarian Bearish."
2026-09-03T07:11:26Z,2026-09-03 AM,ZEC,Bearish,Bearish,Bullish,Bullish,Neutral,Bullish,Bullish,Neutral,Bullish,Neutral,5,2,none,"sentiment.py: flat interest, one-sided euphoria ($2000 target, 'up 520% since first call' bragging, ETF-pump framing), zero capitulation offset. Contrarian Bearish."
2026-09-03T07:11:26Z,2026-09-03 AM,LINK,Bearish,Bullish,Bullish,Bullish,Neutral,Bullish,Neutral,Neutral,Bullish,Neutral,5,1,none,"sentiment.py: flat interest, dominant euphoria ($20-$1000 targets, rocket emojis, 'parabolic ready', 'no competition'), one vague devaluation comment isn't genuine capitulation, zero real offset. Contrarian Bearish. Also multiple fake claim-portal scam links circulating -- red flag noted, not a sentiment driver."
2026-09-03T07:11:26Z,2026-09-03 AM,ASTER,Bearish,Neutral,Bullish,Bullish,Neutral,Bullish,Bullish,Neutral,Bullish,Neutral,5,1,none,"sentiment.py: flat interest, dominant euphoria ($1-$3+ breakout targets, rocket emojis, 'massive setup' claims), zero capitulation offset. Contrarian Bearish."
2026-09-03T07:11:26Z,2026-09-03 AM,BTC,Neutral,Neutral,Bullish,Bullish,Neutral,Bullish,Bearish,Neutral,Bullish,Neutral,4,1,none,"mechanical count <5 Bullish -- p1 not fetched per Section 0 amendment, Neutral. No overrides."
2026-09-03T07:11:26Z,2026-09-03 AM,BNB,Neutral,Bullish,Bullish,Neutral,Neutral,Bullish,Neutral,Neutral,Bullish,Neutral,4,0,none,"mechanical count <5 Bullish -- p1 not fetched per Section 0 amendment, Neutral. No overrides."
2026-09-03T07:11:26Z,2026-09-03 AM,XRP,Neutral,Neutral,Bullish,Bullish,Neutral,Bullish,Neutral,Neutral,Bullish,Neutral,4,0,none,"mechanical count <5 Bullish -- p1 not fetched per Section 0 amendment, Neutral. No overrides."
2026-09-03T07:11:26Z,2026-09-03 AM,DOGE,Neutral,Neutral,Bullish,Bullish,Neutral,Bullish,Bearish,Neutral,Bullish,Neutral,4,1,none,"mechanical count <5 Bullish -- p1 not fetched per Section 0 amendment, Neutral. No overrides."
2026-09-03T07:11:26Z,2026-09-03 AM,ADA,Neutral,Neutral,Bullish,Bullish,Neutral,Bullish,Neutral,Neutral,Bullish,Neutral,4,0,none,"mechanical count <5 Bullish -- p1 not fetched per Section 0 amendment, Neutral. No overrides."
2026-09-03T07:11:26Z,2026-09-03 AM,AAVE,Neutral,Bearish,Bullish,Bullish,Neutral,Bullish,Bearish,Neutral,Bullish,Neutral,4,2,none,"mechanical count <5 Bullish -- p1 not fetched per Section 0 amendment, Neutral. No overrides."
2026-09-03T07:11:26Z,2026-09-03 AM,ENA,Neutral,Bearish,Bullish,Bullish,Neutral,Bullish,Neutral,Neutral,Bullish,Neutral,4,1,none,"mechanical count <5 Bullish -- p1 not fetched per Section 0 amendment, Neutral. No overrides."
2026-09-03T07:11:26Z,2026-09-03 AM,ETHFI,Neutral,Bullish,Bullish,Neutral,Neutral,Bullish,Bearish,Neutral,Bullish,Neutral,4,1,none,"mechanical count <5 Bullish -- p1 not fetched per Section 0 amendment, Neutral. No overrides."
2026-09-03T07:11:26Z,2026-09-03 AM,CAKE,Neutral,Bullish,Neutral,Neutral,Neutral,Bullish,Bullish,Neutral,Bullish,Neutral,4,0,none,"mechanical count <5 Bullish -- p1 not fetched per Section 0 amendment, Neutral. No overrides."
2026-09-03T07:11:26Z,2026-09-03 AM,JUP,Bearish,Bullish,Bullish,Bearish,Neutral,Bullish,Bearish,Neutral,Bullish,Neutral,4,3,held,"sentiment.py: flat interest, the same recurring euphoria stack ($4-$8 price targets, burn-hype, 'outperforming majors'), zero capitulation offset despite one opened-short/H&S mention. Contrarian Bearish."
2026-09-03T07:11:26Z,2026-09-03 AM,HBAR,Neutral,Neutral,Bullish,Bullish,Neutral,Bullish,Neutral,Neutral,Bullish,Neutral,4,0,none,"mechanical count <5 Bullish -- p1 not fetched per Section 0 amendment, Neutral. No overrides."
2026-09-03T07:11:26Z,2026-09-03 AM,SHIB,Neutral,Neutral,Bullish,Bullish,Neutral,Bullish,Neutral,Neutral,Bullish,Neutral,4,0,none,"mechanical count <5 Bullish -- p1 not fetched per Section 0 amendment, Neutral. No overrides."
2026-09-03T07:11:26Z,2026-09-03 AM,PENGU,Neutral,Neutral,Bullish,Bullish,Neutral,Bullish,Neutral,Neutral,Bullish,Neutral,4,0,none,"mechanical count <5 Bullish -- p1 not fetched per Section 0 amendment, Neutral. No overrides."
2026-09-03T07:11:26Z,2026-09-03 AM,ARB,Neutral,Bearish,Bearish,Bullish,Neutral,Bullish,Bullish,Neutral,Bullish,Neutral,4,2,none,"mechanical count <5 Bullish -- p1 not fetched per Section 0 amendment, Neutral. No overrides."
2026-09-03T07:11:26Z,2026-09-03 AM,ICP,Neutral,Neutral,Bullish,Neutral,Neutral,Bullish,Bullish,Neutral,Bullish,Neutral,4,0,none,"mechanical count <5 Bullish -- p1 not fetched per Section 0 amendment, Neutral. No overrides."
2026-09-03T07:11:26Z,2026-09-03 AM,NEAR,Neutral,Bullish,Bullish,Neutral,Neutral,Bullish,Bearish,Neutral,Bullish,Neutral,4,1,none,"mechanical count <5 Bullish -- p1 not fetched per Section 0 amendment, Neutral. No overrides."
2026-09-03T07:11:26Z,2026-09-03 AM,ONDO,Neutral,Neutral,Neutral,Bullish,Neutral,Bullish,Neutral,Neutral,Bullish,Neutral,3,0,none,"mechanical count <5 Bullish -- p1 not fetched per Section 0 amendment, Neutral. No overrides."
2026-09-03T07:11:26Z,2026-09-03 AM,VET,Neutral,Bearish,Bullish,Bullish,Neutral,Neutral,Neutral,Neutral,Bullish,Neutral,3,1,none,"mechanical count <5 Bullish -- p1 not fetched per Section 0 amendment, Neutral. No overrides."
2026-09-03T07:11:26Z,2026-09-03 AM,PEPE,Neutral,Neutral,Neutral,Bullish,Neutral,Bullish,Neutral,Neutral,Bullish,Neutral,3,0,none,"mechanical count <5 Bullish -- p1 not fetched per Section 0 amendment, Neutral. No overrides."
2026-09-03T07:11:26Z,2026-09-03 AM,PYTH,Neutral,Bearish,Neutral,Neutral,Neutral,Bullish,Bullish,Neutral,Bullish,Neutral,3,1,none,"mechanical count <5 Bullish -- p1 not fetched per Section 0 amendment, Neutral. No overrides."
2026-09-03T07:11:26Z,2026-09-03 AM,TRX,Neutral,Neutral,Bearish,Bearish,Neutral,Bullish,Bearish,Neutral,Bullish,Neutral,2,3,none,"mechanical count <5 Bullish -- p1 not fetched per Section 0 amendment, Neutral. No overrides."
2026-09-03T07:11:26Z,2026-09-03 AM,UNI,Neutral,Bearish,Neutral,Neutral,Neutral,Bearish,Bullish,Neutral,Bullish,Neutral,2,2,none,"mechanical count <5 Bullish -- p1 not fetched per Section 0 amendment, Neutral. No overrides."
2026-09-03T07:11:26Z,2026-09-03 AM,TAO,Neutral,Neutral,Neutral,Neutral,Neutral,Bullish,Neutral,Neutral,Bullish,Neutral,2,0,none,"mechanical count <5 Bullish -- p1 not fetched per Section 0 amendment, Neutral. No overrides."
2026-09-03T07:11:26Z,2026-09-03 AM,POL,Neutral,Neutral,Neutral,Neutral,Neutral,Bullish,Neutral,Neutral,Bullish,Neutral,2,0,none,"mechanical count <5 Bullish -- p1 not fetched per Section 0 amendment, Neutral. No overrides."
2026-09-03T19:08:55Z,2026-09-03 PM,BTC,Neutral,Neutral,Neutral,Neutral,Neutral,Bullish,Neutral,Neutral,Bullish,Neutral,2,0,none,"mechanical count <5 Bullish -- p1 not fetched per Section 0 amendment, Neutral. No overrides."
2026-09-03T19:08:55Z,2026-09-03 PM,ETH,Neutral,Bullish,Bullish,Bullish,Neutral,Bullish,Bullish,Neutral,Bullish,Neutral,6,0,none,"sentiment.py: flat interest, genuinely mixed -- euphoria (81% bullish poll, $3200-$10K targets, 'asymmetric upside') vs capitulation (sentiment -3.0/10, 'worrying price-demand divergence', 'smart money bearish', 'narrative exhaustion'). No clean crowd-extreme dominance either way."
2026-09-03T19:08:55Z,2026-09-03 PM,BNB,Neutral,Bullish,Neutral,Neutral,Neutral,Bullish,Bearish,Neutral,Bullish,Neutral,3,1,none,"mechanical count <5 Bullish -- p1 not fetched per Section 0 amendment, Neutral. No overrides."
2026-09-03T19:08:55Z,2026-09-03 PM,XRP,Neutral,Bearish,Bullish,Neutral,Neutral,Bullish,Neutral,Neutral,Bullish,Neutral,3,1,none,"mechanical count <5 Bullish -- p1 not fetched per Section 0 amendment, Neutral. No overrides."
2026-09-03T19:08:55Z,2026-09-03 PM,SOL,Neutral,Bearish,Bullish,Neutral,Neutral,Bullish,Neutral,Neutral,Bullish,Neutral,3,1,none,"mechanical count <5 Bullish -- p1 not fetched per Section 0 amendment, Neutral. No overrides."
2026-09-03T19:08:55Z,2026-09-03 PM,TRX,Neutral,Neutral,Neutral,Bearish,Neutral,Bullish,Neutral,Neutral,Bullish,Neutral,2,1,none,"mechanical count <5 Bullish -- p1 not fetched per Section 0 amendment, Neutral. No overrides."
2026-09-03T19:08:55Z,2026-09-03 PM,DOGE,Neutral,Neutral,Bullish,Neutral,Neutral,Bullish,Bullish,Neutral,Bullish,Neutral,4,0,none,"mechanical count <5 Bullish -- p1 not fetched per Section 0 amendment, Neutral. No overrides."
2026-09-03T19:08:55Z,2026-09-03 PM,ZEC,Neutral,Bearish,Bearish,Neutral,Neutral,Bullish,Bullish,Neutral,Bullish,Neutral,3,2,none,"mechanical count <5 Bullish -- p1 not fetched per Section 0 amendment, Neutral. No overrides."
2026-09-03T19:08:55Z,2026-09-03 PM,ADA,Neutral,Neutral,Bullish,Neutral,Neutral,Bullish,Neutral,Neutral,Bullish,Neutral,3,0,none,"mechanical count <5 Bullish -- p1 not fetched per Section 0 amendment, Neutral. No overrides."
2026-09-03T19:08:55Z,2026-09-03 PM,LINK,Neutral,Bearish,Bullish,Neutral,Neutral,Bullish,Neutral,Neutral,Bullish,Neutral,3,1,none,"mechanical count <5 Bullish -- p1 not fetched per Section 0 amendment, Neutral. No overrides."
2026-09-03T19:08:55Z,2026-09-03 PM,UNI,Neutral,Bearish,Bearish,Neutral,Bullish,Bullish,Bullish,Neutral,Bullish,Neutral,4,2,none,"mechanical count <5 Bullish -- p1 not fetched per Section 0 amendment, Neutral. No overrides."
2026-09-03T19:08:55Z,2026-09-03 PM,AAVE,Bearish,Bearish,Bullish,Bullish,Neutral,Bullish,Bullish,Neutral,Bullish,Neutral,5,2,none,"sentiment.py: flat interest, dominant euphoria (100%+ rally call, $175 target, bullish pennant/breakout charts), zero capitulation offset despite genuine V4/tokenized-collateral catalyst context. Contrarian Bearish."
2026-09-03T19:08:55Z,2026-09-03 PM,ENA,Neutral,Bearish,Bullish,Neutral,Neutral,Bullish,Bearish,Neutral,Bullish,Neutral,3,2,none,"mechanical count <5 Bullish -- p1 not fetched per Section 0 amendment, Neutral. No overrides."
2026-09-03T19:08:55Z,2026-09-03 PM,MORPHO,Neutral,Bullish,Bullish,Bullish,Neutral,Bullish,Neutral,Neutral,Bullish,Neutral,5,0,held,"sentiment.py: falling interest, zero euphoria/capitulation markers -- sparse factual chatter (Coinbase partnership, Morpho vaults on Base, rate comparisons to Aave). No crowd-extreme dominance either way."
2026-09-03T19:08:55Z,2026-09-03 PM,ONDO,Neutral,Bullish,Neutral,Neutral,Neutral,Bullish,Bearish,Neutral,Bullish,Neutral,3,1,none,"mechanical count <5 Bullish -- p1 not fetched per Section 0 amendment, Neutral. No overrides."
2026-09-03T19:08:55Z,2026-09-03 PM,ETHFI,Neutral,Bearish,Bullish,Neutral,Neutral,Neutral,Bullish,Neutral,Bullish,Neutral,3,1,none,"mechanical count <5 Bullish -- p1 not fetched per Section 0 amendment, Neutral. No overrides."
2026-09-03T19:08:55Z,2026-09-03 PM,CAKE,Bearish,Bearish,Bearish,Bullish,Bullish,Bullish,Bullish,Neutral,Bullish,Neutral,5,3,none,"sentiment.py: rising interest, dominant euphoria ($10-$25 targets, rocket emojis, 'CAKE SEASON', 'never sell', multiple-TP influencer calls), zero capitulation offset. Contrarian Bearish."
2026-09-03T19:08:55Z,2026-09-03 PM,JUP,Bearish,Bullish,Bullish,Bearish,Neutral,Bullish,Bearish,Neutral,Bullish,Neutral,4,3,held,"sentiment.py: flat interest, dominant euphoria (price targets $4-$8, 'about to go on a RUN', 'HIGHERRRRRR', 'heating up'), narrative driven by a pump.fun-JUP spam-vote campaign -- the lone capitulation marker (a single opened short) doesn't offset the one-sided hype stack. Contrarian Bearish, same recurring pattern this hold."
2026-09-03T19:08:55Z,2026-09-03 PM,VET,Neutral,Bearish,Bullish,Bullish,Neutral,Neutral,Neutral,Neutral,Bullish,Neutral,3,1,none,"mechanical count <5 Bullish -- p1 not fetched per Section 0 amendment, Neutral. No overrides."
2026-09-03T19:08:55Z,2026-09-03 PM,HBAR,Neutral,Neutral,Bullish,Neutral,Neutral,Bullish,Neutral,Neutral,Bullish,Neutral,3,0,none,"mechanical count <5 Bullish -- p1 not fetched per Section 0 amendment, Neutral. No overrides."
2026-09-03T19:08:55Z,2026-09-03 PM,SHIB,Neutral,Neutral,Bullish,Bullish,Neutral,Bullish,Bullish,Neutral,Bullish,Neutral,5,0,none,"sentiment.py: flat interest, genuinely mixed -- pump/breakout hype vs whale-offloading concern (unverified red flag) and downside-risk chatter. No clean crowd-extreme dominance either way."
2026-09-03T19:08:55Z,2026-09-03 PM,PEPE,Neutral,Neutral,Bullish,Neutral,Neutral,Bearish,Bearish,Neutral,Bullish,Neutral,2,2,none,"mechanical count <5 Bullish -- p1 not fetched per Section 0 amendment, Neutral. No overrides."
2026-09-03T19:08:55Z,2026-09-03 PM,TAO,Neutral,Neutral,Bullish,Neutral,Neutral,Bullish,Neutral,Neutral,Bullish,Neutral,3,0,none,"mechanical count <5 Bullish -- p1 not fetched per Section 0 amendment, Neutral. No overrides."
2026-09-03T19:08:55Z,2026-09-03 PM,POL,Neutral,Neutral,Neutral,Neutral,Neutral,Bullish,Neutral,Neutral,Bullish,Neutral,2,0,none,"mechanical count <5 Bullish -- p1 not fetched per Section 0 amendment, Neutral. No overrides."
2026-09-03T19:08:55Z,2026-09-03 PM,PENGU,Neutral,Bearish,Bullish,Bullish,Neutral,Bullish,Neutral,Neutral,Bullish,Neutral,4,1,none,"mechanical count <5 Bullish -- p1 not fetched per Section 0 amendment, Neutral. No overrides."
2026-09-03T19:08:55Z,2026-09-03 PM,ARB,Bearish,Bearish,Bearish,Bullish,Bullish,Bullish,Bullish,Neutral,Bullish,Neutral,5,3,none,"sentiment.py: flat interest, dominant euphoria (rocket emojis, price targets $0.48-$5.00, literal 'STRONG ROCKET'/'EUPHORIC STRETCH' language), zero capitulation offset. Contrarian Bearish."
2026-09-03T19:08:55Z,2026-09-03 PM,PYTH,Neutral,Bearish,Neutral,Neutral,Neutral,Bullish,Bullish,Neutral,Bullish,Neutral,3,1,none,"mechanical count <5 Bullish -- p1 not fetched per Section 0 amendment, Neutral. No overrides."
2026-09-03T19:08:55Z,2026-09-03 PM,ASTER,Neutral,Neutral,Bullish,Bullish,Neutral,Bullish,Bullish,Neutral,Bullish,Neutral,5,0,none,"sentiment.py: flat interest, genuinely mixed -- breakout/altseason euphoria ($1-$3+ targets) vs capitulation language ('fall off cliff -40%', 'trapped bagholders') and an unverified fraud claim. No clean crowd-extreme dominance either way."
2026-09-03T19:08:55Z,2026-09-03 PM,ICP,Neutral,Neutral,Bullish,Neutral,Neutral,Bullish,Bullish,Neutral,Bullish,Neutral,4,0,none,"mechanical count <5 Bullish -- p1 not fetched per Section 0 amendment, Neutral. No overrides."
2026-09-03T19:08:55Z,2026-09-03 PM,NEAR,Bearish,Bullish,Bullish,Neutral,Neutral,Bullish,Bullish,Neutral,Bullish,Neutral,5,1,none,"sentiment.py: flat interest, dominant euphoria ($2-$3 targets, bullish breakout/inverse-H&S calls, 'mega send', profit-taking brags), zero capitulation offset despite a constructive quantum-safe-wallet catalyst thread. Contrarian Bearish."
2026-09-04T07:12:19Z,2026-09-04 AM,AAVE,Bearish,Bearish,Bullish,Bullish,Neutral,Bullish,Bullish,Bullish,Bullish,Neutral,6,2,none,"sentiment.py: falling interest, dominant euphoria (bullish pennant to $175, 100%+ upside calls) despite one profit-taking-signal post, zero capitulation offset. Contrarian Bearish, consistent with the prior checkpoint's read."
2026-09-04T07:12:19Z,2026-09-04 AM,ADA,Neutral,Neutral,Bullish,Neutral,Neutral,Bullish,Neutral,Bullish,Bullish,Neutral,4,0,none,"mechanical count <5 Bullish -- p1 not fetched per Section 0 amendment, Neutral. No overrides."
2026-09-04T07:12:19Z,2026-09-04 AM,ARB,Bearish,Bearish,Bearish,Bullish,Neutral,Bullish,Bullish,Bullish,Bullish,Neutral,5,3,none,"sentiment.py: rising interest, dominant euphoria (1.5-5x targets, 'violent re-rating', 'strong mania alerts', high-volume excitement on the Robinhood Chain narrative), zero capitulation offset (the unlock-dilution mention is a fundamental risk note, not crowd sentiment). Contrarian Bearish, consistent with the prior checkpoint's read."
2026-09-04T07:12:19Z,2026-09-04 AM,ASTER,Neutral,Neutral,Bullish,Bullish,Neutral,Bullish,Neutral,Bullish,Bullish,Neutral,5,0,none,"sentiment.py: flat interest, genuinely mixed -- euphoria ($1-3 triangle-breakout targets, altseason hype) offset by real capitulation-flavored chatter ('trapped bagholders', 'fall off cliff', unverified CZ-dump scam claim). No clean crowd-extreme dominance either way."
2026-09-04T07:12:19Z,2026-09-04 AM,BNB,Neutral,Bullish,Neutral,Neutral,Neutral,Bullish,Bearish,Bullish,Bullish,Neutral,4,1,none,"mechanical count <5 Bullish -- p1 not fetched per Section 0 amendment, Neutral. No overrides."
2026-09-04T07:12:19Z,2026-09-04 AM,BTC,Neutral,Neutral,Neutral,Neutral,Neutral,Bullish,Neutral,Bullish,Bullish,Neutral,3,0,none,"mechanical count <5 Bullish -- p1 not fetched per Section 0 amendment, Neutral. No overrides."
2026-09-04T07:12:19Z,2026-09-04 AM,CAKE,Bearish,Bearish,Neutral,Bullish,Neutral,Bullish,Bullish,Bullish,Bullish,Neutral,5,2,none,"sentiment.py: rising interest, dominant euphoria (rocket emojis, $2.30-$20+ targets, 'CAKE is cooking', 'primed for double digit'), zero capitulation offset. Contrarian Bearish, consistent with the prior checkpoint's read."
2026-09-04T07:12:19Z,2026-09-04 AM,DOGE,Neutral,Neutral,Bullish,Neutral,Neutral,Bullish,Bullish,Bullish,Bullish,Neutral,5,0,none,"sentiment.py: flat interest, genuinely mixed -- euphoria (targets $0.14/$0.40, ETF-approval optimism) offset by real capitulation chatter ('retail getting wrecked', stretched RSI concern). No clean crowd-extreme dominance either way."
2026-09-04T07:12:19Z,2026-09-04 AM,ENA,Neutral,Bearish,Bullish,Neutral,Neutral,Bullish,Bearish,Bullish,Bullish,Neutral,4,2,none,"mechanical count <5 Bullish -- p1 not fetched per Section 0 amendment, Neutral. No overrides."
2026-09-04T07:12:19Z,2026-09-04 AM,ETH,Neutral,Bullish,Bullish,Bullish,Neutral,Bullish,Bullish,Bullish,Bullish,Neutral,7,0,armed,"sentiment.py: flat interest, genuinely mixed -- no euphoria or capitulation markers, narrative split between BTC-mirroring/ETF-inflow constructiveness and relative-underperformance concern. No clean crowd-extreme dominance either way."
2026-09-04T07:12:19Z,2026-09-04 AM,ETHFI,Bearish,Bullish,Bullish,Bullish,Bearish,Bullish,Bullish,Bullish,Bullish,Neutral,7,2,armed,"sentiment.py: falling interest but euphoria still dominates the narrative (repetitive $50/$250 price-target lists, rocket-emoji pump posts), zero capitulation offset. Contrarian Bearish despite the falling-interest reading."
2026-09-04T07:12:19Z,2026-09-04 AM,HBAR,Neutral,Neutral,Bullish,Neutral,Neutral,Bullish,Neutral,Bullish,Bullish,Neutral,4,0,none,"mechanical count <5 Bullish -- p1 not fetched per Section 0 amendment, Neutral. No overrides."
2026-09-04T07:12:19Z,2026-09-04 AM,ICP,Bearish,Neutral,Bullish,Neutral,Neutral,Bullish,Bullish,Bullish,Bullish,Neutral,5,1,none,"sentiment.py: flat interest, euphoria dominates (targets $2.65-3.5, rocket emojis, 'trillion dollar play', shorts covering on a volume spike) with only a weak, historical-context capitulation reference ('99% from ATH' used inside a base-building post, not active despair). Contrarian Bearish."
2026-09-04T07:12:19Z,2026-09-04 AM,JUP,Bearish,Bullish,Bullish,Neutral,Neutral,Bullish,Neutral,Bullish,Bullish,Neutral,5,1,held,"sentiment.py: flat interest, dominant euphoria (Moonshot push/voting, $4-$8 targets, 'HIGHERRRRRRR'/'about to go on a RUN', AI-agent integrations spun positively), zero capitulation offset. Contrarian Bearish, same recurring pattern this hold."
2026-09-04T07:12:19Z,2026-09-04 AM,LINK,Neutral,Bearish,Bullish,Bullish,Neutral,Bullish,Bullish,Bullish,Bullish,Neutral,6,1,none,"sentiment.py: flat interest, genuinely mixed -- euphoria (targets $12-27, rocket emojis) offset by real capitulation/frustration markers (short setups at $11.15-11.40, 'token never pumps', 'tick tock loser' at the team). No clean crowd-extreme dominance either way."
2026-09-04T07:12:19Z,2026-09-04 AM,MORPHO,Neutral,Bullish,Bullish,Bullish,Neutral,Bullish,Neutral,Bullish,Bullish,Neutral,6,0,held,"sentiment.py: flat interest, one mild euphoria marker ($2.90/$4.00 price-discovery targets) amid otherwise scattered factual chatter (DeFi TVL/Morpho-leading-lending, HTX spot rewards listing), zero capitulation offset but no clean crowd-extreme dominance either way -- too thin a euphoria stack to force Bearish."
2026-09-04T07:12:19Z,2026-09-04 AM,NEAR,Neutral,Bullish,Bullish,Bullish,Neutral,Bullish,Bullish,Bullish,Bullish,Neutral,7,0,armed,"sentiment.py: flat interest, genuinely mixed -- euphoria ($10 targets, bullish reversal charts, millionaire-hold-list mentions) offset by real capitulation-flavored chatter (foundation-dumping complaints, poor-price-action notes). No clean crowd-extreme dominance either way."
2026-09-04T07:12:19Z,2026-09-04 AM,ONDO,Neutral,Neutral,Neutral,Bullish,Neutral,Bullish,Neutral,Bullish,Bullish,Neutral,4,0,none,"mechanical count <5 Bullish -- p1 not fetched per Section 0 amendment, Neutral. No overrides."
2026-09-04T07:12:19Z,2026-09-04 AM,PENGU,Neutral,Neutral,Bullish,Bullish,Neutral,Bullish,Neutral,Bullish,Bullish,Neutral,5,0,none,"sentiment.py: falling interest, genuinely mixed -- one promotional Moonshot-vote mention against unverified scam/death-spiral capitulation-flavored claims. No clean crowd-extreme dominance either way; scam claims read as unverified noise, not a clean contrarian signal."
2026-09-04T07:12:19Z,2026-09-04 AM,PEPE,Neutral,Neutral,Bullish,Bullish,Neutral,Neutral,Bearish,Bullish,Bullish,Neutral,4,1,none,"mechanical count <5 Bullish -- p1 not fetched per Section 0 amendment, Neutral. No overrides."
2026-09-04T07:12:19Z,2026-09-04 AM,POL,Neutral,Neutral,Neutral,Neutral,Neutral,Bullish,Neutral,Bullish,Bullish,Neutral,3,0,none,"mechanical count <5 Bullish -- p1 not fetched per Section 0 amendment, Neutral. No overrides."
2026-09-04T07:12:19Z,2026-09-04 AM,PYTH,Bearish,Bullish,Bullish,Neutral,Neutral,Bullish,Bullish,Bullish,Bullish,Neutral,6,1,none,"sentiment.py: rising interest, dominant euphoria (targets to $0.09, rocket emojis, momentum long calls) layered on genuine fundamental expansion (equities/commodities data, revenue, buybacks), zero capitulation offset. Contrarian Bearish -- fundamentals don't offset the crowd-extreme read."
2026-09-04T07:12:19Z,2026-09-04 AM,SHIB,Neutral,Neutral,Bullish,Bullish,Neutral,Bullish,Bullish,Bullish,Bullish,Neutral,6,0,none,"sentiment.py: flat interest, no euphoria or capitulation markers -- narrative reads as quiet, factual accumulation (Shibarium activity, burns, price holding support). Doesn't cleanly fit either column (interest flat, not improving) -- Neutral, not stretched to force a 7th Bullish."
2026-09-04T07:12:19Z,2026-09-04 AM,SOL,Neutral,Bullish,Bullish,Bullish,Neutral,Bullish,Neutral,Bullish,Bullish,Neutral,6,0,none,"sentiment.py: flat interest, genuinely mixed -- euphoria (targets $135-150, 'SOL cheap in bull market', breakout momentum) offset by real capitulation chatter (sellers dominating, further downside expected). No clean crowd-extreme dominance either way."
2026-09-04T07:12:19Z,2026-09-04 AM,TAO,Neutral,Neutral,Bullish,Bullish,Neutral,Bullish,Neutral,Bullish,Bullish,Neutral,5,0,none,"sentiment.py: flat interest, no euphoria or capitulation markers -- low-chatter, technical/build-focused narrative (subnet activity, relative-strength framing). Doesn't cleanly fit either column -- Neutral."
2026-09-04T07:12:19Z,2026-09-04 AM,TRX,Neutral,Neutral,Bearish,Bearish,Neutral,Bullish,Neutral,Bullish,Bullish,Neutral,3,2,none,"mechanical count <5 Bullish -- p1 not fetched per Section 0 amendment, Neutral. No overrides."
2026-09-04T07:12:19Z,2026-09-04 AM,UNI,Neutral,Bearish,Bearish,Neutral,Neutral,Bullish,Bullish,Bullish,Bullish,Neutral,4,2,none,"mechanical count <5 Bullish -- p1 not fetched per Section 0 amendment, Neutral. No overrides."
2026-09-04T07:12:19Z,2026-09-04 AM,VET,Neutral,Bearish,Bullish,Bullish,Neutral,Neutral,Neutral,Bullish,Bullish,Neutral,4,1,none,"mechanical count <5 Bullish -- p1 not fetched per Section 0 amendment, Neutral. No overrides."
2026-09-04T07:12:19Z,2026-09-04 AM,XRP,Bearish,Neutral,Bullish,Bullish,Neutral,Bullish,Bullish,Bullish,Bullish,Neutral,6,1,none,"sentiment.py: rising interest, dominant euphoria ('$10 dream returns', rocket emojis, ETF inflows framed euphorically on a Fed-dovish rally), zero capitulation offset. Contrarian Bearish -- classic 'everyone's in' rising-interest-plus-euphoria read."
2026-09-04T07:12:19Z,2026-09-04 AM,ZEC,Neutral,Bearish,Bearish,Neutral,Neutral,Bullish,Bullish,Bullish,Bullish,Neutral,4,2,none,"mechanical count <5 Bullish -- p1 not fetched per Section 0 amendment, Neutral. No overrides."
2026-09-04T19:05:56Z,2026-09-04 PM,AAVE,Bearish,Bearish,Bullish,Bullish,Neutral,Bullish,Bullish,Bullish,Bullish,Neutral,6,2,none,"sentiment.py: flat interest, one euphoria marker (100%+ rally expectation on a breakout-retest chart) with zero capitulation offset, consistent with the prior checkpoint's read. Contrarian Bearish."
2026-09-04T19:05:56Z,2026-09-04 PM,ADA,Neutral,Neutral,Bullish,Neutral,Neutral,Bullish,Bullish,Bullish,Bullish,Neutral,5,0,none,"sentiment.py: falling interest, no euphoria or capitulation markers -- sparse technical/ranking mentions only. Neutral."
2026-09-04T19:05:56Z,2026-09-04 PM,ARB,Bearish,Bearish,Neutral,Bullish,Bearish,Bullish,Bullish,Bullish,Bullish,Neutral,5,3,none,"sentiment.py: rising interest, dominant euphoria (13-48% weekly-gain brags, long-bias calls on holding support) despite an unverified bad-tokenomics red flag, zero capitulation offset, consistent with the prior checkpoint's read. Contrarian Bearish."
2026-09-04T19:05:56Z,2026-09-04 PM,ASTER,Neutral,Neutral,Bullish,Bullish,Neutral,Bullish,Bullish,Bullish,Bullish,Neutral,6,0,none,"sentiment.py: flat interest, genuinely mixed -- breakout euphoria ($1-3+ targets, accumulation calls) offset by real capitulation-flavored chatter (team-selling claims, 'trapped bagholders above $1.20', an unverified fraud accusation). No clean crowd-extreme dominance either way."
2026-09-04T19:05:56Z,2026-09-04 PM,BNB,Neutral,Bullish,Bullish,Neutral,Neutral,Bullish,Neutral,Bullish,Bullish,Neutral,5,0,none,"sentiment.py: flat interest, genuinely mixed -- Axiom V2-launch excitement/migration chatter offset by real culture/engagement complaints ('BNB pains: culture thinner, rugs assumed, moves only on CZ posts'). No clean crowd-extreme dominance either way."
2026-09-04T19:05:56Z,2026-09-04 PM,BTC,Neutral,Neutral,Bullish,Neutral,Neutral,Bullish,Neutral,Bullish,Bullish,Neutral,4,0,none,"mechanical count <5 Bullish -- p1 not fetched per Section 0 amendment, Neutral. No overrides."
2026-09-04T19:05:56Z,2026-09-04 PM,CAKE,Bearish,Bearish,Neutral,Bullish,Bearish,Bullish,Bullish,Bullish,Bullish,Neutral,5,3,none,"sentiment.py: flat interest, dominant euphoria ($44 ATH/20x-potential calls, 'massive rally to $24', rocket emojis) against one unverified 'scam token' capitulation-flavored claim, consistent with the prior checkpoint's read. Contrarian Bearish."
2026-09-04T19:05:56Z,2026-09-04 PM,DOGE,Neutral,Neutral,Bullish,Neutral,Neutral,Bullish,Bearish,Bullish,Bullish,Neutral,4,1,none,"mechanical count <5 Bullish -- p1 not fetched per Section 0 amendment, Neutral. No overrides."
2026-09-04T19:05:56Z,2026-09-04 PM,ENA,Neutral,Bearish,Bullish,Neutral,Neutral,Bullish,Neutral,Bullish,Bullish,Neutral,4,1,none,"mechanical count <5 Bullish -- p1 not fetched per Section 0 amendment, Neutral. No overrides."
2026-09-04T19:05:56Z,2026-09-04 PM,ETH,Bullish,Bullish,Bullish,Bullish,Neutral,Bullish,Bullish,Bullish,Bullish,Neutral,8,0,confirmed,"sentiment.py: flat interest, zero euphoria markers, clean capitulation stack (sentiment scores dipping to -3.0/-2.0, narrative exhaustion, bearish smart-money read, 'struggling with limited upside') -- capitulation with no euphoria offset, mechanical picture stays golden-cross clean (8/9 Bullish). Contrarian Bullish."
2026-09-04T19:05:56Z,2026-09-04 PM,ETHFI,Bearish,Bullish,Bullish,Neutral,Neutral,Bullish,Bullish,Bullish,Bullish,Neutral,6,1,lapsed,"sentiment.py: flat interest, strong euphoria ('10X potential', 'sky is the limit') outweighing thin capitulation counter-signals (a single closed-long mention, an unverified fraud accusation) -- euphoria still the dominant crowd read despite the improving revenue/buyback narrative. Contrarian Bearish."
2026-09-04T19:05:56Z,2026-09-04 PM,FIL,Neutral,Neutral,Neutral,Neutral,Neutral,Bullish,Neutral,Bullish,Bullish,Neutral,3,0,none,"mechanical count <5 Bullish -- p1 not fetched per Section 0 amendment, Neutral. No overrides."
2026-09-04T19:05:56Z,2026-09-04 PM,HBAR,Bullish,Neutral,Bullish,Neutral,Neutral,Bullish,Bullish,Bullish,Bullish,Neutral,6,0,none,"sentiment.py: flat interest, zero euphoria markers, genuine frustration/despair chatter ('HBAR is shit, not even outperforming BTC', 'didn't even break ATH last cycle', 'desperate for some good hbar bull stuff'), zero euphoria offset. Contrarian Bullish (capitulation read)."
2026-09-04T19:05:56Z,2026-09-04 PM,JUP,Bearish,Bullish,Bullish,Neutral,Bearish,Bullish,Bearish,Bullish,Bullish,Neutral,5,3,held,"sentiment.py: flat interest, dominant euphoria ($4-$8 targets, rocket emojis, 'about to go on a RUN'/'liquidity tsunami'), zero capitulation offset. Contrarian Bearish, same recurring pattern this hold."
2026-09-04T19:05:56Z,2026-09-04 PM,LINK,Bearish,Bullish,Bullish,Bullish,Neutral,Bullish,Bullish,Bullish,Bullish,Neutral,7,1,armed,"sentiment.py: flat interest, dominant euphoria ($50-100 2027-29 targets, rocket-emoji $12/$15.5/$20 calls, institutional-onboarding hype), zero capitulation offset despite genuine utility/partnership narrative underneath. Contrarian Bearish."
2026-09-04T19:05:56Z,2026-09-04 PM,MORPHO,Neutral,Bullish,Bullish,Bullish,Neutral,Bullish,Bearish,Bullish,Bullish,Neutral,6,1,held,"sentiment.py: flat interest, zero euphoria or capitulation markers -- factual TVL/deposit-record/integration narrative (one unverified HYPE-mint-manipulation red flag noted, not a sentiment signal). No clean crowd-extreme dominance either way."
2026-09-04T19:05:56Z,2026-09-04 PM,NEAR,Bearish,Bullish,Bullish,Bullish,Neutral,Neutral,Bullish,Bullish,Bullish,Neutral,6,1,lapsed,"sentiment.py: flat interest, clean euphoria ($10 targets, 'gonna pump more during weekend') with zero capitulation offset this checkpoint (the foundation-dumping complaints seen at AM did not resurface). Contrarian Bearish."
2026-09-04T19:05:56Z,2026-09-04 PM,ONDO,Neutral,Neutral,Neutral,Bullish,Neutral,Bullish,Bearish,Bullish,Bullish,Neutral,4,1,none,"mechanical count <5 Bullish -- p1 not fetched per Section 0 amendment, Neutral. No overrides."
2026-09-04T19:05:56Z,2026-09-04 PM,PENGU,Neutral,Neutral,Neutral,Bullish,Neutral,Bullish,Neutral,Bullish,Bullish,Neutral,4,0,none,"mechanical count <5 Bullish -- p1 not fetched per Section 0 amendment, Neutral. No overrides."
2026-09-04T19:05:56Z,2026-09-04 PM,PEPE,Neutral,Neutral,Neutral,Bullish,Neutral,Bullish,Bearish,Bullish,Bullish,Neutral,4,1,none,"mechanical count <5 Bullish -- p1 not fetched per Section 0 amendment, Neutral. No overrides."
2026-09-04T19:05:56Z,2026-09-04 PM,POL,Neutral,Neutral,Neutral,Neutral,Neutral,Bullish,Neutral,Bullish,Bullish,Neutral,3,0,none,"mechanical count <5 Bullish -- p1 not fetched per Section 0 amendment, Neutral. No overrides."
2026-09-04T19:05:56Z,2026-09-04 PM,PYTH,Bearish,Bullish,Bullish,Neutral,Neutral,Bullish,Bullish,Bullish,Bullish,Neutral,6,1,none,"sentiment.py: flat interest, dominant euphoria (targets to $0.09, rocket emojis, buy-signal chart calls), zero capitulation offset. Contrarian Bearish."
2026-09-04T19:05:56Z,2026-09-04 PM,SHIB,Neutral,Neutral,Neutral,Bullish,Neutral,Bullish,Bullish,Bullish,Bullish,Neutral,5,0,none,"sentiment.py: flat interest, only a mild TA-embedded price-target mention (0.0000072/0.000011 inside a chart-setup post), no capitulation markers -- too thin a stack to force a euphoria-driven Bearish read. Neutral."
2026-09-04T19:05:56Z,2026-09-04 PM,SOL,Bullish,Bullish,Bullish,Bullish,Neutral,Bullish,Neutral,Bullish,Bullish,Neutral,7,0,armed,"sentiment.py: flat interest, zero euphoria markers, despair-flavored capitulation language ('fucked right now, nobody believes in anything longer than dumping on someone', treated 'like a casino chip'), zero euphoria offset. Contrarian Bullish (capitulation read)."
2026-09-04T19:05:56Z,2026-09-04 PM,TAO,Neutral,Neutral,Neutral,Bullish,Neutral,Bullish,Neutral,Bullish,Bullish,Neutral,4,0,none,"mechanical count <5 Bullish -- p1 not fetched per Section 0 amendment, Neutral. No overrides."
2026-09-04T19:05:56Z,2026-09-04 PM,TRX,Neutral,Bullish,Neutral,Bearish,Neutral,Bullish,Neutral,Bullish,Bullish,Neutral,4,1,none,"mechanical count <5 Bullish -- p1 not fetched per Section 0 amendment, Neutral. No overrides."
2026-09-04T19:05:56Z,2026-09-04 PM,UNI,Neutral,Bearish,Bearish,Neutral,Bearish,Bullish,Bullish,Bullish,Bullish,Neutral,4,3,none,"mechanical count <5 Bullish -- p1 not fetched per Section 0 amendment, Neutral. No overrides."
2026-09-04T19:05:56Z,2026-09-04 PM,VET,Neutral,Bearish,Bullish,Bullish,Neutral,Neutral,Neutral,Bullish,Bullish,Neutral,4,1,none,"mechanical count <5 Bullish -- p1 not fetched per Section 0 amendment, Neutral. No overrides."
2026-09-04T19:05:56Z,2026-09-04 PM,XRP,Bearish,Neutral,Bullish,Bullish,Neutral,Bullish,Bullish,Bullish,Bullish,Neutral,6,1,none,"sentiment.py: flat interest, genuine narrative deterioration (bank-bridge thesis being sidelined by RLUSD/stablecoins, 'legacy zombie asset', 'thesis dead' framing) outweighing the generic $1.40-target euphoria chatter -- a narrative-shift read, not a clean crowd-euphoria one. Contrarian Bearish."
2026-09-04T19:05:56Z,2026-09-04 PM,ZEC,Neutral,Bearish,Bearish,Neutral,Bullish,Bullish,Bullish,Bullish,Bullish,Neutral,5,2,none,"sentiment.py: flat interest, scattered low-engagement chatter with no structured euphoria or capitulation markers -- doesn't cleanly fit either column. Neutral."
2026-09-05T07:10:00Z,2026-09-05 AM,AAVE,Neutral,Bearish,Bullish,Bullish,Neutral,Bullish,Bullish,Bullish,Bullish,Neutral,6,1,none,"sentiment.py: flat interest, zero euphoria, only one isolated bearish call ('stop using Aave') against matter-of-fact V4/tokenized-stocks growth talk -- no crowd extreme either way."
2026-09-05T07:10:00Z,2026-09-05 AM,ADA,Bearish,Neutral,Bullish,Neutral,Neutral,Bullish,Bullish,Bullish,Bullish,Neutral,5,1,none,"sentiment.py: euphoria dominant (inverse-H&S $0.27 targets, rocket emojis, whale-accumulation bullish bias, rotation-narrative shift), zero capitulation offset."
2026-09-05T07:10:00Z,2026-09-05 AM,ARB,Bearish,Bearish,Neutral,Bullish,Neutral,Bullish,Bullish,Bullish,Bullish,Neutral,5,2,none,"sentiment.py: rising interest plus euphoria dominance on a fresh 90% surge (Robinhood Chain revival hype, 'record fees', 'leads the bounce'), zero capitulation offset -- classic FOMO-chase pattern."
2026-09-05T07:10:00Z,2026-09-05 AM,ASTER,Neutral,Neutral,Bullish,Neutral,Neutral,Bullish,Neutral,Bullish,Bullish,Neutral,4,0,none,"mechanical count <5 this checkpoint -- not fetched per standing rule, p1 Neutral"
2026-09-05T07:10:00Z,2026-09-05 AM,BNB,Neutral,Bullish,Neutral,Neutral,Neutral,Bullish,Neutral,Bullish,Bullish,Neutral,4,0,none,"mechanical count <5 this checkpoint -- not fetched per standing rule, p1 Neutral"
2026-09-05T07:10:00Z,2026-09-05 AM,BTC,Neutral,Neutral,Bullish,Neutral,Neutral,Bullish,Bullish,Bullish,Bullish,Neutral,5,0,none,"sentiment.py: flat interest, dominant narrative is tight-range/miner-hedging talk, only two generic euphoria markers ('yolo', 'spicy prediction chart') -- not a one-sided crowd-extreme read."
2026-09-05T07:10:00Z,2026-09-05 AM,CAKE,Bearish,Bearish,Neutral,Bullish,Neutral,Bullish,Bullish,Bullish,Bullish,Neutral,5,2,none,"sentiment.py: rising interest plus clear euphoria dominance (16.8%-in-30min profit brags, $24 target ~12x spot, '20x potential' framing), zero capitulation offset -- price/narrative consistent with real PancakeSwap CAKE, no ticker-collision red flag this run."
2026-09-05T07:10:00Z,2026-09-05 AM,DOGE,Neutral,Neutral,Bullish,Neutral,Neutral,Bullish,Bullish,Bullish,Bullish,Neutral,5,0,none,"sentiment.py: genuinely mixed technical calls ($0.14 bull target vs bearish MFI/VWAP distribution read), no crowd-extreme dominance."
2026-09-05T07:10:00Z,2026-09-05 AM,ENA,Neutral,Bearish,Bullish,Neutral,Neutral,Bullish,Neutral,Bullish,Bullish,Neutral,4,1,none,"mechanical count <5 this checkpoint -- not fetched per standing rule, p1 Neutral"
2026-09-05T07:10:00Z,2026-09-05 AM,ETH,Neutral,Bullish,Bullish,Bullish,Neutral,Bullish,Bearish,Bullish,Bullish,Neutral,6,1,cut,"sentiment.py: flat interest, mixed/neutral sentiment scores (6.0/10, 81/19 bull/bear) alongside noted relative weakness vs BTC, zero clean euphoria or capitulation markers flagged. STAGED-ENTRY NON-CONFIRMATION -- CUT THE HALF (Section 5 step 9). Confirmed and half-entered PM 09-04 at 8/10 (0 Bearish). This AM: p1 flipped Bullish->Neutral (capitulation stack cleared, now flat/mixed sentiment) and p7_oi flipped Bullish->Bearish (24h -3.0%, 7d +19.6%, a mixed cross-window read) -- confluence eased 8/10 -> 6/10, below the required >=7/10 to add the second half. Per Section 5 step 9's explicit mechanic ('no confirmation -> cut the half'), the stage-1 half is cut this checkpoint. No signed-off amendment (LESSONS.md Proposal 1, REVIEW-2026-09.md) has relaxed this rule yet, so it is applied as written rather than judged case-by-case."
2026-09-05T07:10:00Z,2026-09-05 AM,ETHFI,Bearish,Bullish,Bullish,Neutral,Neutral,Bullish,Bullish,Bullish,Bullish,Neutral,6,1,none,"sentiment.py: euphoria dominant (10x/$5B mcap/$2 targets on buybacks+unlocks-ending narrative), zero capitulation offset."
2026-09-05T07:10:00Z,2026-09-05 AM,FIL,Neutral,Neutral,Bullish,Neutral,Bearish,Bullish,Neutral,Bullish,Bullish,Neutral,4,1,none,"mechanical count <5 this checkpoint -- not fetched per standing rule, p1 Neutral"
2026-09-05T07:10:00Z,2026-09-05 AM,HBAR,Bearish,Neutral,Bullish,Neutral,Neutral,Bullish,Bullish,Bullish,Bullish,Neutral,5,1,none,"sentiment.py: euphoria dominant (multiple price targets $0.12-$0.79, 'HBAR bulls are back in control', double-bottom/wedge chart hype tied to Clarity Act catalyst), zero capitulation offset."
2026-09-05T07:10:00Z,2026-09-05 AM,JUP,Bearish,Bullish,Bullish,Neutral,Neutral,Bullish,Neutral,Bullish,Bullish,Neutral,5,1,held,"sentiment.py: rising interest plus recurring euphoria dominance ($4-8 targets, 'about to go on a RUN', YTD-outperformance bragging), zero capitulation offset -- same pattern flagged every recent checkpoint. HELD, no changes. Confluence improved 5/10 (1/10 Bearish, p1 only) from PM 09-04's 5/10 (3/10 Bearish) -- p5_volz and p7_oi both rolled back to Neutral, the recurring rvol/OI-divergence pattern easing. Price +0.48% vs avg entry, invalidation ($0.203) not close. Interim review not due until 2026-09-15."
2026-09-05T07:10:00Z,2026-09-05 AM,LINK,Bearish,Bullish,Bullish,Bullish,Neutral,Bullish,Bullish,Bullish,Bullish,Neutral,7,1,confirmed,"sentiment.py: euphoria stack dominant (rocket emojis, $12-14.34 targets, 'pomp it', 'biblical pump', 'parabolic'), zero capitulation offset. CONFIRMED: armed PM 09-04 (7/10, 1 Bearish), holds 7/10 (1 Bearish, same p1 euphoria flag) 2nd consecutive checkpoint -- entry gate cleared, staged half-entry executed this checkpoint."
2026-09-05T07:10:00Z,2026-09-05 AM,MORPHO,Neutral,Bullish,Bullish,Bullish,Neutral,Bullish,Bearish,Bullish,Bullish,Neutral,6,1,held,"sentiment.py: interest falling, sparse technical/governance chatter, zero euphoria or capitulation, one unverified red-flag claim not corroborated. HELD, no changes. p7_oi Bearish -- 24h OI printed -24.6%, 7d -20.3%, a sharp deepening vs the 'mixed cross-window' read at PM 09-04, directly touching the entry thesis's own named test ('OI keeps expanding alongside price, not diverging'). Flagged explicitly as a fresh watch item given the size of the swing, but Bearish count is unchanged at 1/10 (same as the last two checkpoints, not an escalation of the gate), price still +1.14% vs avg entry, dev-from-50DMA a clean 16.7%, RSI 57.3 mid-band, invalidation ($2.28) not remotely close (~9.3% headroom) -- judged not yet sufficient for a Weakening downgrade on a single reading, given this hold's repeated history of single-checkpoint OI swings proving to be OI_HISTORY.json rolling-window noise. Interim review not due until 2026-09-09."
2026-09-05T07:10:00Z,2026-09-05 AM,NEAR,Neutral,Bearish,Neutral,Neutral,Neutral,Bullish,Bullish,Bullish,Bullish,Neutral,4,1,none,"mechanical count <5 this checkpoint -- not fetched per standing rule, p1 Neutral"
2026-09-05T07:10:00Z,2026-09-05 AM,ONDO,Neutral,Bullish,Bullish,Bullish,Neutral,Neutral,Bullish,Bullish,Bullish,Neutral,6,0,none,"sentiment.py: flat interest, genuinely mixed chatter ('ignored despite AUM' vs 'bullish momentum' vs 'shit token lagging'), no crowd-extreme dominance."
2026-09-05T07:10:00Z,2026-09-05 AM,PENGU,Neutral,Neutral,Bullish,Bullish,Neutral,Bullish,Neutral,Bullish,Bullish,Neutral,5,0,none,"sentiment.py: thin/scattered chatter (trending-list mentions, support-bounce TA), only one isolated grievance complaint (scam/team-selling accusations) -- not genuine widespread capitulation, no euphoria either."
2026-09-05T07:10:00Z,2026-09-05 AM,PEPE,Neutral,Neutral,Neutral,Bullish,Neutral,Bullish,Neutral,Bullish,Bullish,Neutral,4,0,none,"mechanical count <5 this checkpoint -- not fetched per standing rule, p1 Neutral"
2026-09-05T07:10:00Z,2026-09-05 AM,POL,Neutral,Neutral,Neutral,Neutral,Neutral,Bullish,Neutral,Bullish,Bullish,Neutral,3,0,none,"mechanical count <5 this checkpoint -- not fetched per standing rule, p1 Neutral"
2026-09-05T07:10:00Z,2026-09-05 AM,PYTH,Neutral,Bullish,Bullish,Neutral,Neutral,Bullish,Bullish,Bullish,Bullish,Neutral,6,0,none,"sentiment.py: genuinely mixed technical chatter (bullish bias above 0.056 vs bearish distribution calls on a 3.2% dump), no clean crowd-extreme dominance."
2026-09-05T07:10:00Z,2026-09-05 AM,SHIB,Neutral,Neutral,Bullish,Bullish,Neutral,Bullish,Bullish,Bullish,Bullish,Neutral,6,0,none,"sentiment.py: only boilerplate fan cheerleading (rocket emojis, '#SHIBARMYSTRONG') explicitly amid 'quiet activity' per the model's own narrative -- not a genuine crowd-extreme euphoria read."
2026-09-05T07:10:00Z,2026-09-05 AM,SOL,Bearish,Bullish,Bullish,Bullish,Neutral,Bullish,Neutral,Bullish,Bullish,Neutral,6,1,lapsed,"sentiment.py: rising interest plus euphoria dominance (5.5x/28x meme profit-call bragging on a green session), zero capitulation offset -- gains-chasing. LAPSES: was armed PM 09-04 (7/10, 0 Bearish, p7_oi Bullish then); this AM p7_oi rolled Bullish->Neutral (OI 24h -2.4%/7d -2.6%, both turned mildly negative) and p1 read Bearish (rising interest + meme-profit euphoria) -- mechanical 6/9 + Bearish p1 = 6/10, one short of the second-consecutive-checkpoint bar. Would need a fresh 7/10 read to re-arm."
2026-09-05T07:10:00Z,2026-09-05 AM,TAO,Neutral,Neutral,Bullish,Neutral,Neutral,Neutral,Neutral,Bullish,Bullish,Neutral,3,0,none,"mechanical count <5 this checkpoint -- not fetched per standing rule, p1 Neutral"
2026-09-05T07:10:00Z,2026-09-05 AM,TRX,Neutral,Bullish,Neutral,Bearish,Neutral,Bullish,Neutral,Bullish,Bullish,Neutral,4,1,none,"mechanical count <5 this checkpoint -- not fetched per standing rule, p1 Neutral"
2026-09-05T07:10:00Z,2026-09-05 AM,UNI,Neutral,Bearish,Bearish,Neutral,Neutral,Bullish,Bullish,Bullish,Bullish,Neutral,4,2,none,"mechanical count <5 this checkpoint -- not fetched per standing rule, p1 Neutral"
2026-09-05T07:10:00Z,2026-09-05 AM,VET,Neutral,Bearish,Neutral,Bullish,Neutral,Neutral,Neutral,Bullish,Bullish,Neutral,3,1,none,"mechanical count <5 this checkpoint -- not fetched per standing rule, p1 Neutral"
2026-09-05T07:10:00Z,2026-09-05 AM,XRP,Bearish,Neutral,Bullish,Bullish,Neutral,Bullish,Bullish,Bullish,Bullish,Neutral,6,1,none,"sentiment.py: narrative deterioration dominant ('RLUSD killed XRP', 'legacy Tier 2B zombie asset', 'XRP is a scam token'), outweighing milder generic price-target chatter -- explicit narrative_change toward dead-thesis framing."
2026-09-05T07:10:00Z,2026-09-05 AM,ZEC,Neutral,Bearish,Bearish,Neutral,Neutral,Bullish,Bullish,Bullish,Bullish,Neutral,4,2,none,"mechanical count <5 this checkpoint -- not fetched per standing rule, p1 Neutral"
2026-09-05T19:10:00Z,2026-09-05 PM,AAVE,Bearish,Bearish,Bullish,Bullish,Neutral,Bullish,Bullish,Bullish,Bullish,Neutral,6,2,none,"sentiment.py: flat interest, euphoria markers present (100%+ rally price target, 'still very undervalued', aiming 140+), zero capitulation offset -- contrarian Bearish."
2026-09-05T19:10:00Z,2026-09-05 PM,ADA,Bearish,Neutral,Bullish,Neutral,Neutral,Bullish,Bullish,Bullish,Bullish,Neutral,5,1,none,"sentiment.py: euphoria dominant (optimistic $0.80 2026 targets, 6-10x DCA calls), one dismissive 'dino coin' comment too thin to offset -- contrarian Bearish."
2026-09-05T19:10:00Z,2026-09-05 PM,ARB,Neutral,Bearish,Bearish,Bullish,Neutral,Bearish,Bullish,Bullish,Bullish,Neutral,4,3,none,"mechanical count <5 this checkpoint -- not fetched per standing rule, p1 Neutral"
2026-09-05T19:10:00Z,2026-09-05 PM,ASTER,Neutral,Neutral,Neutral,Neutral,Bullish,Neutral,Bullish,Bullish,Bullish,Neutral,4,0,none,"mechanical count <5 this checkpoint -- not fetched per standing rule, p1 Neutral"
2026-09-05T19:10:00Z,2026-09-05 PM,BNB,Neutral,Bullish,Bearish,Bullish,Bullish,Bullish,Bullish,Bullish,Bullish,Neutral,7,1,armed,"sentiment.py: flat interest, chatter centers on Axiom-platform launch/meme-trading excitement, no clean price-target euphoria or capitulation dominance -- Neutral. NEWLY ARMED: first checkpoint reaching 7/10 Bullish (1/10 Bearish, p3_rsi overheated at RSI 79.4) -- needs AM 09-06 to confirm."
2026-09-05T19:10:00Z,2026-09-05 PM,BTC,Neutral,Neutral,Bullish,Neutral,Neutral,Bullish,Neutral,Bullish,Bullish,Neutral,4,0,none,"mechanical count <5 this checkpoint -- not fetched per standing rule, p1 Neutral"
2026-09-05T19:10:00Z,2026-09-05 PM,CAKE,Bearish,Bearish,Bearish,Bullish,Bullish,Bullish,Bullish,Bullish,Bullish,Neutral,6,3,none,"sentiment.py: rising interest, euphoria dominant (rocket emojis, $40/$25 price targets, 'will make everyone rich'), zero capitulation offset -- contrarian Bearish."
2026-09-05T19:10:00Z,2026-09-05 PM,DOGE,Bearish,Neutral,Bullish,Neutral,Neutral,Bullish,Bullish,Bullish,Bullish,Neutral,5,1,none,"sentiment.py: euphoria dominant (moon/millions rhetoric, rocket emojis, DOGE-1 SpaceX-launch hype), zero capitulation offset -- contrarian Bearish."
2026-09-05T19:10:00Z,2026-09-05 PM,ENA,Neutral,Bearish,Bullish,Neutral,Neutral,Bullish,Neutral,Bullish,Bullish,Neutral,4,1,none,"mechanical count <5 this checkpoint -- not fetched per standing rule, p1 Neutral"
2026-09-05T19:10:00Z,2026-09-05 PM,ETH,Bullish,Bullish,Bullish,Bullish,Neutral,Bullish,Bullish,Bullish,Bullish,Neutral,8,0,armed,"sentiment.py: falling interest, genuine capitulation stack ('momentum dead at $2418', 'could dump to $2200', negative-ETF-flow framing), zero euphoria offset, mechanical picture clean golden-cross (7/9 Bullish, 0/9 Bearish) -- capitulation against clean structure reads contrarian Bullish. NEWLY ARMED: first checkpoint back at >=7/10 since the AM 09-05 stage-1 cut (non-confirmation) closed the prior sequence -- 8/10 (0/10 Bearish), needs AM 09-06 to confirm as a fresh sequence."
2026-09-05T19:10:00Z,2026-09-05 PM,ETHFI,Neutral,Bullish,Bullish,Neutral,Neutral,Bullish,Bullish,Bullish,Bullish,Neutral,6,0,none,"sentiment.py: flat interest, narrative on buybacks/product features with mild 'not bearish' framing, no clean crowd-extreme dominance either way (contrast AM 09-05's euphoria-dominant read -- narrative cooled) -- Neutral."
2026-09-05T19:10:00Z,2026-09-05 PM,FIL,Neutral,Neutral,Bullish,Neutral,Neutral,Bullish,Bearish,Bullish,Bullish,Neutral,4,1,none,"mechanical count <5 this checkpoint -- not fetched per standing rule, p1 Neutral"
2026-09-05T19:10:00Z,2026-09-05 PM,HBAR,Neutral,Neutral,Bullish,Neutral,Neutral,Bullish,Bullish,Bullish,Bullish,Neutral,5,0,none,"sentiment.py: flat interest, no clean euphoria markers this fetch (contrast AM's price-target-dominant read), one isolated capitulation post ('DUMP TO FIVE') and a Trump-clip political mention -- neither dominant -- Neutral."
2026-09-05T19:10:00Z,2026-09-05 PM,JUP,Bearish,Bullish,Bullish,Neutral,Neutral,Bullish,Bearish,Bullish,Bullish,Neutral,5,2,held,"sentiment.py: rising interest, recurring euphoria dominance ($4-8 targets, rocket emojis, 'HIGHERRRRRRR', 'liquidity tsunami'), zero capitulation offset -- same pattern flagged every recent checkpoint. HELD, no changes."
2026-09-05T19:10:00Z,2026-09-05 PM,LINK,Neutral,Bearish,Bullish,Neutral,Neutral,Bullish,Bullish,Bullish,Bullish,Neutral,5,1,cut,"sentiment.py: flat interest, thin/scattered low-engagement chatter (Robinhood-leaderboard vote, generic trend-list mention, technical update), no clean crowd-extreme dominance -- Neutral (contrast AM's euphoria-dominant Bearish read, cooled). Confluence eased 7/10 (AM stage-1 confirm) -> 5/10 (1/10 Bearish): p2_dma flipped Bullish->Bearish as dev-from-50DMA crossed to 25.2% (just over the 25% overextension override line) and p1 cooled Bearish->Neutral. STAGE-2 ADD DID NOT CONFIRM -- below the required >=7/10; per Section 5 step 9 ('no confirmation -> cut the half'), the stage-1 half is cut this checkpoint."
2026-09-05T19:10:00Z,2026-09-05 PM,MORPHO,Neutral,Bullish,Bullish,Bullish,Neutral,Bullish,Bearish,Bullish,Bullish,Neutral,6,1,held,"sentiment.py: falling interest, sparse factual mentions (Base-ecosystem tier list, AI-signal-stack inclusion), zero crowd-extreme dominance -- Neutral. HELD, no changes. p7_oi stays Bearish -- 7d OI printed -19.2% (second consecutive deeply-negative 7d print, matching AM's -20.3%), though 24h eased sharply to -5.3% from AM's -24.6%. This is the self-committed reassessment trigger flagged AM 09-05 ('a second consecutive deeply-negative OI print'). Reassessed: conviction stays Intact, not Weakening -- every other leg (price +0.65% vs avg entry, dev-from-50DMA 16.2% comfortably under the 25% line, RSI 56.7 mid-band, invalidation headroom ~8.9%) stayed clean, and the sharp 24h improvement argues against a genuinely worsening trend rather than a lagged 7d-window echo, consistent with this hold's repeated OI_HISTORY.json rolling-window-noise history. Firm commitment: a THIRD consecutive checkpoint with the 7d print still deeply negative (worse than -15%) and no 24h improvement will be treated as Weakening and trigger a half-trim, regardless of Bearish count."
2026-09-05T19:10:00Z,2026-09-05 PM,NEAR,Neutral,Bullish,Bullish,Neutral,Neutral,Bullish,Bullish,Bullish,Bullish,Neutral,6,0,none,"sentiment.py: flat interest, mixed (one rocket-emoji infra-thesis post vs one short-position mention), no clean crowd-extreme dominance -- Neutral."
2026-09-05T19:10:00Z,2026-09-05 PM,ONDO,Neutral,Bullish,Neutral,Bullish,Neutral,Bullish,Bullish,Bullish,Bullish,Neutral,6,0,none,"sentiment.py: falling interest, genuinely mixed TA/skeptical chatter ('closed position, insufficient strength' vs bullish EMA-flip calls), no clean crowd-extreme dominance -- Neutral."
2026-09-05T19:10:00Z,2026-09-05 PM,PENGU,Bearish,Neutral,Bullish,Bullish,Neutral,Bullish,Neutral,Bullish,Bullish,Neutral,5,1,none,"sentiment.py: rising interest, euphoria dominant (add-more-for-profit calls, 'higher' emoji spam, volume-explosion framing), one isolated unverified scam accusation too thin to offset -- contrarian Bearish."
2026-09-05T19:10:00Z,2026-09-05 PM,PEPE,Neutral,Neutral,Bullish,Neutral,Neutral,Bullish,Bearish,Bullish,Bullish,Neutral,4,1,none,"mechanical count <5 this checkpoint -- not fetched per standing rule, p1 Neutral"
2026-09-05T19:10:00Z,2026-09-05 PM,POL,Neutral,Neutral,Neutral,Neutral,Neutral,Bullish,Neutral,Bullish,Bullish,Neutral,3,0,none,"mechanical count <5 this checkpoint -- not fetched per standing rule, p1 Neutral"
2026-09-05T19:10:00Z,2026-09-05 PM,PYTH,Neutral,Bullish,Bullish,Neutral,Neutral,Bullish,Bullish,Bullish,Bullish,Neutral,6,0,none,"sentiment.py: flat interest, mostly factual product-expansion narrative (Pyth Pro/Indices coverage growth) with only thin hype markers ('top 20 guaranteed'), no clean crowd-extreme dominance -- Neutral."
2026-09-05T19:10:00Z,2026-09-05 PM,SHIB,Neutral,Neutral,Bullish,Bullish,Neutral,Bullish,Bullish,Bullish,Bullish,Neutral,6,0,none,"sentiment.py: falling interest, boilerplate fan cheerleading ($0.05 targets, 'HIGHER!') scattered amid other meme-coin chatter, not genuine crowd-extreme mania -- Neutral, consistent with this hold's repeated pattern."
2026-09-05T19:10:00Z,2026-09-05 PM,SOL,Bearish,Bullish,Bullish,Bullish,Neutral,Bullish,Neutral,Bullish,Bullish,Neutral,6,1,none,"sentiment.py: euphoria dominant ($500/$1.2k price targets, cup-and-handle breakout hype, rocket emoji), zero capitulation offset -- contrarian Bearish. Still lapsed (6/10) -- needs a fresh 7/10 read to re-arm."
2026-09-05T19:10:00Z,2026-09-05 PM,TAO,Neutral,Neutral,Bullish,Neutral,Neutral,Bullish,Neutral,Bullish,Bullish,Neutral,4,0,none,"mechanical count <5 this checkpoint -- not fetched per standing rule, p1 Neutral"
2026-09-05T19:10:00Z,2026-09-05 PM,TRX,Neutral,Bullish,Neutral,Bearish,Neutral,Bullish,Bearish,Bullish,Bullish,Neutral,4,2,none,"mechanical count <5 this checkpoint -- not fetched per standing rule, p1 Neutral"
2026-09-05T19:10:00Z,2026-09-05 PM,UNI,Neutral,Bearish,Bearish,Neutral,Neutral,Bullish,Bullish,Bullish,Bullish,Neutral,4,2,none,"mechanical count <5 this checkpoint -- not fetched per standing rule, p1 Neutral"
2026-09-05T19:10:00Z,2026-09-05 PM,VET,Neutral,Bearish,Neutral,Bullish,Neutral,Neutral,Neutral,Bullish,Bullish,Neutral,3,1,none,"mechanical count <5 this checkpoint -- not fetched per standing rule, p1 Neutral"
2026-09-05T19:10:00Z,2026-09-05 PM,XRP,Neutral,Neutral,Bullish,Bullish,Neutral,Bullish,Bullish,Bullish,Bullish,Neutral,6,0,none,"sentiment.py: flat interest, skepticism on the $589 target ('settle for 4 this year') and CLARITY-Act regulatory mentions mixed with signal-service spam -- no clean crowd-extreme dominance -- Neutral (contrast AM's narrative-deterioration-dominant Bearish read, not repeated this fetch)."
2026-09-05T19:10:00Z,2026-09-05 PM,ZEC,Neutral,Bearish,Bearish,Neutral,Neutral,Neutral,Bullish,Bullish,Bullish,Neutral,3,2,none,"mechanical count <5 this checkpoint -- not fetched per standing rule, p1 Neutral"
2026-09-06T07:10:00Z,2026-09-06 AM,AAVE,Neutral,Bearish,Bullish,Bullish,Neutral,Bullish,Bullish,Bullish,Bullish,Neutral,6,1,none,"sentiment.py: flat interest, no euphoria/capitulation markers -- dominant narrative is a large whale USDC transfer plus routine chart/utility notes, no clean crowd-extreme dominance."
2026-09-06T07:10:00Z,2026-09-06 AM,ADA,Bearish,Neutral,Bullish,Neutral,Neutral,Bullish,Bullish,Bullish,Bullish,Neutral,5,1,none,"sentiment.py: rising interest, euphoria dominant (long-term $1/$3/$10 targets, rocket emojis, 'pumping hard', 'serious momentum', +13%/$600M-volume bragging), zero capitulation offset -- contrarian Bearish."
2026-09-06T07:10:00Z,2026-09-06 AM,ARB,Bearish,Bearish,Bearish,Bullish,Bullish,Bullish,Bullish,Bullish,Bullish,Neutral,6,3,none,"sentiment.py: rising interest, euphoria dominant (rocket emojis, 'explosive pump breakout', 'ARB pumping hard', 'who caught this move', 'doubled recently'), zero capitulation offset -- contrarian Bearish, consistent with the extreme mechanical overextension this checkpoint (dev-from-50DMA +111.4%, RSI 85.0)."
2026-09-06T07:10:00Z,2026-09-06 AM,ASTER,Neutral,Neutral,Neutral,Bullish,Neutral,Bearish,Bullish,Bullish,Bullish,Neutral,4,1,none,"mechanical count <5 this checkpoint -- not fetched per standing rule, p1 Neutral"
2026-09-06T07:10:00Z,2026-09-06 AM,BNB,Neutral,Bullish,Bearish,Neutral,Neutral,Bullish,Bullish,Bullish,Bullish,Neutral,5,1,lapsed,"sentiment.py: flat interest, hype-flavored narrative (BNB V2/'BSC super cycle'/community sloganeering) without clean price-target euphoria, offset by a genuine leverage-trap/OI-divergence caution -- no clean crowd-extreme dominance either way, Neutral (same bar applied PM 09-05). LAPSES: was armed PM 09-05 (7/10, 1 Bearish); mechanical p4_rvol and p5_volz both rolled Bullish->Neutral this checkpoint (RSI stays overheated at 75.6, p3_rsi still Bearish) -- mechanical count fell 7->5, total 5/10, two short of the second-consecutive-checkpoint bar. Would need a fresh 7/10 read to re-arm."
2026-09-06T07:10:00Z,2026-09-06 AM,BTC,Neutral,Neutral,Bullish,Neutral,Neutral,Bullish,Neutral,Bullish,Bullish,Neutral,4,0,none,"mechanical count <5 this checkpoint -- not fetched per standing rule, p1 Neutral"
2026-09-06T07:10:00Z,2026-09-06 AM,CAKE,Bearish,Bearish,Bearish,Bullish,Neutral,Bullish,Bullish,Bullish,Bullish,Neutral,5,3,none,"sentiment.py: rising interest, euphoria dominant ($24/$10-25 targets, '20x potential to ATH $44', breakout/squeeze framing), zero capitulation offset -- contrarian Bearish. Content matches the real PancakeSwap token this fetch (deflationary mechanics, PancakeSwap utility, BNB ecosystem) -- no LESSONS #12-style ticker collision this time."
2026-09-06T07:10:00Z,2026-09-06 AM,DOGE,Neutral,Neutral,Bullish,Neutral,Neutral,Bullish,Bullish,Bullish,Bullish,Neutral,5,0,none,"sentiment.py: falling interest, no clean euphoria/capitulation markers -- narrative is mostly comparative (ZEC surpassing DOGE by mcap) with one thin 'get ready' pump comment, not dominant either way -- Neutral."
2026-09-06T07:10:00Z,2026-09-06 AM,ENA,Neutral,Bearish,Bullish,Bullish,Neutral,Bearish,Neutral,Bullish,Bullish,Neutral,4,2,none,"mechanical count <5 this checkpoint -- not fetched per standing rule, p1 Neutral"
2026-09-06T07:10:00Z,2026-09-06 AM,ETH,Neutral,Bullish,Bullish,Bullish,Neutral,Bullish,Bullish,Bullish,Bullish,Neutral,7,0,confirmed,"sentiment.py: flat interest, zero euphoria/capitulation markers -- dominant narrative is factual (wave-4 consolidation holding $2355, ETF inflows, institutional targeting) -- Neutral (cooled from PM 09-05's genuine capitulation stack). CONFIRMED -- 2nd consecutive checkpoint >=7/10 (PM 09-05 8/10 armed -> AM 09-06 7/10 confirmed, 0/10 Bearish both checkpoints). Mechanical p2-10 held clean 7/9 Bullish, 0/9 Bearish (p5_volz, p10_fg Neutral)."
2026-09-06T07:10:00Z,2026-09-06 AM,ETHFI,Bearish,Bullish,Bullish,Bullish,Bearish,Bullish,Bullish,Bullish,Bullish,Neutral,7,2,armed,"sentiment.py: rising interest, euphoria dominant ('10x potential', 'sky is the limit', 'strongest communities'), zero capitulation offset -- contrarian Bearish, consistent with this hold's recurring euphoria-driven p1 pattern. NEWLY ARMED: first checkpoint reaching 7/10 Bullish this sequence (PM 09-05 was 6/10, none) -- mechanical p4_rvol flipped Neutral->Bullish and p5_volz stayed the sole mechanical Bearish flag; needs PM 09-06 to confirm."
2026-09-06T07:10:00Z,2026-09-06 AM,FIL,Neutral,Neutral,Bullish,Neutral,Neutral,Bullish,Bearish,Bullish,Bullish,Neutral,4,1,none,"mechanical count <5 this checkpoint -- not fetched per standing rule, p1 Neutral"
2026-09-06T07:10:00Z,2026-09-06 AM,HBAR,Neutral,Neutral,Bullish,Neutral,Neutral,Bearish,Bullish,Bullish,Bullish,Neutral,4,1,none,"mechanical count <5 this checkpoint -- not fetched per standing rule, p1 Neutral"
2026-09-06T07:10:00Z,2026-09-06 AM,JUP,Bearish,Bullish,Bullish,Neutral,Neutral,Neutral,Bullish,Bullish,Bullish,Neutral,5,1,held,"sentiment.py: flat interest, euphoria dominant ($0.45 targets, rocket emojis, 'stack every dip') outweighing a single unverified scheme/red-flag claim, zero genuine capitulation offset -- contrarian Bearish, the same recurring pattern flagged nearly every checkpoint this hold. HELD, no changes -- price $0.2428 (+11.6% vs avg entry $0.217553), still golden-cross clean, dev-from-50DMA +23.7% (comfortably under the 25% overextension line), RSI 63.6 mid-upper band. Confluence 5/10 (1/10 Bearish, p1 only) -- nowhere near the exit gate. Invalidation $0.203 not breached (~16.4% headroom, the widest of the hold)."
2026-09-06T07:10:00Z,2026-09-06 AM,LINK,Bearish,Bearish,Bullish,Bullish,Bearish,Bullish,Bullish,Bullish,Bullish,Neutral,6,3,none,"sentiment.py: falling interest, euphoria dominant (price targets 2200-2400 sats/$40, 'breaking out' charts, rocket emojis) outweighing one thin capitulation-flavored complaint about LINK never pumping, plus an unverified buyback/dump allegation -- contrarian Bearish. Not held (closed PM 09-05 on staged-entry non-confirmation)."
2026-09-06T07:10:00Z,2026-09-06 AM,MORPHO,Neutral,Bullish,Bullish,Bullish,Neutral,Bullish,Bearish,Bullish,Bullish,Neutral,6,1,held,"sentiment.py: falling interest, no euphoria markers, narrative is trader positioning/technical talk (bearish setup, new shorts, resistance-reclaim needed) rather than genuine crowd-extreme capitulation -- Neutral. HELD, no changes -- price $2.528 (+1.69% vs avg entry $2.485638), golden-cross intact (dev-from-50DMA +16.8%, comfortably under the 25% overextension line), RSI 57.7 mid-band. p7_oi stays Bearish: 7d OI printed -17.7% -- a THIRD consecutive deeply-negative 7d print (AM 09-05 -20.3% -> PM 09-05 -19.2% -> AM 09-06 -17.7%), the exact count named in the AM/PM 09-05 reassessment commitments. However the joint trigger condition ('third consecutive deeply-negative 7d AND no 24h improvement') is NOT fully met: 24h OI printed +7.6%, a sharp improvement from PM 09-05's -5.3% and the second consecutive 24h improvement in a row -- reinforcing rather than undermining the standing OI_HISTORY.json rolling-window-noise read. Per the letter of the AM/PM 09-05 commitment, conviction stays Intact, no half-trim triggered. Invalidation $2.28 not breached (~9.8% headroom). Interim review date 2026-09-09, not today."
2026-09-06T07:10:00Z,2026-09-06 AM,NEAR,Neutral,Bearish,Neutral,Neutral,Neutral,Bearish,Bullish,Bullish,Bullish,Neutral,3,2,none,"mechanical count <5 this checkpoint -- not fetched per standing rule, p1 Neutral"
2026-09-06T07:10:00Z,2026-09-06 AM,ONDO,Bearish,Bullish,Bullish,Bullish,Bearish,Neutral,Bullish,Bullish,Bullish,Neutral,6,2,none,"sentiment.py: flat interest, euphoria dominant ($0.49/$0.70/$1.17 price-target ladder, '+1000% upside', 'massive move incoming', 'phenomenal breakout'), zero capitulation offset -- contrarian Bearish."
2026-09-06T07:10:00Z,2026-09-06 AM,PENGU,Bearish,Neutral,Bullish,Bullish,Neutral,Bullish,Bearish,Bullish,Bullish,Neutral,5,2,none,"sentiment.py: flat interest, euphoria markers ('10c programmed', 'add again higher' profit-taking chatter) outweighing one isolated, unverified 'scam/death spiral' claim -- contrarian Bearish, consistent with this ticker's recurring pattern."
2026-09-06T07:10:00Z,2026-09-06 AM,PEPE,Neutral,Neutral,Bullish,Bullish,Neutral,Bullish,Neutral,Bullish,Bullish,Neutral,5,0,none,"sentiment.py: flat interest, no euphoria/capitulation markers -- only casual/comparative mentions of PEPE as a meme-coin benchmark, no clean crowd-extreme dominance -- Neutral."
2026-09-06T07:10:00Z,2026-09-06 AM,POL,Bearish,Neutral,Bullish,Bullish,Neutral,Bullish,Neutral,Bullish,Bullish,Neutral,5,1,none,"sentiment.py: falling interest, dominant narrative is genuinely deteriorating -- 'team accused of dumping tokens', 'token has no future', 'stuck at rock bottom', bearish-pennant chart calls -- read as deteriorating narrative (not a constructive capitulation-with-intact-thesis setup, given the accusatory/no-future framing) -- contrarian Bearish."
2026-09-06T07:10:00Z,2026-09-06 AM,PYTH,Neutral,Bullish,Bullish,Neutral,Neutral,Bullish,Bullish,Bullish,Bullish,Neutral,6,0,none,"sentiment.py: flat interest, no euphoria/capitulation markers -- narrative is mostly factual product news (24/7 equity indices) with only thin, mild positive chatter -- Neutral."
2026-09-06T07:10:00Z,2026-09-06 AM,SHIB,Neutral,Neutral,Bullish,Bullish,Neutral,Bullish,Bullish,Bullish,Bullish,Neutral,6,0,none,"sentiment.py: falling interest, one thin price-target-speculation marker amid otherwise sparse/boilerplate chatter -- not genuine crowd-extreme mania -- Neutral, consistent with this ticker's repeated pattern."
2026-09-06T07:10:00Z,2026-09-06 AM,SOL,Neutral,Bullish,Bullish,Bullish,Neutral,Bullish,Neutral,Bullish,Bullish,Neutral,6,0,none,"sentiment.py: flat interest, 'euphoria markers' listed are about unrelated Solana-ecosystem memecoin launches (trenchcat, believe, world_xyz), not $SOL price itself -- off-target noise, not genuine SOL-specific crowd-extreme dominance -- Neutral. Still lapsed (6/10) -- needs a fresh 7/10 read to re-arm."
2026-09-06T07:10:00Z,2026-09-06 AM,TAO,Bearish,Neutral,Bullish,Bullish,Neutral,Bullish,Neutral,Bullish,Bullish,Neutral,5,1,none,"sentiment.py: flat interest, euphoria dominant ('TAO paired launches are insane', long-term hold conviction, subnet-mining excitement, rocket emojis), zero capitulation offset -- contrarian Bearish."
2026-09-06T07:10:00Z,2026-09-06 AM,TRX,Neutral,Bullish,Neutral,Bearish,Neutral,Bullish,Bearish,Bullish,Bullish,Neutral,4,2,none,"mechanical count <5 this checkpoint -- not fetched per standing rule, p1 Neutral"
2026-09-06T07:10:00Z,2026-09-06 AM,UNI,Neutral,Bearish,Bearish,Neutral,Neutral,Bullish,Bullish,Bullish,Bullish,Neutral,4,2,none,"mechanical count <5 this checkpoint -- not fetched per standing rule, p1 Neutral"
2026-09-06T07:10:00Z,2026-09-06 AM,VET,Neutral,Bearish,Neutral,Bullish,Neutral,Neutral,Neutral,Bullish,Bullish,Neutral,3,1,none,"mechanical count <5 this checkpoint -- not fetched per standing rule, p1 Neutral"
2026-09-06T07:10:00Z,2026-09-06 AM,XRP,Bearish,Neutral,Bullish,Bullish,Neutral,Bullish,Bullish,Bullish,Bullish,Neutral,6,1,none,"sentiment.py: falling interest, euphoria dominant (BTC-300k-spillover speculation, institutional-adoption hype framed as inevitable ('giant leap in price', 'soaring high in 2026'), mint-record bragging), zero capitulation offset -- contrarian Bearish despite the falling-interest reading (same standard applied to ETHFI/other falling-interest-plus-euphoria cases this phase)."
2026-09-06T07:10:00Z,2026-09-06 AM,ZEC,Neutral,Bearish,Bearish,Neutral,Neutral,Bullish,Bullish,Bullish,Bullish,Neutral,4,2,none,"mechanical count <5 this checkpoint -- not fetched per standing rule, p1 Neutral"
2026-09-06T19:10:00Z,2026-09-06 PM,AAVE,Bearish,Bearish,Bullish,Bullish,Neutral,Bullish,Bullish,Bullish,Bullish,Neutral,6,2,none,"sentiment.py: rising interest, euphoria dominant ($AAVE waking up +4%, DeFi revival leading, whale $1M buy, 'no pullback entry' calls), zero capitulation offset -- contrarian Bearish."
2026-09-06T19:10:00Z,2026-09-06 PM,ADA,Neutral,Neutral,Bullish,Neutral,Neutral,Bullish,Bullish,Bullish,Bullish,Neutral,5,0,none,"sentiment.py: flat interest, zero euphoria/capitulation markers -- staking-pool/network-activity chatter and general altcoin trend-list mentions, no clean crowd-extreme dominance."
2026-09-06T19:10:00Z,2026-09-06 PM,ARB,Bearish,Bearish,Bearish,Bullish,Bullish,Bullish,Bullish,Bullish,Bullish,Neutral,6,3,none,"sentiment.py: rising interest, euphoria dominant (rocket emojis, 5-10x long-term targets, whales loading ahead of vote, Robinhood-adoption bullishness) outweighing a handful of exit-flavored posts ('sell this shit fast', 'generational exit lmao') -- contrarian Bearish, consistent with the extreme mechanical overextension this checkpoint (RSI 85-range, dev-from-50DMA well past +100%)."
2026-09-06T19:10:00Z,2026-09-06 PM,ASTER,Neutral,Neutral,Bullish,Bullish,Neutral,Bullish,Bullish,Bullish,Bullish,Neutral,6,0,none,"sentiment.py: falling interest, one thin euphoria marker ($8 price-target chatter) amid otherwise sparse/exploratory DEX-feature mentions -- too thin to force a contrarian read either way, Neutral."
2026-09-06T19:10:00Z,2026-09-06 PM,BNB,Neutral,Bullish,Neutral,Bullish,Neutral,Neutral,Bullish,Bullish,Bullish,Neutral,5,0,none,"sentiment.py: flat interest, hype-flavored sloganeering ('BNB STONKS SZN', 'never fade bnb chain', 'something brewing') without clean price-target euphoria, mixed with routine pullback-to-support chart chatter -- no clean crowd-extreme dominance, Neutral (same bar applied all week)."
2026-09-06T19:10:00Z,2026-09-06 PM,BTC,Neutral,Neutral,Bullish,Neutral,Neutral,Bullish,Neutral,Bullish,Bullish,Neutral,4,0,none,"mechanical count <5 this checkpoint -- not fetched per standing rule, p1 Neutral"
2026-09-06T19:10:00Z,2026-09-06 PM,CAKE,Bearish,Bearish,Bearish,Bullish,Bearish,Bullish,Bullish,Bullish,Bullish,Neutral,5,4,none,"sentiment.py: flat interest, euphoria dominant ('LFG $CAKE', 'bag loaded bro', 'locked and loaded, higher for $CAKE'), zero capitulation offset -- contrarian Bearish, consistent with this ticker's recurring pattern."
2026-09-06T19:10:00Z,2026-09-06 PM,DOGE,Neutral,Neutral,Bullish,Neutral,Neutral,Bullish,Bullish,Bullish,Bullish,Neutral,5,0,none,"sentiment.py: flat interest, zero euphoria/capitulation markers -- narrative is comparative/fading-relevance chatter (Solana rotation, cycle-meme comparisons), no clean crowd-extreme dominance."
2026-09-06T19:10:00Z,2026-09-06 PM,ENA,Neutral,Bearish,Bullish,Bullish,Neutral,Neutral,Neutral,Bullish,Bullish,Neutral,4,1,none,"mechanical count <5 this checkpoint -- not fetched per standing rule, p1 Neutral"
2026-09-06T19:10:00Z,2026-09-06 PM,ETH,Bullish,Bullish,Bullish,Bullish,Neutral,Bullish,Bullish,Bullish,Bullish,Neutral,8,0,held-stage2-add,"sentiment.py: flat interest, zero euphoria markers, capitulation-flavored technical chatter (double-top calls, 'bears gaining control', low single-digit sentiment scores with only slight recovery) -- contrarian Bullish (capitulation-flavored bearish trader positioning while thesis stays Playing Out/Intact), cooling further from AM's already-Neutral read. HELD -- STAGE-2 ADD: confluence held >=7/10 at the immediate next checkpoint since the AM 09-06 half-open confirmation (7/10 -> 8/10, strengthened; 0/10 Bearish both checkpoints). Price $2492.93 (-0.56% vs AM entry $2507.31), still golden-cross (dev-from-50DMA +18.5%, comfortably under the 25% overextension line), RSI 64.7 mid-band with room. OI still confirming both windows (24h +3.6%, 7d +2.9%), funding flat. Thesis test ('OI keeps expanding alongside price, price holds above 50DMA, RSI stays under 75') cleanly satisfied. BUY 0.198078 ETH @ $2492.93 = $493.7946 notional (matching the stage-1 half's original ~$493.79 sizing), 2026-09-06T19:10:00Z. Position now 0.395020 ETH, avg entry $2500.099323, full target size ~9.9% of portfolio."
2026-09-06T19:10:00Z,2026-09-06 PM,ETHFI,Bearish,Bullish,Bullish,Bullish,Neutral,Bullish,Bullish,Bullish,Bullish,Neutral,7,1,confirmed,"sentiment.py: rising interest, euphoria dominant (whale-attention alerts, rocket emojis, breakout-momentum hype, '+87% spot almost 2x, patience paying off'), zero capitulation offset -- contrarian Bearish, consistent with this hold's recurring euphoria-driven p1 pattern (same read as the AM arm). CONFIRMED ENTRY -- 2nd consecutive checkpoint >=7/10 (AM 09-06 7/10 armed -> PM 09-06 7/10 confirmed, 2/10 -> 1/10 Bearish, p1 the sole Bearish flag both checkpoints). Mechanical p2-10 held clean 7/9 Bullish, 0/9 Bearish both checkpoints (golden-cross, RSI 57.7 mid-band, OI strongly confirming 7d +23.7%). Sole confirmed candidate this checkpoint. Tier C (R=2.07, p=0.41, EV=+2.34%; Entry $0.5722, Target $0.68, Invalidation $0.52). Staged entry: opened at half target size (5% of $9,929.34 portfolio = $496.467, 867.6459 ETHFI). Second half adds only if confluence holds >=7/10 at the next checkpoint (AM 09-07); no confirmation cuts the half."
2026-09-06T19:10:00Z,2026-09-06 PM,FIL,Neutral,Neutral,Bullish,Neutral,Neutral,Bullish,Bearish,Bullish,Bullish,Neutral,4,1,none,"mechanical count <5 this checkpoint -- not fetched per standing rule, p1 Neutral"
2026-09-06T19:10:00Z,2026-09-06 PM,HBAR,Neutral,Neutral,Bullish,Neutral,Neutral,Bearish,Bullish,Bullish,Bullish,Neutral,4,1,none,"mechanical count <5 this checkpoint -- not fetched per standing rule, p1 Neutral"
2026-09-06T19:10:00Z,2026-09-06 PM,JUP,Bearish,Bearish,Bullish,Bullish,Bullish,Bullish,Bullish,Bullish,Bullish,Neutral,7,2,held,"sentiment.py: flat interest, euphoria dominant (rocket emojis, price targets, high-PnL brags including a +1393% claim, whale-buying alerts), zero capitulation offset -- contrarian Bearish, the same recurring pattern flagged nearly every checkpoint this hold. HELD, no changes -- price $0.2667 (+22.6% vs avg entry $0.217553, +9.8% vs AM 09-06 close), a very strong single-checkpoint move. Still above 50DMA ($0.196748) and 200DMA ($0.187776) in golden-cross structure, but dev-from-50DMA has stretched to +35.6% -- past the 25% overextension line for the first time this hold, flipping p2_dma Bullish->Bearish. RSI 69.3, upper edge of the 55-70 Bullish band but not yet overheated (>75). rvol 1.43 and volume z-score +9.24 both confirm a genuine breakout, not a low-conviction spike. Funding flat (0.01%/8h, no crowding). OI strongly confirming (24h +96.2%, 7d +106.2%). Invalidation $0.203 not breached (~23.9% headroom, the widest of the hold). Confluence held/improved to 7/10 (2/10 Bearish: p1 euphoria + fresh p2_dma overextension) -- well short of the 4/10-for-2-consecutive exit gate, but the overextension crossover is flagged explicitly as the fresh watch item given the size and speed of today's move (Section 9: overextension IS a bearish signal even in an uptrend). Thesis stays Playing Out, conviction stays Intact -- hold, no changes, watch closely for a further extension without a pullback."
2026-09-06T19:10:00Z,2026-09-06 PM,LINK,Bearish,Bearish,Bullish,Bullish,Neutral,Bearish,Bullish,Bullish,Bullish,Neutral,5,3,none,"sentiment.py: rising interest, euphoria dominant (price targets $14.5-18/$15, rocket emojis and bullish tags, 'undervalued' accumulation calls) outweighing thin historical references to past capitulation ('bagholders...capitulated', 'most hated asset') -- contrarian Bearish. Not held (closed PM 09-05 on staged-entry non-confirmation)."
2026-09-06T19:10:00Z,2026-09-06 PM,MORPHO,Neutral,Bullish,Bullish,Bullish,Neutral,Bullish,Neutral,Bullish,Bullish,Neutral,6,0,held,"sentiment.py: falling interest, zero euphoria/capitulation markers -- sparse mentions (scalping-short list inclusion, a small portfolio add, payment-card acceptance), no clean crowd-extreme dominance. HELD, no changes -- price $2.578 (+3.71% vs avg entry $2.485638), still above 50DMA ($2.16504, dev +19.1%, comfortably under the 25% overextension line) and 200DMA ($1.94561) in golden-cross structure. RSI 59.5 mid-band with room. Funding flat (0.01%/8h, no crowding). p7_oi eased back to Neutral this checkpoint (24h +16.5%, 7d -12.2%) -- the standing third-consecutive-deeply-negative-7d watch item from AM 09-06 resolved without escalating further; the mixed cross-window read stays consistent with this hold's repeated OI_HISTORY.json rolling-window-noise pattern rather than genuine deterioration. Invalidation $2.28 not breached (~11.6% headroom). Confluence held at 6/10, 0/10 Bearish -- the cleanest read of any holding this checkpoint. Interim review date 2026-09-09, not today."
2026-09-06T19:10:00Z,2026-09-06 PM,NEAR,Bearish,Bearish,Bearish,Neutral,Bullish,Bullish,Bullish,Bullish,Bullish,Neutral,5,3,none,"sentiment.py: rising interest, euphoria dominant (price targets $4.50-5, 'to the moon', 'up only', '$NEAR season'), zero capitulation offset -- contrarian Bearish."
2026-09-06T19:10:00Z,2026-09-06 PM,ONDO,Neutral,Bullish,Bullish,Bullish,Neutral,Bullish,Bullish,Bullish,Bullish,Neutral,7,0,armed,"sentiment.py: flat interest, mild dismissive/capitulation-flavored chatter ('shit token', 'no value', range-bound complaints) mixed with routine technical setups and factual RWA/tokenized-collateral narrative -- not a clean crowd-extreme either way, Neutral. NEWLY ARMED: first checkpoint reaching 7/10 Bullish this sequence (AM 09-06 was 6/10, none). Mechanical p2-10 improved to 7/9 Bullish, 0/9 Bearish (golden-cross clean, RSI 60-ish mid-band, OI confirming both windows). p1 sentiment read Neutral -- mild dismissive chatter, no clean crowd-extreme. Not currently held (exited 2026-08-29). Needs AM 09-07 to confirm. 1 open slot remains in the book (4/5 positions held post-ETHFI-entry) if ONDO confirms."
2026-09-06T19:10:00Z,2026-09-06 PM,PENDLE,Neutral,Bearish,Neutral,Bullish,Bullish,Bullish,Bullish,Bullish,Bullish,Neutral,6,1,none,"sentiment.py: flat interest, one thin euphoria marker (a single price-bounce/rocket-emoji post) amid otherwise technical/factual chatter (OI changes, shorts stacking, yield-tokenization/TVL features) -- too thin to force a contrarian read, Neutral."
2026-09-06T19:10:00Z,2026-09-06 PM,PENGU,Bearish,Neutral,Bullish,Bullish,Neutral,Bullish,Bearish,Bullish,Bullish,Neutral,5,2,none,"sentiment.py: flat interest, euphoria dominant (price targets, rocket emojis, 'not bullish enough', '10c is programmed'), zero capitulation offset -- contrarian Bearish, consistent with this ticker's recurring pattern."
2026-09-06T19:10:00Z,2026-09-06 PM,PEPE,Neutral,Neutral,Bullish,Bullish,Neutral,Bullish,Neutral,Bullish,Bullish,Neutral,5,0,none,"sentiment.py: falling interest, one thin euphoria marker (rocket emojis inside otherwise-technical TA posts) -- narrative stays mostly factual (support holds, whale activity), too thin to force a contrarian read, Neutral."
2026-09-06T19:10:00Z,2026-09-06 PM,POL,Bearish,Neutral,Neutral,Bullish,Neutral,Bullish,Bullish,Bullish,Bullish,Neutral,5,1,none,"sentiment.py: falling interest, zero euphoria, genuinely deteriorating narrative (bearish-pennant $0.07 target, 'team accused of dumping', abandoned-project/no-airdrop complaints, unverified AggLayer-non-delivery and fund-unaccounted claims) -- read as deteriorating narrative, not a constructive capitulation-with-intact-thesis setup -- contrarian Bearish, same read as AM."
2026-09-06T19:10:00Z,2026-09-06 PM,PYTH,Neutral,Bullish,Bullish,Neutral,Neutral,Bullish,Bullish,Bullish,Bullish,Neutral,6,0,none,"sentiment.py: flat interest, zero euphoria/capitulation markers -- narrative is technical/factual (support levels, accumulation patterns, listing-vote chatter), no clean crowd-extreme dominance."
2026-09-06T19:10:00Z,2026-09-06 PM,SOL,Neutral,Bearish,Bullish,Bullish,Neutral,Bullish,Neutral,Bullish,Bullish,Neutral,5,1,none,"sentiment.py: flat interest, listed 'euphoria markers' are about unrelated Solana-ecosystem memecoin launches/airdrops, not $SOL price itself -- off-target noise, not genuine SOL-specific crowd-extreme dominance, Neutral (same disambiguation caution applied all week)."
2026-09-06T19:10:00Z,2026-09-06 PM,TAO,Bearish,Neutral,Bullish,Neutral,Bullish,Bearish,Bullish,Bullish,Bullish,Neutral,5,2,none,"sentiment.py: rising interest, euphoria dominant (price targets $500, 'TAO season starting', 'multi-month breakout incoming', strong bullish-divergence calls), zero capitulation offset -- contrarian Bearish."
2026-09-06T19:10:00Z,2026-09-06 PM,TRX,Neutral,Bullish,Neutral,Bearish,Neutral,Bullish,Bearish,Bullish,Bullish,Neutral,4,2,none,"mechanical count <5 this checkpoint -- not fetched per standing rule, p1 Neutral"
2026-09-06T19:10:00Z,2026-09-06 PM,UNI,Bearish,Bearish,Bearish,Neutral,Bullish,Bullish,Bullish,Bullish,Bullish,Neutral,5,3,none,"sentiment.py: flat interest, euphoria dominant ('super bullish', 'conviction always pays', 'going to melt peoples faces', 'you're not bullish enough'), zero capitulation offset -- contrarian Bearish, consistent with the mechanical overextension flags this checkpoint."
2026-09-06T19:10:00Z,2026-09-06 PM,VET,Neutral,Bearish,Neutral,Bullish,Neutral,Neutral,Neutral,Bullish,Bullish,Neutral,3,1,none,"mechanical count <5 this checkpoint -- not fetched per standing rule, p1 Neutral"
2026-09-06T19:10:00Z,2026-09-06 PM,XRP,Neutral,Neutral,Bullish,Bullish,Neutral,Bullish,Neutral,Bullish,Bullish,Neutral,5,0,none,"sentiment.py: flat interest, zero euphoria markers, mild skepticism (utility-driving-price doubts, regulatory-delay complaints) too thin to read as genuine crowd capitulation -- no clean crowd-extreme dominance, Neutral (fresh read this checkpoint vs. AM's euphoria-driven Bearish fetch)."
2026-09-06T19:10:00Z,2026-09-06 PM,ZEC,Bearish,Bearish,Bearish,Neutral,Bullish,Bullish,Bullish,Bullish,Bullish,Neutral,5,3,none,"sentiment.py: rising interest, euphoria dominant (5-digit/$17bn-mcap price targets, celebratory 'we made it'/'good times' language, high-engagement influencer posts), zero capitulation offset -- contrarian Bearish."
2026-09-07T07:20:00Z,2026-09-07 AM,AAVE,Bearish,Bearish,Bullish,Bullish,Neutral,Bullish,Bullish,Bullish,Bullish,Neutral,6,2,none,"sentiment.py: flat interest, euphoria dominant ('$10k to $100k' lists, 'life-changing' price-target framing), zero capitulation offset -- contrarian Bearish."
2026-09-07T07:20:00Z,2026-09-07 AM,ADA,Neutral,Neutral,Bullish,Neutral,Neutral,Bullish,Bullish,Bullish,Bullish,Neutral,5,0,none,"sentiment.py: falling interest, zero euphoria markers, one thin capitulation-flavored regret post (past ISPO participation) diluted by a stray ATH-optimism post -- too thin/mixed for a clean crowd-extreme read either way."
2026-09-07T07:20:00Z,2026-09-07 AM,ARB,Bearish,Bearish,Neutral,Bullish,Neutral,Bullish,Bullish,Bullish,Bullish,Neutral,5,2,none,"sentiment.py: rising interest, euphoria dominant (massive-breakout framing, rocket emojis, +190%/+45% brags, whales loading ahead of governance), one thin unverified capitulation note (an influencer's 'started to fall' call) too isolated to offset -- contrarian Bearish, consistent with the still-extreme mechanical overextension this checkpoint (dev-from-50DMA +83.7%)."
2026-09-07T07:20:00Z,2026-09-07 AM,ASTER,Bearish,Neutral,Neutral,Bullish,Neutral,Bullish,Bullish,Bullish,Bullish,Neutral,5,1,none,"sentiment.py: rising interest, euphoria dominant (price targets $1.2-1.4, rocket emojis, 3-5X framing, whale-demand hype) outweighing troll-flavored dismissal ('bag of crap', 'scam coin') that reads as skepticism rather than genuine despair-driven capitulation -- contrarian Bearish."
2026-09-07T07:20:00Z,2026-09-07 AM,BNB,Bearish,Bullish,Bullish,Bullish,Bearish,Bullish,Bullish,Bullish,Bullish,Neutral,7,2,armed,"sentiment.py: rising interest, euphoria dominant (price targets 775-880, short-squeeze framing, MA99 breakout calls, '$140M shorts liquidated'), one thin unverified capitulation note ('scamm coin') far too isolated to offset -- contrarian Bearish. NEWLY ARMED -- first checkpoint reaching 7/10 Bullish this sequence (PM 09-06 was 5/10, none). Mechanical p2-10 strong (7/9 Bullish, 1/9 Bearish -- p5_volz Bearish on a down-day-adjacent high z-score despite the price surge). Price $768-ish per sentiment chatter cross-checked against PARAMETERS.json print, golden-cross structure, dev-from-50DMA +17.5%, RSI 69.0 upper band with some room, OI strongly confirming (24h +1.7%, 7d +34.7%), funding flat. p1 sentiment read Bearish (rising interest, euphoria dominant on a short-squeeze/breakout narrative, zero capitulation offset) -- the sole Bearish flag alongside p5_volz (2/10 Bearish total). Not currently held. Needs PM 09-07 to confirm. 1 open slot remains in the book (4/5 positions held) if BNB confirms."
2026-09-07T07:20:00Z,2026-09-07 AM,BTC,Neutral,Neutral,Bullish,Neutral,Neutral,Bullish,Neutral,Bullish,Bullish,Neutral,4,0,none,"mechanical count <5 this checkpoint -- not fetched per standing rule, p1 Neutral"
2026-09-07T07:20:00Z,2026-09-07 AM,CAKE,Neutral,Bearish,Bearish,Bullish,Neutral,Bullish,Neutral,Bullish,Bullish,Neutral,4,2,none,"mechanical count <5 this checkpoint -- not fetched per standing rule, p1 Neutral"
2026-09-07T07:20:00Z,2026-09-07 AM,DOGE,Neutral,Neutral,Bullish,Neutral,Neutral,Bullish,Bullish,Bullish,Bullish,Neutral,5,0,none,"sentiment.py: flat interest, thin/speculative euphoria (price-target queries, 2021-pump nostalgia) diluted by a double-top breakdown warning, zero genuine capitulation markers -- no clean crowd-extreme dominance."
2026-09-07T07:20:00Z,2026-09-07 AM,ENA,Bearish,Bearish,Bullish,Bullish,Neutral,Bullish,Bullish,Bullish,Bullish,Neutral,6,2,none,"sentiment.py: flat interest, euphoria dominant (fee-switch-buyback hype, breakout price targets $0.18-0.20), one thin unverified capitulation note ('collapse starts now... garbage VC token is finished') too isolated to offset -- contrarian Bearish."
2026-09-07T07:20:00Z,2026-09-07 AM,ETH,Neutral,Bullish,Bullish,Bullish,Neutral,Bullish,Bullish,Bullish,Bullish,Neutral,7,0,held,"sentiment.py: flat interest, zero euphoria markers, genuinely mixed technical debate (below-50-week-MA caution and a new-low fib target vs. a bulls-eye-breakout call) rather than despair-flavored capitulation -- no clean crowd-extreme dominance, Neutral (a fresh read vs. PM 09-06's capitulation-flavored contrarian Bullish). HOLD, no changes -- full target size already reached (stage-2 added PM 09-06). Price $2501.42 (+0.05% vs avg entry $2500.099323, +0.34% vs AM close), still golden-cross (dev-from-50DMA +18.2%, comfortably under the 25% overextension line). RSI 64.5 mid-band with room. OI still confirming both windows (24h +5.9%, 7d +16.2%), funding flat. Invalidation $2355 not breached. Confluence held at 7/10, 0/10 Bearish (p1 read fresh Neutral this checkpoint vs PM's contrarian Bullish -- flat interest, genuinely mixed technical debate rather than clean capitulation dominance) -- still the strongest structural read alongside MORPHO/MORPHO-tier holdings. Thesis stays Playing Out, conviction stays Intact."
2026-09-07T07:20:00Z,2026-09-07 AM,ETHFI,Bearish,Bullish,Bullish,Bullish,Neutral,Bullish,Bullish,Bullish,Bullish,Neutral,7,1,held-stage2-add,"sentiment.py: rising interest, euphoria dominant ('+90% last week', rocket emojis, 50-100% breakout targets, whale-positioning hype), zero capitulation offset -- contrarian Bearish, consistent with this hold's recurring euphoria-driven p1 pattern. STAGE-2 ADD -- confluence held >=7/10 at the immediate next checkpoint since the PM 09-06 confirmation (7/10 -> 7/10, held; 1/10 Bearish both checkpoints, p1 the sole Bearish flag both times on the same recurring euphoria pattern). Price $0.5767 (+0.79% vs avg entry $0.5722), still golden-cross (dev-from-50DMA +20.4%, comfortably under the 25% overextension line), RSI 58.4 mid-band with room. OI still confirming (24h +1.5%, 7d +29.1%), funding flat (0.01%/8h). Invalidation $0.52 not breached (~9.8% headroom). Thesis test ('OI keeps expanding alongside price, price holds above 50DMA, RSI stays under 75') cleanly satisfied. BUY 860.8757 ETHFI @ $0.5767 = $496.467 notional (matching the stage-1 half's original ~$496.467 sizing), 2026-09-07T07:20:00Z (Binance spot, same parameters.py refresh). Position now 1728.5216 ETHFI, avg entry $0.574441, full target size ~10.1% of portfolio. Sector Liquid Staking now ~33.9% of deployed capital (single position), no cap issue."
2026-09-07T07:20:00Z,2026-09-07 AM,FIL,Neutral,Neutral,Bullish,Neutral,Neutral,Bullish,Bearish,Bullish,Bullish,Neutral,4,1,none,"mechanical count <5 this checkpoint -- not fetched per standing rule, p1 Neutral"
2026-09-07T07:20:00Z,2026-09-07 AM,HBAR,Neutral,Neutral,Bullish,Neutral,Neutral,Neutral,Bullish,Bullish,Bullish,Neutral,4,0,none,"mechanical count <5 this checkpoint -- not fetched per standing rule, p1 Neutral"
2026-09-07T07:20:00Z,2026-09-07 AM,JUP,Bearish,Bearish,Bullish,Bullish,Neutral,Bullish,Bullish,Bullish,Bullish,Neutral,6,2,held,"sentiment.py: flat interest, euphoria dominant ('exploding higher', 'bulls in control', multiple bullish TA price targets), zero capitulation offset -- contrarian Bearish, the same recurring pattern flagged nearly every checkpoint this hold. HOLD, no changes -- price $0.252 (-8.6% vs PM 09-06 close $0.2667, +15.8% vs avg entry $0.217553), a sharp single-checkpoint pullback after PM's very strong move. Still above 50DMA and 200DMA in golden-cross structure, dev-from-50DMA eased to +27.2% from PM's +35.6% -- still past the 25% overextension line (p2_dma stays Bearish) but the extension is unwinding, consistent with the PM 09-06 watch item. RSI 61.3, back inside the 55-70 Bullish band from PM's 69.3. rvol 1.57, volz 0.2 -- still elevated but cooling. Funding flat (0.01%/8h, no crowding). OI still strongly confirming (24h +29.6%, 7d +72.8%). Invalidation $0.203 not breached (~19.4% headroom). Confluence eased 7/10 PM -> 6/10 AM (2/10 Bearish: p1 euphoria + p2_dma overextension, unchanged count from PM). Nowhere near the 4/10-for-2-consecutive exit gate. Thesis stays Playing Out, conviction stays Intact -- hold, no changes."
2026-09-07T07:20:00Z,2026-09-07 AM,LINK,Neutral,Bearish,Bearish,Neutral,Neutral,Bullish,Bullish,Bullish,Bullish,Neutral,4,2,none,"mechanical count <5 this checkpoint -- not fetched per standing rule, p1 Neutral"
2026-09-07T07:20:00Z,2026-09-07 AM,MORPHO,Neutral,Bullish,Bullish,Bullish,Neutral,Bullish,Bullish,Bullish,Bullish,Neutral,7,0,held,"sentiment.py: falling interest, zero euphoria/capitulation markers -- purely technical/factual chatter (API3 vault-LTV integration, Purinta on Morpho Blue rails, yield-vault breakdowns), no clean crowd-extreme dominance. HOLD, no changes -- price $2.592 (+4.28% vs avg entry $2.485638), still above 50DMA (dev +19.0%, comfortably under the 25% overextension line) and 200DMA in golden-cross structure. RSI 59.6 mid-band with room. Funding flat (0.01%/8h, no crowding). OI strongly confirming both windows (24h +26.1%, 7d +7.9%). Invalidation $2.28 not breached (~11.9% headroom). Confluence held at 7/10, 0/10 Bearish -- the cleanest read of any holding this checkpoint. Interim review date 2026-09-09, not today. No sector-cap issue (DeFi Lending ~15.4% of deployed post-ETHFI-stage2)."
2026-09-07T07:20:00Z,2026-09-07 AM,NEAR,Neutral,Bearish,Neutral,Neutral,Neutral,Bullish,Bullish,Bullish,Bullish,Neutral,4,1,none,"mechanical count <5 this checkpoint -- not fetched per standing rule, p1 Neutral"
2026-09-07T07:20:00Z,2026-09-07 AM,ONDO,Neutral,Bullish,Bullish,Bullish,Neutral,Neutral,Bullish,Bullish,Bullish,Neutral,6,0,lapsed,"sentiment.py: falling interest, zero euphoria/capitulation markers -- purely technical/factual chatter (support-bounce and wedge-breakdown setups, tokenized-stock-utility mentions), no clean crowd-extreme dominance. ARM LAPSED -- confluence eased 7/10 (PM 09-06, armed) -> 6/10 this checkpoint (p6_funding rolled Bullish->Neutral as funding ticked up to 0.0316%/8h, into the rubric's Neutral band; p1 held Neutral). Second consecutive >=7/10 checkpoint not reached -- no confirmation, arm cut per Section 5 step 5. Mechanical structure otherwise still clean (golden-cross, RSI 59.1 mid-band, OI confirming both windows 24h +12.8%/7d +25.7%). Not held (exited 2026-08-29). Will re-arm if a fresh first qualifying checkpoint occurs."
2026-09-07T07:20:00Z,2026-09-07 AM,PENDLE,Bearish,Bearish,Neutral,Bullish,Neutral,Bullish,Bullish,Bullish,Bullish,Neutral,5,2,none,"sentiment.py: flat interest, euphoria dominant (price targets $27-30, high-APY hype, 'potential for major move'), zero capitulation offset -- contrarian Bearish."
2026-09-07T07:20:00Z,2026-09-07 AM,PENGU,Neutral,Neutral,Bullish,Bullish,Neutral,Bullish,Neutral,Bullish,Bullish,Neutral,5,0,none,"sentiment.py: flat interest, zero euphoria/capitulation markers -- scattered low-signal token-pairing and community-greeting chatter, no clean crowd-extreme dominance."
2026-09-07T07:20:00Z,2026-09-07 AM,PEPE,Neutral,Neutral,Bullish,Bullish,Neutral,Bullish,Bearish,Bullish,Bullish,Neutral,5,1,none,"sentiment.py: flat interest, zero euphoria/capitulation markers -- scattered promotional/signal-group spam, no clean crowd-extreme dominance."
2026-09-07T07:20:00Z,2026-09-07 AM,POL,Neutral,Neutral,Neutral,Bullish,Neutral,Bullish,Bullish,Bullish,Bullish,Neutral,5,0,none,"sentiment.py: flat interest, zero euphoria/capitulation markers -- narrative-shift chatter (payments/stablecoin repositioning) mixed with one unverified tokenomics skepticism note (700M POL printed, no burns), too thin/mixed for a clean crowd-extreme read either way."
2026-09-07T07:20:00Z,2026-09-07 AM,PYTH,Neutral,Bullish,Bullish,Neutral,Neutral,Bullish,Bullish,Bullish,Bullish,Neutral,6,0,none,"sentiment.py: flat interest, genuinely mixed -- euphoria (giveaway hype, oracle-bull-run follow-on) and capitulation (bearish 1H trade maps, 'chart going red') both present with no clean dominance either way."
2026-09-07T07:20:00Z,2026-09-07 AM,SOL,Neutral,Bullish,Bullish,Bullish,Neutral,Bullish,Neutral,Bullish,Bullish,Neutral,6,0,none,"sentiment.py: flat interest, genuinely mixed -- euphoria (rocket emojis, parabolic $400 targets) and capitulation ('full capitulation on SOL' references) both present with no clean dominance either way, Neutral (same disambiguation caution applied all week)."
2026-09-07T07:20:00Z,2026-09-07 AM,TAO,Bearish,Bearish,Bullish,Neutral,Neutral,Bullish,Bullish,Bullish,Bullish,Neutral,5,2,none,"sentiment.py: flat interest, euphoria dominant (breakout price targets, rocket emojis), zero capitulation offset -- contrarian Bearish."
2026-09-07T07:20:00Z,2026-09-07 AM,TRX,Neutral,Bullish,Neutral,Bullish,Neutral,Bullish,Bullish,Bullish,Bullish,Neutral,6,0,none,"sentiment.py: flat interest, zero euphoria/capitulation markers -- purely factual adoption/treasury-purchase narrative, no clean crowd-extreme dominance."
2026-09-07T07:20:00Z,2026-09-07 AM,UNI,Neutral,Bearish,Bearish,Neutral,Neutral,Bullish,Bullish,Bullish,Bullish,Neutral,4,2,none,"mechanical count <5 this checkpoint -- not fetched per standing rule, p1 Neutral"
2026-09-07T07:20:00Z,2026-09-07 AM,VET,Neutral,Bearish,Neutral,Bullish,Neutral,Neutral,Neutral,Bullish,Bullish,Neutral,3,1,none,"mechanical count <5 this checkpoint -- not fetched per standing rule, p1 Neutral"
2026-09-07T07:20:00Z,2026-09-07 AM,XRP,Bullish,Neutral,Bullish,Bullish,Neutral,Bullish,Bullish,Bullish,Bullish,Neutral,7,0,armed,"sentiment.py: flat interest, zero euphoria markers, genuine capitulation-flavored dismissal (called trash/scam/manipulated, underperformance complaints) with no euphoria offset -- contrarian Bullish (capitulation read). NEWLY ARMED -- first checkpoint reaching 7/10 Bullish this sequence (PM 09-06 was 5/10, none). Mechanical p2-10 clean (6/9 Bullish, 0/9 Bearish -- golden-cross-adjacent, dev-from-50DMA +18.5% moderate, RSI 60.6 mid-band, OI confirming 7d +7.9%, funding flat). p1 sentiment read Bullish (contrarian) -- flat interest, zero euphoria, genuine capitulation-flavored dismissal (scam/trash/manipulation accusations, underperformance complaints) with no euphoria offset. Not currently held. Needs PM 09-07 to confirm. 1 open slot remains in the book (4/5 positions held) if XRP confirms."
2026-09-07T07:20:00Z,2026-09-07 AM,ZEC,Neutral,Bearish,Bearish,Neutral,Neutral,Bullish,Bullish,Bullish,Bullish,Neutral,4,2,none,"mechanical count <5 this checkpoint -- not fetched per standing rule, p1 Neutral"
2026-09-07T19:20:00Z,2026-09-07 PM,AAVE,Neutral,Bullish,Bullish,Bullish,Neutral,Bullish,Bullish,Bullish,Bullish,Neutral,7,0,armed,"sentiment.py: flat interest, thin excitement markers ('waking up for real, this could get wild', '+4% daily gains amid DeFi rotation') mixed with factual UK/HMRC tax-regulation-response news -- too sparse/mixed for a clean crowd-extreme read, Neutral (a cooldown from PM 09-06's euphoria-dominant contrarian-Bearish read). NEWLY ARMED -- first checkpoint reaching 7/10 Bullish this sequence (AM 09-07 was 6/10, none; PM/AM prior were 6/10 twice). Mechanical p2-10 clean (7/9 Bullish, 0/9 Bearish -- golden-cross, RSI 62.0 mid-band, OI confirming both windows). Not currently held. Needs AM 09-08 to confirm. No open slot remains in the book post-BNB-entry (5/5 positions held) -- would need to win a future anti-churn/EV competition or a slot to open."
2026-09-07T19:20:00Z,2026-09-07 PM,ADA,Bearish,Neutral,Bullish,Neutral,Neutral,Bullish,Bullish,Bullish,Bullish,Neutral,5,1,none,"sentiment.py: flat interest, euphoria dominant (price targets $0.78/$1/$3/$10, rocket and fire emojis, breakout-zone hype, bullish momentum claims), zero capitulation offset -- contrarian Bearish."
2026-09-07T19:20:00Z,2026-09-07 PM,ARB,Bearish,Bearish,Neutral,Bullish,Bearish,Bullish,Bullish,Bullish,Bullish,Neutral,5,3,none,"sentiment.py: rising interest, euphoria dominant (rocket emojis, price targets $0.20-0.28, whales loading, 'altcoin girth return'), zero capitulation offset -- contrarian Bearish, consistent with the still-extreme mechanical overextension on this ticker."
2026-09-07T19:20:00Z,2026-09-07 PM,ASTER,Neutral,Neutral,Bullish,Bullish,Neutral,Bullish,Bullish,Bullish,Bullish,Neutral,6,0,none,"sentiment.py: rising interest, genuinely mixed -- euphoria (price targets $1.2-1.4, path-to-hundreds-of-millions mcap framing) AND capitulation (9-months-of-dump complaints, 'scam coin', 'bag of crap') both present, with an explicit narrative_change noted (shift from dump complaints toward supply-reduction/staking-yield/activity-spike framing) -- no clean dominance either way, Neutral."
2026-09-07T19:20:00Z,2026-09-07 PM,BNB,Neutral,Bullish,Bullish,Bullish,Neutral,Bullish,Bullish,Bullish,Bullish,Neutral,7,0,confirmed,"sentiment.py: flat interest, cautious/mixed technical chatter this checkpoint (overbought-RSI-79.7 correction-risk calls, 'bearish distribution and sell pressure') alongside BNB-chain meme-coin shilling unrelated to BNB itself -- no euphoria dominance this time (a fresh read vs AM's euphoria-driven contrarian-Bearish), Neutral. CONFIRMED -- 2nd consecutive checkpoint >=7/10 (AM 09-07 7/10 armed -> PM 09-07 7/10 confirmed, 0/10 Bearish both checkpoints). Tied at 7/10 (0 Bearish) with XRP for the book's one open slot -- EV tie-break: BNB +3.47% > XRP +3.27%. BNB WINS the slot; XRP logged as rejected runner-up in SHADOW_BOOK.md. Tier B-floor (R=2.50, p=0.45, EV=+3.47%; Entry $739.53, Target $851.00, Invalidation $695.00). Staged entry: opened at half target size (7.5% of $9,885.6851 portfolio = $741.4264, 1.002564 BNB). Second half adds only if confluence holds >=7/10 at the next checkpoint (AM 09-08); no confirmation cuts the half."
2026-09-07T19:20:00Z,2026-09-07 PM,BTC,Neutral,Neutral,Bullish,Neutral,Neutral,Bullish,Neutral,Bullish,Bullish,Neutral,4,0,none,"mechanical count <5 this checkpoint -- not fetched per standing rule, p1 Neutral"
2026-09-07T19:20:00Z,2026-09-07 PM,CAKE,Neutral,Bearish,Bearish,Bullish,Bearish,Bullish,Neutral,Bullish,Bullish,Neutral,4,3,none,"mechanical count <5 this checkpoint -- not fetched per standing rule, p1 Neutral"
2026-09-07T19:20:00Z,2026-09-07 PM,DOGE,Neutral,Neutral,Bullish,Neutral,Neutral,Bullish,Bullish,Bullish,Bullish,Neutral,5,0,none,"sentiment.py: flat interest, genuinely mixed -- thin euphoria ('generational entries', 'gonna get really silly from here') and thin capitulation ('everyone calls it dead') both present amid otherwise-factual utility chatter (DogeOS, DOGE-1, merchant payments) -- no clean crowd-extreme dominance, Neutral."
2026-09-07T19:20:00Z,2026-09-07 PM,ENA,Neutral,Bearish,Bullish,Neutral,Neutral,Bullish,Bullish,Bullish,Bullish,Neutral,5,1,none,"sentiment.py: flat interest, genuinely mixed -- euphoria (price target $0.18, rocket emojis) and capitulation ('collapse starts now', 'garbage VC token is finished') both present, narrative explicitly 'mixed price action' -- no clean dominance either way, Neutral."
2026-09-07T19:20:00Z,2026-09-07 PM,ETH,Neutral,Bullish,Bullish,Bullish,Neutral,Bullish,Bullish,Bullish,Bullish,Neutral,7,0,held,"sentiment.py: flat interest, zero euphoria/capitulation markers -- purely technical range-consolidation debate ($2368 support, $2430 shelf, mixed $1900-vs-$2700-2700 target calls) -- no clean crowd-extreme dominance, Neutral (same read as AM). HOLD, no changes -- full target size already reached. Price $2491.55 (-0.34% vs avg entry $2500.099323), still golden-cross (dev-from-50DMA +17.7%, comfortably under the 25% overextension line). RSI 63.5 mid-band with room. OI still confirming both windows (24h +4.8%, 7d +12.8%), funding flat. Invalidation $2355 not breached (~5.5% headroom, still the tightest cushion on the book). Confluence held at 7/10, 0/10 Bearish -- tied with MORPHO/BNB/AAVE/ONDO for the cleanest read on the board this checkpoint. Thesis stays Playing Out, conviction stays Intact."
2026-09-07T19:20:00Z,2026-09-07 PM,ETHFI,Bearish,Bullish,Bullish,Bullish,Neutral,Bullish,Bullish,Bullish,Bullish,Neutral,7,1,held,"sentiment.py: rising interest, euphoria dominant ('+460% upside' target, rocket emojis with 50-100% move predictions, bullish pennant/breakout hype), zero capitulation offset -- contrarian Bearish, consistent with this hold's recurring euphoria-driven p1 pattern at every checkpoint. HOLD, no changes -- full target size already reached (stage-2 added AM 09-07). Price $0.5826 (+1.42% vs avg entry $0.574441), still golden-cross (dev-from-50DMA +21.6%, comfortably under the 25% overextension line). RSI 59.4 mid-band with room. OI still confirming (24h +2.8%, 7d +30.4%), funding flat. Invalidation $0.52 not breached (~10.8% headroom). Confluence held at 7/10, 1/10 Bearish (p1 the sole flag every checkpoint of this hold). Thesis stays Playing Out, conviction stays Intact."
2026-09-07T19:20:00Z,2026-09-07 PM,FIL,Neutral,Neutral,Bullish,Neutral,Bullish,Bullish,Bullish,Bullish,Bullish,Neutral,6,0,none,"sentiment.py: flat interest, one thin euphoria marker (fire emojis on a breakout post) amid otherwise trade-signal chatter (long entries with SL/TP) and a factual October vesting-cliff supply-event mention -- too thin to force a contrarian read, Neutral."
2026-09-07T19:20:00Z,2026-09-07 PM,HBAR,Bearish,Neutral,Bullish,Neutral,Neutral,Bullish,Bullish,Bullish,Bullish,Neutral,5,1,none,"sentiment.py: flat interest, euphoria dominant (price target $0.09, bullish chart patterns with fire emojis, DCA/build-position encouragement) mixed with factual partnership news (WISeKey, Taurus, Mastercard, tx-count milestones), zero capitulation offset -- contrarian Bearish."
2026-09-07T19:20:00Z,2026-09-07 PM,JUP,Bearish,Bearish,Bullish,Bullish,Bearish,Bullish,Bullish,Bullish,Bullish,Neutral,6,3,held,"sentiment.py: flat interest, euphoria dominant (price targets 0.28-0.38, moonshot calls, bullish MACD/momentum framing), zero capitulation offset -- contrarian Bearish, the same recurring pattern flagged nearly every checkpoint this hold. HOLD, no changes -- price $0.2483 (-1.35% vs AM close $0.252), continuing to unwind PM 09-06's overextension spike. Still above 50DMA and 200DMA in golden-cross structure, dev-from-50DMA eased further (25.4%, from AM's 27.2%) -- still just past the 25% line (p2_dma stays Bearish) but the extension keeps unwinding rather than deepening. RSI 60.1, back inside the 55-70 Bullish band. Funding flat. OI still strongly confirming (24h and 7d both elevated). Invalidation $0.203 not breached (~18.2% headroom). Confluence eased slightly to 6/10 (3/10 Bearish: p1 euphoria + p2_dma overextension + p5_volz), Bearish count ticked up from AM's 2 -- still well short of the >=4/10-for-1-checkpoint trim gate and the exit gate, but flagged as the checkpoint's primary watch item given the rising count. Thesis stays Playing Out, conviction stays Intact -- hold, no changes."
2026-09-07T19:20:00Z,2026-09-07 PM,LINK,Bullish,Bearish,Bullish,Neutral,Neutral,Bullish,Bullish,Bullish,Bullish,Neutral,6,1,none,"sentiment.py: rising interest, zero euphoria/capitulation markers, narrative genuinely constructive (Chainlink's Bottomline bank-settlement partnership, US Commerce Dept data-publishing adoption) -- fits the 'improving interest without euphoria' contrarian-Bullish branch cleanly. Not held (closed 09-05 PM on staged-entry non-confirmation)."
2026-09-07T19:20:00Z,2026-09-07 PM,MORPHO,Neutral,Bullish,Neutral,Bullish,Neutral,Bullish,Neutral,Bullish,Bullish,Neutral,5,0,held,"sentiment.py: falling interest, zero euphoria/capitulation markers -- purely technical chatter (resistance-zone TA, short-interest and token-inflation notes) -- no clean crowd-extreme dominance, Neutral. HOLD, no changes -- price $2.46 (-1.03% vs avg entry $2.485638), still above 50DMA (dev +13.1%, comfortably under the 25% overextension line) and 200DMA in golden-cross structure. RSI 53.3 mid-band with room. Funding flat. OI mixed (24h +4.8%, 7d -7.8%) -- continuation of the standing mild short-window softness flagged repeatedly this hold as a likely OI_HISTORY.json rolling-window artifact. Invalidation $2.28 not breached (~7.3% headroom, narrower than recent prints but not the tightest on the board). Confluence eased 7/10 AM -> 5/10 PM (0/10 Bearish, unchanged) -- still the cleanest-possible read (zero Bearish) alongside ETH/BNB/AAVE/ONDO. Interim review date 2026-09-09, 2 days out. Thesis stays Playing Out, conviction stays Intact -- hold, no changes."
2026-09-07T19:20:00Z,2026-09-07 PM,NEAR,Bearish,Bearish,Bullish,Neutral,Neutral,Bullish,Bullish,Bullish,Bullish,Neutral,5,2,none,"sentiment.py: rising interest, euphoria dominant (price targets $5/$3.36, '1700% potential', rocket emojis, 'pumping hard' claims), zero capitulation offset -- contrarian Bearish."
2026-09-07T19:20:00Z,2026-09-07 PM,ONDO,Neutral,Bullish,Bullish,Bullish,Neutral,Bullish,Bullish,Bullish,Bullish,Neutral,7,0,armed,"sentiment.py: flat interest, zero euphoria/capitulation markers -- purely technical chatter (rising-wedge/bearish-breakdown setups, tokenized-stock collateral narrative) -- no clean crowd-extreme dominance, Neutral. NEWLY ARMED (fresh first occurrence) -- funding rolled back Neutral->Bullish this checkpoint (0.0316%/8h AM -> back inside the near-zero Bullish band), reversing the single-parameter shift that lapsed the PM 09-06 arm at AM 09-07. Mechanical p2-10 clean (7/9 Bullish, 0/9 Bearish -- golden-cross, RSI mid-band, OI confirming both windows). Not currently held. Needs AM 09-08 to confirm. No open slot remains in the book post-BNB-entry (5/5 positions held)."
2026-09-07T19:20:00Z,2026-09-07 PM,PENDLE,Neutral,Bearish,Bearish,Bullish,Neutral,Bullish,Bullish,Bullish,Bullish,Neutral,5,2,none,"sentiment.py: flat interest, zero euphoria/capitulation markers -- narrative purely factual (sUSDD market TVL >$11M with Morpho collateral/looping, Phase 2 incentives, Robinhood Chain launch) -- no clean crowd-extreme dominance, Neutral."
2026-09-07T19:20:00Z,2026-09-07 PM,PENGU,Neutral,Neutral,Neutral,Bullish,Neutral,Bullish,Neutral,Bullish,Bullish,Neutral,4,0,none,"mechanical count <5 this checkpoint -- not fetched per standing rule, p1 Neutral"
2026-09-07T19:20:00Z,2026-09-07 PM,PEPE,Neutral,Neutral,Bullish,Bullish,Neutral,Bullish,Neutral,Bullish,Bullish,Neutral,5,0,none,"sentiment.py: flat interest, zero euphoria/capitulation markers -- 'resilient multi-cycle meme coin in prolonged consolidation' framing, purely descriptive -- no clean crowd-extreme dominance, Neutral."
2026-09-07T19:20:00Z,2026-09-07 PM,POL,Bearish,Neutral,Neutral,Bullish,Neutral,Bullish,Bullish,Bullish,Bullish,Neutral,5,1,none,"sentiment.py: flat interest, zero euphoria, genuinely deteriorating narrative (capitulation-flavored dismissal AND malfeasance-flavored claims: '$POL is trash going to $0.01', insiders OTC-dumping, emissions exploited via micro-dumps) -- read as deteriorating narrative rather than constructive despair-with-intact-thesis, contrarian Bearish, same read as recent checkpoints."
2026-09-07T19:20:00Z,2026-09-07 PM,PYTH,Neutral,Bullish,Bullish,Neutral,Neutral,Bullish,Bullish,Bullish,Bullish,Neutral,6,0,none,"sentiment.py: flat interest, zero euphoria/capitulation markers -- narrative technical/factual (institutional price-feed adoption, new 24/7 Indices batch, a 1.72x-gains mention) -- no clean crowd-extreme dominance, Neutral."
2026-09-07T19:20:00Z,2026-09-07 PM,SOL,Neutral,Bullish,Bullish,Bullish,Neutral,Bullish,Neutral,Bullish,Bullish,Neutral,6,0,none,"sentiment.py: flat interest, listed euphoria markers are mostly off-target Solana-ecosystem memecoin shilling (sub-$1m low-cap apes, a 614x memecoin call), not genuine $SOL-specific crowd-extreme dominance -- Neutral, same disambiguation caution applied all week."
2026-09-07T19:20:00Z,2026-09-07 PM,TAO,Bearish,Neutral,Bullish,Neutral,Bearish,Bullish,Bullish,Bullish,Bullish,Neutral,5,2,none,"sentiment.py: flat interest, euphoria dominant (price targets $300/$600-900, rocket emojis, bullish AI-narrative framing), zero capitulation offset -- contrarian Bearish."
2026-09-07T19:20:00Z,2026-09-07 PM,TRX,Neutral,Bullish,Neutral,Bullish,Neutral,Bullish,Bullish,Bullish,Bullish,Neutral,6,0,none,"sentiment.py: flat interest, zero euphoria/capitulation markers -- purely factual corporate-treasury-accumulation narrative (Tron Inc. buys, WinkLink price feeds, staking APY) -- no clean crowd-extreme dominance, Neutral."
2026-09-07T19:20:00Z,2026-09-07 PM,UNI,Neutral,Bearish,Neutral,Neutral,Neutral,Bullish,Bullish,Bullish,Bullish,Neutral,4,1,none,"mechanical count <5 this checkpoint -- not fetched per standing rule, p1 Neutral"
2026-09-07T19:20:00Z,2026-09-07 PM,VET,Neutral,Bearish,Neutral,Bullish,Neutral,Neutral,Neutral,Bullish,Bullish,Neutral,3,1,none,"mechanical count <5 this checkpoint -- not fetched per standing rule, p1 Neutral"
2026-09-07T19:20:00Z,2026-09-07 PM,XRP,Bullish,Neutral,Bullish,Bullish,Neutral,Bullish,Bullish,Bullish,Bullish,Neutral,7,0,confirmed-no-slot,"sentiment.py: flat interest, zero euphoria markers, genuine capitulation-flavored dismissal continuing ('unreliable shitcoin', 'retail really that weak', 'getting outperformed by everything'), no euphoria offset -- contrarian Bullish, same capitulation read as AM. CONFIRMED -- 2nd consecutive checkpoint >=7/10 (AM 09-07 7/10 armed -> PM 09-07 7/10 confirmed, 0/10 Bearish both checkpoints). Tied at 7/10 (0 Bearish) with BNB for the book's one open slot -- EV tie-break: BNB +3.47% > XRP +3.27%. XRP LOSES the tie-break by a narrow margin -- logged as a rejected runner-up with a virtual entry in SHADOW_BOOK.md (Entry $1.3956, Target $1.65, Invalidation $1.29, R=2.41, p=0.42, EV=+3.27%). Not held."
2026-09-07T19:20:00Z,2026-09-07 PM,ZEC,Neutral,Bearish,Bearish,Neutral,Neutral,Bullish,Bullish,Bullish,Bullish,Neutral,4,2,none,"mechanical count <5 this checkpoint -- not fetched per standing rule, p1 Neutral"
2026-09-08T07:09:00Z,2026-09-08 AM,AAVE,Neutral,Bullish,Bullish,Bullish,Neutral,Bullish,Bullish,Bullish,Bullish,Neutral,7,0,confirmed,"flat interest, zero euphoria/capitulation markers -- narrative purely factual protocol news (V4 rewards live, deposits crossing $600M, BTC-collateral testing, scattered whale-buy mentions) -- no clean crowd-extreme dominance. CONFIRMED -- 2nd consecutive checkpoint >=7/10 (PM 09-07 armed -> AM 09-08 confirmed, 0/10 Bearish both checkpoints). Mechanical p2-10 held clean 7/9 Bullish/0 Bearish both checkpoints. Book was at 5/5 (max concurrent) pre-checkpoint -- entered via ANTI-CHURN DISPLACEMENT of MORPHO (Section 5 step 7): AAVE's confluence (7) exceeds MORPHO's (5, still Playing Out/Intact but the weakest-confluence, thinnest-liquidity holding, same DeFi Lending sector) by exactly the required >=2 gap. Tier C (R=2.12, p=0.42, EV=+2.61%; Entry $131.06, Target $154.50, Invalidation $120.00). Staged half-entry: 5.0% of $9,869.9711 portfolio = $493.4986 notional, 3.76544 AAVE. Second half adds only if confluence holds >=7/10 at the next checkpoint (PM 09-08); no confirmation cuts the half. See JOURNAL.md for the full frozen entry snapshot, expectancy sheet, and red-team pass."
2026-09-08T07:09:00Z,2026-09-08 AM,ADA,Bullish,Neutral,Bullish,Neutral,Neutral,Bullish,Bullish,Bullish,Bullish,Neutral,6,0,none,"flat interest, genuine capitulation-flavored dismissal ('dead chain, vapor, scam') with zero euphoria offset -- narrative otherwise pure TA (make-or-break $0.22 support, $0.24-0.84 target range) -- no thesis-breaking news found, contrarian Bullish on the capitulation read."
2026-09-08T07:09:00Z,2026-09-08 AM,ARB,Bearish,Bearish,Neutral,Bullish,Neutral,Bullish,Bullish,Bullish,Bullish,Neutral,5,2,none,"rising interest, euphoria dominant (rocket emojis, '45% surge', $0.20 price target, 'exploding'/'pumping'/'back' framing), zero capitulation offset -- contrarian Bearish, consistent with the still-extreme mechanical overextension (dev-from-50DMA +81.1%) and the standing Sep 16/23 unlock supply-overhang watch item."
2026-09-08T07:09:00Z,2026-09-08 AM,ASTER,Bearish,Neutral,Bullish,Bullish,Neutral,Bullish,Bullish,Bullish,Bullish,Neutral,6,1,none,"rising interest, euphoria dominant (breakout-confirmed framing, $0.94 price target, 'social momentum accelerating', volume-spike hype) with only one thin capitulation offset ('one step forward two steps back') -- insufficient to offset the euphoria dominance, contrarian Bearish (a firming of the PM 09-06/09-07 genuinely-mixed read as rising interest tips the balance)."
2026-09-08T07:09:00Z,2026-09-08 AM,BNB,Neutral,Bullish,Bullish,Bullish,Neutral,Bullish,Bullish,Bullish,Bullish,Neutral,7,0,held-stage2-add,"flat interest, thin/mixed chatter (BNB-chain memecoin shilling unrelated to BNB itself, one 'quietly building momentum +8%/week' note, one 'bearish distribution, sell pressure' tease) -- no clean crowd-extreme dominance, same disambiguation-driven Neutral as recent checkpoints. Mechanical p2-10 held clean 7/9 Bullish/0 Bearish (unchanged from PM 09-07). Confluence held >=7/10 at the immediate next checkpoint since the PM 09-07 half-open confirmation -- STAGE-2 ADD. Price $749.55 (+1.36% vs entry $739.53), still golden-cross (dev-from-50DMA +17.6%, comfortably under the 25% overextension line). RSI 68.8 upper-mid band. OI still confirming (24h -4.6%, 7d +28.8%), funding flat. Invalidation $695.00 not breached (~7.9% headroom). BUY 0.989162 BNB @ $749.55 = $741.4264 notional (matching the stage-1 half's original ~$741.4264 sizing). Position now 1.991726 BNB, avg entry $744.506289, full target size ~15.1% of portfolio. Sector Exchange now ~15.1% of deployed capital (single position), no cap issue."
2026-09-08T07:09:00Z,2026-09-08 AM,BTC,Neutral,Bullish,Bullish,Neutral,Neutral,Bullish,Neutral,Bullish,Bullish,Neutral,5,0,none,"flat interest, genuinely mixed -- euphoria (F&G 69-71 greed, moonboy bull-market calls) AND capitulation (sentiment score plummeting to -4.0, crowded-longs caution) both present, with a noted narrative_change (sentiment staying in greed despite a 37% drawdown from peak) that cuts both ways -- no clean dominance either way."
2026-09-08T07:09:00Z,2026-09-08 AM,CAKE,Neutral,Bearish,Bearish,Bullish,Neutral,Bullish,Neutral,Bullish,Bullish,Neutral,4,2,none,"mechanical count <5 this checkpoint -- not fetched per standing rule, p1 Neutral"
2026-09-08T07:09:00Z,2026-09-08 AM,DOGE,Neutral,Neutral,Bullish,Neutral,Neutral,Bullish,Bullish,Bullish,Bullish,Neutral,5,0,none,"flat interest, thin euphoria (missed-DOGE shill posts, 'generational entry' claims, utility hype) without heavy multi-target price-call stacking or emoji spam, zero capitulation -- too thin for a clean dominance call, Neutral."
2026-09-08T07:09:00Z,2026-09-08 AM,ENA,Neutral,Bearish,Bullish,Neutral,Neutral,Bullish,Neutral,Bullish,Bullish,Neutral,4,1,none,"mechanical count <5 this checkpoint -- not fetched per standing rule, p1 Neutral"
2026-09-08T07:09:00Z,2026-09-08 AM,ETH,Neutral,Bullish,Bullish,Bullish,Neutral,Bullish,Bullish,Bullish,Bullish,Neutral,7,0,held,"flat interest, zero euphoria markers -- narrative is bearish-flavored TA chatter (triple-top calls, 'expecting new lows', overbought-correction warnings) rather than genuine crowd despair/capitulation language -- doesn't cleanly fit either contrarian branch, Neutral (a firmer bearish-TA tone than AM/PM 09-07's range-consolidation-debate read, but still no clean crowd-extreme dominance). HOLD, no changes -- full target size already reached. Price $2473.10 (-1.08% vs avg entry $2500.099323), still golden-cross (dev-from-50DMA +16.2%, comfortably under the 25% overextension line). RSI 61.6 mid-band with room. OI still confirming both windows (24h +0.2%, 7d +12.5%), funding flat. Invalidation $2355 not breached (~5.0% headroom, still the tightest cushion on the book). Confluence held at 7/10, 0/10 Bearish. Thesis stays Playing Out, conviction stays Intact."
2026-09-08T07:09:00Z,2026-09-08 AM,ETHFI,Bearish,Bullish,Bullish,Bullish,Neutral,Bullish,Bullish,Bullish,Bullish,Neutral,7,1,held,"flat interest, euphoria dominant ($2 price-target framing, rocket emojis, '90% profits claimed', bullish-pennant 50-100%-move call), zero capitulation offset -- contrarian Bearish, consistent with this hold's recurring euphoria-driven p1 pattern every checkpoint. HOLD, no changes -- full target size already reached. Price $0.5805 (+1.06% vs avg entry $0.574441), still golden-cross (dev-from-50DMA +20.5%, comfortably under the 25% overextension line). RSI 58.3 mid-band with room. OI still confirming (24h +1.6%, 7d +21.5%), funding flat. Invalidation $0.52 not breached (~11.6% headroom). Confluence held at 7/10, 1/10 Bearish (p1 the sole flag every checkpoint of this hold). Thesis stays Playing Out, conviction stays Intact."
2026-09-08T07:09:00Z,2026-09-08 AM,FIL,Bearish,Neutral,Bullish,Bullish,Neutral,Bullish,Neutral,Bullish,Bullish,Neutral,5,1,none,"rising interest, euphoria dominant (price targets $1.2-2, rocket emojis, short-squeeze mentions, 'FIL back on traders radar'), zero capitulation offset -- contrarian Bearish; the underlying 75%-issuance-cut catalyst is real, but the crowd-extremity read is what p1 grades, not the catalyst's validity."
2026-09-08T07:09:00Z,2026-09-08 AM,HBAR,Neutral,Neutral,Bullish,Neutral,Neutral,Bullish,Bullish,Bullish,Bullish,Neutral,5,0,none,"flat interest, genuinely mixed -- euphoria (price target $0.084, breakout-zone chatter, DCA/build-position encouragement) AND capitulation ('painful 2026 collapse', 'game over for HBAR sentiment') both present alongside factual partnership news -- no clean dominance either way."
2026-09-08T07:09:00Z,2026-09-08 AM,JUP,Neutral,Bullish,Bullish,Bullish,Neutral,Bullish,Bullish,Bullish,Bullish,Neutral,7,0,held,"flat interest, thin trading-signal chatter (one long-entry-after-dip post, one +148%-profit-signal share, plus a scam-flavored unverified-airdrop red flag) -- notably thinner than the prior sessions' clear euphoria stack (multi-target price calls, moonshot framing), no capitulation offset either -- Neutral (a cooldown from the recurring Bearish read, not a forced continuation of it). HOLD, no changes -- price $0.2447 (-1.45% vs PM 09-07 close $0.2483, +12.48% vs avg entry $0.217553), continuing to unwind the prior overextension (dev-from-50DMA eased further to 22.9%, from PM 09-07's 25.4%, now back under the 25% Bearish override line -- p2_dma flipped Bearish->Bullish). RSI 58.7 mid-band. Funding flat. OI still strongly confirming (24h -5.4%, 7d +58.1%). Invalidation $0.203 not breached (~20.5% headroom). Confluence strengthened to 7/10 (0/10 Bearish, cleared from PM 09-07's 3 Bearish as the overextension unwound and p1 cooled). Thesis stays Playing Out, conviction upgraded to Strengthening -- hold, no changes, full target size."
2026-09-08T07:09:00Z,2026-09-08 AM,LINK,Neutral,Bearish,Bullish,Neutral,Bearish,Bullish,Bullish,Bullish,Bullish,Neutral,5,2,none,"rising interest, zero euphoria/capitulation markers -- thin narrative (claim-portal note, 'still bullish but expect pullback', generic watchlist mentions) -- no clean crowd-extreme dominance."
2026-09-08T07:09:00Z,2026-09-08 AM,MORPHO,Neutral,Bullish,Neutral,Bullish,Neutral,Bullish,Neutral,Bullish,Bullish,Neutral,5,0,exit,"flat interest, zero euphoria/capitulation markers -- narrative constructive/factual (TVL/Coinbase-integration strength, relative strength vs BTC) with one unverified token-inflation red flag -- no clean crowd-extreme dominance. EXIT -- ANTI-CHURN DISPLACEMENT (Section 5 step 7) by AAVE's fresh confirmation. MORPHO's confluence eased to 5/10 this checkpoint (0/10 Bearish, thesis still Playing Out/Intact, invalidation not breached) but AAVE confirmed 7/10 (0 Bearish) -- a >=2-parameter gap over MORPHO, the minimum required to displace a Playing-Out/Intact holding. Same DeFi Lending sector (no cap-driven forced exit) -- a direct like-for-like rotation from the thinner-liquidity challenger (MORPHO's own thesis: 'thin volume is the risk', and OI has read mixed/soft for multiple consecutive checkpoints) to the deeper-liquidity blue chip that just cleanly reconfirmed. Price $2.416 (-2.80% vs avg entry $2.485638). SOLD 174.417 MORPHO @ $2.416 = $421.3915. Realized P&L -$12.1461 (-0.34R vs planned R=2.07). See JOURNAL.md for the full exit post-mortem."
2026-09-08T07:09:00Z,2026-09-08 AM,NEAR,Neutral,Bearish,Bullish,Neutral,Neutral,Bullish,Bullish,Bullish,Bullish,Neutral,5,1,none,"flat interest, thin euphoria ('+15.70% gains' mention, 'alts bullish, buy opportunity' framing) without the prior session's heavier price-target/rocket-emoji stack, zero capitulation -- too thin for a clean dominance call, Neutral (softer than PM 09-07's clear euphoria-dominant Bearish read)."
2026-09-08T07:09:00Z,2026-09-08 AM,ONDO,Neutral,Bullish,Neutral,Bullish,Neutral,Bullish,Bullish,Bullish,Bullish,Neutral,6,0,lapsed,"flat interest (not improving), zero euphoria/capitulation markers -- narrative purely technical chart talk (symmetrical-triangle setup, RWA/derivatives-OI framing, long-run 2027 target mentions) -- doesn't cleanly fit the 'improving interest' Bullish branch or any capitulation read, Neutral. ARM LAPSED -- confluence eased 7/10 (PM 09-07 armed) -> 6/10 this checkpoint (p3_rsi rolled Bullish->Neutral as RSI eased to 54.4, near-flat dev-from-50DMA +2.1%). Sequence breaks; a fresh arm would need to restart from a new first-occurrence >=7/10 read. Not held."
2026-09-08T07:09:00Z,2026-09-08 AM,PENDLE,Neutral,Bearish,Bearish,Bullish,Neutral,Bullish,Bullish,Bullish,Bullish,Neutral,5,2,none,"flat interest, zero euphoria/capitulation markers -- narrative purely factual (sUSDD TVL past $11.7M, PT yield ~9.4%, one short position noted) -- no clean crowd-extreme dominance."
2026-09-08T07:09:00Z,2026-09-08 AM,PENGU,Neutral,Neutral,Neutral,Bullish,Neutral,Bullish,Neutral,Bullish,Bullish,Neutral,4,0,none,"mechanical count <5 this checkpoint -- not fetched per standing rule, p1 Neutral"
2026-09-08T07:09:00Z,2026-09-08 AM,PEPE,Neutral,Neutral,Bullish,Bullish,Neutral,Bullish,Bullish,Bullish,Bullish,Neutral,6,0,none,"flat interest, zero euphoria/capitulation markers -- purely descriptive 'resilient multi-cycle memecoin in consolidation' framing -- no clean crowd-extreme dominance."
2026-09-08T07:09:00Z,2026-09-08 AM,POL,Bearish,Neutral,Neutral,Bullish,Neutral,Bullish,Bullish,Bullish,Bullish,Neutral,5,1,none,"falling interest, deteriorating narrative (team layoffs, 'CEO doing marketing after 4 layoffs', ongoing structural struggles) plus unverified insider-dumping/emissions-exploit claims -- reads as genuine narrative deterioration rather than despair-with-intact-thesis, contrarian Bearish, same read as recent checkpoints."
2026-09-08T07:09:00Z,2026-09-08 AM,PYTH,Neutral,Bullish,Bullish,Neutral,Neutral,Bullish,Bullish,Bullish,Bullish,Neutral,6,0,none,"flat interest, genuinely mixed -- one bearish short-trade-map mention and one whale-accumulation note alongside factual coverage-expansion news -- no clean crowd-extreme dominance."
2026-09-08T07:09:00Z,2026-09-08 AM,SOL,Neutral,Bullish,Bullish,Bullish,Neutral,Bullish,Neutral,Bullish,Bullish,Neutral,6,0,none,"flat interest, listed chatter is almost entirely off-target Solana-ecosystem memecoin/airdrop shilling (sub-$1 tokens, unrelated CA promos), not genuine $SOL-specific crowd-extreme sentiment -- Neutral, same disambiguation caution applied all week."
2026-09-08T07:09:00Z,2026-09-08 AM,TAO,Neutral,Neutral,Bullish,Neutral,Bearish,Bullish,Bullish,Bullish,Bullish,Neutral,5,1,none,"flat interest, genuinely mixed -- euphoria (price targets $300-1000+, leveraged-long calls, AI-narrative framing) AND capitulation-adjacent notes (whale sell-pressure alerts, short-trade profit updates) both present -- no clean dominance either way."
2026-09-08T07:09:00Z,2026-09-08 AM,TRX,Neutral,Bullish,Bullish,Bullish,Neutral,Bullish,Bearish,Bullish,Bullish,Neutral,6,1,none,"flat interest, zero euphoria/capitulation markers -- purely factual corporate-treasury-accumulation narrative (Tron Inc. buys, gas-free USDT UX improvements) -- no clean crowd-extreme dominance."
2026-09-08T07:09:00Z,2026-09-08 AM,UNI,Neutral,Bearish,Bearish,Neutral,Neutral,Bullish,Bullish,Bullish,Bullish,Neutral,4,2,none,"mechanical count <5 this checkpoint -- not fetched per standing rule, p1 Neutral"
2026-09-08T07:09:00Z,2026-09-08 AM,VET,Neutral,Bearish,Bearish,Bullish,Neutral,Neutral,Neutral,Bullish,Bullish,Neutral,3,2,none,"mechanical count <5 this checkpoint -- not fetched per standing rule, p1 Neutral"
2026-09-08T07:09:00Z,2026-09-08 AM,XRP,Neutral,Neutral,Bullish,Bullish,Neutral,Bullish,Bullish,Bullish,Bullish,Neutral,6,0,none,"flat interest, genuinely mixed -- euphoria (CLARITY-Act 'TRILLIONS unlocked' hype, 2000-10000 price speculation, 'crypto capital of the world' framing) AND capitulation ('unreliable shit coin', 'pure trash', 'it's over') both present -- no clean dominance either way, a fresh mixed read vs the prior two checkpoints' clean capitulation-only reads."
2026-09-08T07:09:00Z,2026-09-08 AM,ZEC,Neutral,Bearish,Neutral,Neutral,Neutral,Bullish,Bullish,Bullish,Bullish,Neutral,4,1,none,"mechanical count <5 this checkpoint -- not fetched per standing rule, p1 Neutral"
2026-09-08T19:07:00Z,2026-09-08 PM,AAVE,Neutral,Bullish,Bullish,Bullish,Neutral,Bullish,Neutral,Bullish,Bullish,Neutral,6,0,exit,"sentiment.py: flat interest, zero euphoria/capitulation markers -- narrative purely factual (V4 tokenized-stocks-on-Base integration, AI-agent MCP server, a whale-buy mention) -- no clean crowd-extreme dominance. STAGED-ENTRY CUT -- confluence eased 7/10 (AM 09-08 entry) -> 6/10 this checkpoint (p7_oi rolled Bullish->Neutral as OI turned mixed-soft, 24h -2.1%/7d -1.6%) at the immediate next checkpoint since the half-open entry -- per Section 5 step 9, no confirmation holding >=7/10 means the half is cut, not added to. Price $129.19 (-1.43% vs entry $131.06), still golden-cross (dev-from-50DMA +21.5%, comfortably under the 25% overextension line), RSI 59.0 mid-band -- no thesis-test breach (invalidation $120.00 not touched, ~7.5% headroom at exit). This is a mechanical staged-entry non-confirmation, not a thesis-broken or Bearish-count exit (0/10 Bearish both checkpoints). SOLD 3.76544 AAVE @ $129.19 = $486.4572 proceeds, 2026-09-08T19:07:00Z (Binance spot, same parameters.py refresh). Realized P&L -$7.0414 (-0.169R vs planned R=2.12). See JOURNAL.md for the exit post-mortem. Book now 4/5 positions."
2026-09-08T19:07:00Z,2026-09-08 PM,ADA,Neutral,Neutral,Bullish,Neutral,Neutral,Bullish,Bullish,Bullish,Bullish,Neutral,5,0,none,"sentiment.py: flat interest, euphoria ($8 price target, rocket emojis) AND capitulation ('biggest scam token on $ADA') both present this checkpoint -- a shift from AM 09-08's clean capitulation-only read to genuinely mixed, no clean dominance."
2026-09-08T19:07:00Z,2026-09-08 PM,ARB,Bearish,Bearish,Neutral,Bullish,Neutral,Bullish,Bullish,Bullish,Bullish,Neutral,5,2,none,"sentiment.py: flat interest, euphoria dominant (rocket emojis, '53% profit' calls, '200x setup' promises, bullish-structure framing) heavily outweighing a single dismissive comment -- contrarian Bearish, consistent with the still-extreme mechanical overextension (dev +76.6%)."
2026-09-08T19:07:00Z,2026-09-08 PM,ASTER,Bearish,Neutral,Bullish,Neutral,Neutral,Bullish,Bullish,Bullish,Bullish,Neutral,5,1,none,"sentiment.py: rising interest, euphoria dominant (price targets up to $2, rocket emojis, conviction posts, breakout-from-consolidation framing), zero capitulation offset -- contrarian Bearish, consistent with recent reads."
2026-09-08T19:07:00Z,2026-09-08 PM,BNB,Neutral,Bullish,Bullish,Bullish,Neutral,Bullish,Bullish,Bullish,Bullish,Neutral,7,0,held,"sentiment.py: flat interest, mild euphoria (bullish chart setups, ecosystem-growth highlights) offset by a mild capitulation-flavored note ('BNB seasons don't last long') -- no clean dominance either way, same disambiguation as recent checkpoints. HOLD, no changes -- full target size already reached (stage-2 added AM 09-08). Price $750.22 (+0.09% vs AM close $749.55, +0.77% vs avg entry $744.5063), still golden-cross (dev-from-50DMA +17.7%, comfortably under the 25% overextension line). RSI 68.9 upper-mid band, still under 75. Funding flipped slightly negative (-0.0017%/8h) -- still reads Bullish per the near-zero-to-slightly-positive band (a negative print here is de minimis, not the deeply-negative contrarian-crowded-short case). OI still strongly confirming (24h -3.6%, 7d +25.3%). Invalidation $695.00 not breached (~7.4% headroom). Confluence held at 7/10, 0/10 Bearish (unchanged from AM 09-08). Thesis stays Playing Out, conviction stays Intact -- hold, no changes."
2026-09-08T19:07:00Z,2026-09-08 PM,BTC,Neutral,Bullish,Bullish,Neutral,Neutral,Bullish,Neutral,Bullish,Bullish,Neutral,5,0,none,"sentiment.py: flat interest, zero euphoria/capitulation markers, scattered casual mentions only -- no clean crowd-extreme dominance."
2026-09-08T19:07:00Z,2026-09-08 PM,CAKE,Neutral,Bearish,Bearish,Bullish,Bullish,Bullish,Bullish,Bullish,Bullish,Neutral,6,2,none,"sentiment.py: flat interest, thin euphoria (single rocket-emoji breakout post, signal-group spam), zero capitulation -- too thin for a clean dominance call."
2026-09-08T19:07:00Z,2026-09-08 PM,DOGE,Neutral,Neutral,Bullish,Neutral,Neutral,Bullish,Bullish,Bullish,Bullish,Neutral,5,0,none,"sentiment.py: flat interest, thin euphoria (rocket emojis, DOGE-1 satellite-launch hype) tied to a real dated catalyst rather than pure crowd frenzy, zero capitulation -- too thin for clean dominance."
2026-09-08T19:07:00Z,2026-09-08 PM,ENA,Neutral,Bearish,Bullish,Neutral,Neutral,Bullish,Neutral,Bullish,Bullish,Neutral,4,1,none,"mechanical count <5 this checkpoint -- not fetched per standing rule, p1 Neutral"
2026-09-08T19:07:00Z,2026-09-08 PM,ETH,Neutral,Bullish,Bullish,Bullish,Neutral,Bullish,Bullish,Bullish,Bullish,Neutral,7,0,held,"sentiment.py: falling interest, zero euphoria/capitulation markers -- narrative is unrelated casual memecoin/tokenized-stock chatter tangentially tagged to ETH, not genuinely ETH-specific -- no clean crowd-extreme dominance. HOLD, no changes -- full target size already reached. Price $2488.32 (+0.61% vs avg entry $2500.099323, +0.61% vs AM close $2473.10), still golden-cross (dev-from-50DMA +16.9%, comfortably under the 25% overextension line). RSI 63.2 mid-band with room. OI still confirming both windows (24h +0.4%, 7d +13.7%), funding flat. Invalidation $2355 not breached (~5.4% headroom, still the tightest cushion on the book). Confluence held at 7/10, 0/10 Bearish. Thesis stays Playing Out, conviction stays Intact -- hold, no changes."
2026-09-08T19:07:00Z,2026-09-08 PM,ETHFI,Bearish,Bearish,Bullish,Bullish,Neutral,Bullish,Bullish,Bullish,Bullish,Neutral,6,2,held,"sentiment.py: euphoria dominant ('90% up in profits' with bullish-pennant continuation framing), zero capitulation offset -- the same recurring euphoria pattern flagged at every checkpoint of this hold. HOLD, no changes -- full target size already reached. Price $0.6093 (+6.06% vs avg entry $0.574441, +4.96% vs AM close $0.5805), a strong single-checkpoint move. Dev-from-50DMA stretched to +26.4% -- past the 25% overextension line for the first time this hold, flipping p2_dma Bullish->Bearish (the same pattern flagged on JUP in early September). RSI 63.3 mid-upper band, still under 75. rvol 0.59 (compression) reads Bullish per the compression branch. Funding flat. OI strongly confirming (24h +10.1%, 7d +37.8%). Invalidation $0.52 not breached (~14.7% headroom). Sentiment (p1) held Bearish -- same recurring euphoria pattern ('90% up in profits', bullish-pennant continuation), zero capitulation offset. Confluence eased 7/10 (1 Bearish) -> 6/10 (2 Bearish: p1 + fresh p2_dma overextension) -- still well short of both the >=4/10-for-1-checkpoint trim gate and the >=4/10-for-2-consecutive exit gate. Thesis stays Playing Out, conviction stays Intact -- hold, no changes, but flagging the fresh overextension crossover as the checkpoint's primary watch item given the size of today's move."
2026-09-08T19:07:00Z,2026-09-08 PM,FIL,Bearish,Neutral,Bullish,Bullish,Neutral,Bullish,Neutral,Bullish,Bullish,Neutral,5,1,none,"sentiment.py: rising interest, euphoria (potential $2 target on wedge breakout, short-squeeze mentions) despite the real 75%-issuance-cut catalyst -- p1 grades crowd extremity not catalyst validity, contrarian Bearish, consistent with prior read."
2026-09-08T19:07:00Z,2026-09-08 PM,HBAR,Neutral,Neutral,Bullish,Neutral,Neutral,Bullish,Bullish,Bullish,Bullish,Neutral,5,0,none,"sentiment.py: flat interest, one capitulation-flavored ecosystem-failure claim amid otherwise-positive factual partnership coverage (Google/Accenture, Mastercard) -- genuinely mixed, no clean dominance."
2026-09-08T19:07:00Z,2026-09-08 PM,JUP,Neutral,Bullish,Bullish,Bullish,Neutral,Bullish,Bullish,Bullish,Bullish,Neutral,7,0,held,"sentiment.py: flat interest, a single thin capitulation-flavored TA comment (bearish signal on breakdown below $0.2019) with zero euphoria offset -- too thin to read as genuine crowd capitulation, Neutral. HOLD, no changes -- full target size already reached. Price $0.2392 (-2.25% vs AM close $0.2447, +9.94% vs avg entry $0.217553), continuing to consolidate off the early-September highs. Still golden-cross (dev-from-50DMA +20.2%, comfortably under the 25% overextension line, easing slightly further from AM's 22.9%). RSI 56.8, low end of the 55-70 band but in range. Funding flat. OI still strongly confirming (24h -5.7%, 7d +54.4%). Invalidation $0.203 not breached (~17.8% headroom, one of the widest on the book). Sentiment (p1) held Neutral -- a single thin capitulation-flavored TA comment, no clean crowd-extreme dominance, same cooldown as AM. Confluence held at 7/10, 0/10 Bearish (unchanged from AM 09-08's Strengthening upgrade). Thesis stays Playing Out -- conviction eased back to Intact from AM's Strengthening (the read has now stabilized at the improved level rather than continuing to improve further); hold, no changes."
2026-09-08T19:07:00Z,2026-09-08 PM,LINK,Bearish,Bearish,Bullish,Neutral,Neutral,Bullish,Bullish,Bullish,Bullish,Neutral,5,2,none,"sentiment.py: falling interest, genuine deteriorating narrative (whale/exchange selling concerns, 'moat gone due to LayerZero', tone shift from prior optimism to caution/exit signals) rather than despair-with-intact-thesis -- contrarian Bearish per the deteriorating-narrative branch."
2026-09-08T19:07:00Z,2026-09-08 PM,MORPHO,Neutral,Bullish,Neutral,Bullish,Neutral,Bullish,Neutral,Bullish,Bullish,Neutral,5,0,none,"sentiment.py: falling interest, zero euphoria/capitulation markers, sparse technical/integration narrative, one unverified token-inflation red flag -- no clean crowd-extreme dominance."
2026-09-08T19:07:00Z,2026-09-08 PM,NEAR,Bullish,Bearish,Bullish,Neutral,Neutral,Bullish,Bullish,Bullish,Bullish,Neutral,6,1,none,"sentiment.py: rising interest, zero euphoria markers, zero capitulation -- narrative purely factual (breakout above $2 on rising volume, stateless-validation tech upgrade) -- a clean fit for the 'improving interest without euphoria' Bullish branch, an upgrade from recent Neutral/Bearish reads as the prior euphoria stack has fully cleared."
2026-09-08T19:07:00Z,2026-09-08 PM,ONDO,Neutral,Bullish,Bullish,Bullish,Neutral,Bullish,Bullish,Bullish,Bullish,Neutral,7,0,armed,"sentiment.py: falling interest (not improving), zero euphoria/capitulation markers, sparse low-activity narrative -- doesn't cleanly fit the improving-interest Bullish branch; unverified legal-dispute red flag noted but not thesis-breaking news. ARMED -- first occurrence at >=7/10 since the AM 09-08 lapse (6/10 -> 7/10, p3_rsi rolled back to Bullish as RSI firmed to 55.0). 0/10 Bearish. Price $0.376, near-flat dev-from-50DMA +2.5%. This is the sequence's first checkpoint -- needs a second consecutive >=7/10 read (AM 09-09) to confirm. Book at 4/5 positions post-AAVE-cut this checkpoint -- one open slot."
2026-09-08T19:07:00Z,2026-09-08 PM,PENDLE,Neutral,Bearish,Neutral,Neutral,Bearish,Bullish,Bullish,Bullish,Bullish,Neutral,4,2,none,"mechanical count <5 this checkpoint -- not fetched per standing rule, p1 Neutral"
2026-09-08T19:07:00Z,2026-09-08 PM,PENGU,Neutral,Neutral,Neutral,Bullish,Neutral,Bullish,Neutral,Bullish,Bullish,Neutral,4,0,none,"mechanical count <5 this checkpoint -- not fetched per standing rule, p1 Neutral"
2026-09-08T19:07:00Z,2026-09-08 PM,PEPE,Neutral,Neutral,Bullish,Bullish,Neutral,Bullish,Bullish,Bullish,Bullish,Neutral,6,0,none,"sentiment.py: flat interest, thin euphoria ('moon soon', 'doubled'), zero capitulation, scattered unverified airdrop-scam red flags -- no clean crowd-extreme dominance, consistent with prior consolidation-framing reads."
2026-09-08T19:07:00Z,2026-09-08 PM,POL,Bearish,Neutral,Neutral,Bullish,Neutral,Bullish,Bullish,Bullish,Bullish,Neutral,5,1,none,"sentiment.py: flat interest, genuinely deteriorating narrative continuing (team-emissions-milking and OTC-dump accusations, scam/trash dismissal) -- contrarian Bearish, same recurring read."
2026-09-08T19:07:00Z,2026-09-08 PM,PYTH,Neutral,Bullish,Bullish,Neutral,Neutral,Bullish,Bullish,Bullish,Bullish,Neutral,6,0,none,"sentiment.py: flat interest, moderate euphoria (price targets $0.30+/$0.55, 'smart money loading') with zero capitulation offset, but thin/isolated rather than a stacked crowd-extreme -- no clean dominance."
2026-09-08T19:07:00Z,2026-09-08 PM,SOL,Neutral,Bullish,Bullish,Bullish,Neutral,Bullish,Neutral,Bullish,Bullish,Neutral,6,0,none,"sentiment.py: rising interest, but listed euphoria markers remain substantially Solana-ecosystem-memecoin-adjacent (rocket emojis in memecoin shills, 16x/100x calls) rather than clean SOL-specific crowd extremity -- same disambiguation caution applied all week, Neutral."
2026-09-08T19:07:00Z,2026-09-08 PM,TAO,Neutral,Neutral,Bullish,Neutral,Neutral,Bullish,Bullish,Bullish,Bullish,Neutral,5,0,none,"sentiment.py: flat interest, genuinely mixed -- euphoria (price targets $380/$810, falling-wedge breakout charts, AI-narrative rebound) AND capitulation-adjacent scam accusations both present -- no clean dominance either way, same read as recent checkpoints."
2026-09-08T19:07:00Z,2026-09-08 PM,TRX,Neutral,Bullish,Bullish,Bullish,Neutral,Bullish,Bearish,Bullish,Bullish,Neutral,6,1,none,"sentiment.py: flat interest, euphoria markers are factual catalyst coverage (Cboe staked-TRX ETF listing 09-09, Sun engagement) rather than crowd hype language, zero capitulation -- no clean dominance."
2026-09-08T19:07:00Z,2026-09-08 PM,UNI,Neutral,Bearish,Neutral,Neutral,Neutral,Bullish,Bullish,Bullish,Bullish,Neutral,4,1,none,"mechanical count <5 this checkpoint -- not fetched per standing rule, p1 Neutral"
2026-09-08T19:07:00Z,2026-09-08 PM,VET,Neutral,Bearish,Bearish,Bullish,Bullish,Neutral,Neutral,Bullish,Bullish,Neutral,4,2,none,"mechanical count <5 this checkpoint -- not fetched per standing rule, p1 Neutral"
2026-09-08T19:07:00Z,2026-09-08 PM,XRP,Bearish,Neutral,Bullish,Bullish,Neutral,Bullish,Bullish,Bullish,Bullish,Neutral,6,1,none,"sentiment.py: rising interest, euphoria dominant ($10,000 price target with rocket emojis, breakout claims, bull-case scenarios), zero capitulation offset this checkpoint -- a shift from the prior two checkpoints' capitulation-flavored mixed reads to clean euphoria dominance, contrarian Bearish."
2026-09-08T19:07:00Z,2026-09-08 PM,ZEC,Neutral,Bearish,Bearish,Neutral,Neutral,Bullish,Bullish,Bullish,Bullish,Neutral,4,2,none,"mechanical count <5 this checkpoint -- not fetched per standing rule, p1 Neutral"
2026-09-09T07:14:53Z,2026-09-09 AM,BTC,Bearish,Bullish,Bullish,Neutral,Neutral,Bullish,Neutral,Bullish,Bullish,Neutral,5,1,none,"sentiment.py: flat interest, euphoria dominant (Greed index cited at 71, 'moonboys calling bull market', 'greed is back') despite price sitting below recent peaks -- crowd complacency/euphoria without capitulation, contrarian Bearish."
2026-09-09T07:14:53Z,2026-09-09 AM,ETH,Neutral,Bullish,Bullish,Bullish,Bearish,Bullish,Bullish,Bullish,Bullish,Neutral,7,1,held,"sentiment.py: flat interest, zero euphoria/capitulation markers -- narrative purely factual (quantum-resistance roadmap, EIP evaluation, neutral price framing around $2500) -- no clean crowd-extreme dominance. HOLD, no changes -- full target size already reached. Price $2512.82 (+0.51% vs avg entry $2500.099323, +0.99% vs PM 09-08 close $2488.32), still golden-cross (dev-from-50DMA +17.4%, comfortably under the 25% overextension line). RSI 64.6 mid-band with room. p5_volz flipped Bullish->Bearish this checkpoint (volume z -1.25 in an active uptrend -- the rubric's literal 'no conviction' branch). OI still confirming both windows (24h +4.2%, 7d +13.4%), funding flat. Invalidation $2355 not breached (~6.7% headroom, still the tightest cushion on the book). Confluence held at 7/10 (0->1 Bearish). Thesis stays Playing Out, conviction stays Intact -- hold, no changes."
2026-09-09T07:14:53Z,2026-09-09 AM,BNB,Neutral,Bullish,Neutral,Bullish,Bearish,Bullish,Bullish,Bullish,Bullish,Neutral,6,1,held,"sentiment.py: falling interest, zero euphoria/capitulation markers -- scattered low-engagement unrelated meme-coin chatter, not genuinely BNB-specific -- no clean crowd-extreme dominance. HOLD, no changes -- full target size already reached. Price $756.95 (+1.67% vs avg entry $744.5063, +0.90% vs AM close $749.55... vs PM 09-08 close $750.22 +0.90%), still golden-cross (dev-from-50DMA +18.0%, comfortably under the 25% overextension line). RSI 70.1, right at the top edge of the 55-70 Bullish band -- reads Neutral (borderline, not clean Bullish, not overheated). p5_volz flipped Bullish->Bearish this checkpoint (volume z -1.21 in an active uptrend, the 'no conviction' branch, same pattern as ETH). Funding flat (0.01%/8h). OI still confirming (24h -1.1%, 7d +27.8%). Invalidation $695.00 not breached (~8.9% headroom). Confluence eased 7/10(0 Bearish) PM 09-08 -> 6/10(1 Bearish) AM 09-09. Thesis stays Playing Out, conviction stays Intact -- hold, no changes."
2026-09-09T07:14:53Z,2026-09-09 AM,XRP,Neutral,Neutral,Bullish,Bullish,Neutral,Bullish,Bullish,Bullish,Bullish,Neutral,6,0,none,"sentiment.py: flat interest, genuinely mixed -- euphoria (institutional Japan/US attention, $650T tokenization speculation, ETF inflow divergence) AND capitulation ('unreliable shitcoin', 'DEAD zero utilization', price lagging the rail) both present -- no clean dominance either way."
2026-09-09T07:14:53Z,2026-09-09 AM,SOL,Bearish,Bullish,Bullish,Bullish,Neutral,Bullish,Neutral,Bullish,Bullish,Neutral,6,1,none,"sentiment.py: flat interest, but euphoria markers this checkpoint are genuinely SOL-specific ($478 breakout target, 'LFG ready for SOL pumps') rather than the ecosystem-memecoin-adjacent chatter that kept SOL's read Neutral all week, zero capitulation offset -- crosses into euphoria dominance, contrarian Bearish (a shift from the standing Neutral disambiguation read)."
2026-09-09T07:14:53Z,2026-09-09 AM,TRX,Bullish,Bullish,Bullish,Bullish,Neutral,Bullish,Neutral,Bullish,Bullish,Neutral,7,0,armed,"sentiment.py: rising interest, listed euphoria markers are factual catalyst coverage of today's actual Cboe TRXS ETF launch and the TRON Inc./TRXS dual-structure narrative rather than manic crowd hype language, zero capitulation -- reads as improving interest around a genuine dated catalyst, Bullish (one unverified 'Justin Sun con artist' red flag noted but not narrative-dominant). ARMED -- first occurrence at >=7/10 (6/10 PM 09-08 -> 7/10 AM 09-09, mechanical p2-10 held clean 6/9 Bullish/0 Bearish, p1 flip to Bullish is what tipped it over the gate). Price $0.3391, low-vol low-beta profile (dev-from-50DMA only +1.9%, RSI 57.1 mid-band, funding flat, OI mixed both windows negative but immaterial to the gate). This is the sequence's first checkpoint -- needs a second consecutive >=7/10 read (PM 09-09) to confirm. Book at 4/5 positions -- one open slot. Note: TRX shares the Major L1 sector with the held ETH position -- would need the sector-cap/2-per-sector check at confirmation if it reaches that stage."
2026-09-09T07:14:53Z,2026-09-09 AM,DOGE,Neutral,Neutral,Bullish,Neutral,Neutral,Bullish,Bullish,Bullish,Bullish,Neutral,5,0,none,"sentiment.py: falling interest, zero euphoria/capitulation markers -- scattered mentions of DOGE as a past meme leader while promoting newer tokens/variant community votes -- no clean crowd-extreme dominance."
2026-09-09T07:14:53Z,2026-09-09 AM,ZEC,Neutral,Bearish,Bearish,Neutral,Neutral,Bullish,Bullish,Bullish,Bullish,Neutral,4,2,none,"mechanical count <5 this checkpoint -- not fetched per standing rule, p1 Neutral"
2026-09-09T07:14:53Z,2026-09-09 AM,ADA,Neutral,Neutral,Bullish,Neutral,Neutral,Bullish,Bullish,Bullish,Bullish,Neutral,5,0,none,"sentiment.py: flat interest, zero euphoria/capitulation markers -- purely factual technical-upgrade and price-level narrative -- no clean crowd-extreme dominance."
2026-09-09T07:14:53Z,2026-09-09 AM,LINK,Neutral,Bearish,Bullish,Neutral,Bearish,Bullish,Bullish,Bullish,Bullish,Neutral,5,2,none,"sentiment.py: flat interest, thin/minimal engagement -- LINK listed generically alongside other alts as a potential multi-bagger, no deteriorating-narrative signal present this window (unlike the prior whale-selling/LayerZero-moat read) -- too thin for clean dominance, Neutral."
2026-09-09T07:14:53Z,2026-09-09 AM,UNI,Neutral,Bearish,Neutral,Neutral,Neutral,Bullish,Bullish,Bullish,Bullish,Neutral,4,1,none,"mechanical count <5 this checkpoint -- not fetched per standing rule, p1 Neutral"
2026-09-09T07:14:53Z,2026-09-09 AM,AAVE,Bearish,Bullish,Bullish,Bullish,Neutral,Bullish,Neutral,Bullish,Bullish,Neutral,6,1,none,"sentiment.py: flat interest, euphoria dominant (rocket emojis on pump signals, '21% profit in 7 hours' brag, '+$200' weekly-chart target, 'ready for lift off'), zero capitulation offset -- contrarian Bearish."
2026-09-09T07:14:53Z,2026-09-09 AM,ENA,Neutral,Bearish,Bullish,Bullish,Neutral,Neutral,Bullish,Bullish,Bullish,Neutral,5,1,none,"sentiment.py: flat interest, zero euphoria/capitulation markers -- generic '10x by 2029' altcoin-list mentions and basic long/short setups -- no clean crowd-extreme dominance."
2026-09-09T07:14:53Z,2026-09-09 AM,MORPHO,Neutral,Bullish,Neutral,Bullish,Neutral,Bullish,Neutral,Bullish,Bullish,Neutral,5,0,none,"sentiment.py: flat interest, zero euphoria, some capitulation-flavored signal (multiple AI accounts posting bearish calls at 60%+ confidence) alongside a repeated unverified token-inflation red flag -- genuinely thin/ambiguous, not a clean capitulation-with-intact-thesis nor a confirmed deteriorating-narrative read -- Neutral."
2026-09-09T07:14:53Z,2026-09-09 AM,ONDO,Bearish,Bullish,Bullish,Bullish,Bearish,Bearish,Bullish,Bullish,Bullish,Neutral,6,3,lapsed,"sentiment.py: interest flat (not improving), zero euphoria, capitulation-flavored markers present (tokenomics concerns, legal-dispute mention) but paired with two fresh unverified red-flag claims (a legal dispute framed as able to 'end the company', and product fees not accruing to the ONDO token) -- reads as genuine deteriorating-narrative risk rather than despair-with-intact-thesis, contrarian Bearish, same standard applied to POL/LINK's own unverified-narrative-shift reads. ARM LAPSED -- confluence eased 7/10(0 Bearish) PM 09-08 -> 6/10(3 Bearish: p1 + p5_volz + p6_funding) AM 09-09, short of the >=7/10 2nd-consecutive-checkpoint bar (Section 5 step 5) -- not a confirmed candidate. Price $0.3795, near-flat dev-from-50DMA +3.6%, RSI 56.1 mid-band. Funding 0.0616%/8h now reads Bearish (crosses the ~0.05%/8h crowded-long threshold) -- a fresh mechanical flip alongside the volume-z no-conviction flag. Book stays at 4/5 positions -- one open slot remains unfilled this checkpoint."
2026-09-09T07:14:53Z,2026-09-09 AM,ETHFI,Bearish,Bearish,Bullish,Bullish,Bearish,Bullish,Bullish,Bullish,Bullish,Neutral,6,3,held,"sentiment.py: flat interest, euphoria dominant (rocket emojis, +42%/50-100%-move price targets, bullish-pennant continuation framing), zero capitulation offset -- the same recurring euphoria pattern flagged at every checkpoint of this hold, contrarian Bearish. HOLD, no changes -- full target size already reached. Price $0.6239 (+8.61% vs avg entry $0.574441, +2.39% vs PM 09-08 close $0.6093). Dev-from-50DMA deepened to +28.6% (from PM's +26.4%) -- still past the 25% overextension line, p2_dma stays Bearish. RSI 65.3 mid-upper band, still under 75. p5_volz flipped Bullish->Bearish this checkpoint (volume z -1.27, the same 'no conviction in a rally' pattern as ETH/BNB this checkpoint) -- Bearish count climbed 1->2->3 over the last three checkpoints (PM 09-07 -> AM 09-08 -> PM 09-08 -> AM 09-09 sequence). Funding flat. OI still strongly confirming (24h +14.0%, 7d +30.6%). Invalidation $0.52 not breached (~19.9% headroom). Confluence held at 6/10 (2->3/10 Bearish) -- still short of the >=4/10-for-1-checkpoint trim gate, but this is now the checkpoint's primary watch item: the overextension is deepening rather than unwinding (unlike JUP's own overextension episode, which peaked and reversed within two checkpoints) and the Bearish count has risen in three straight checkpoints. Thesis stays Playing Out, conviction stays Intact for now -- hold, no changes, but flagged explicitly for close attention at PM 09-09: a further Bearish-count rise to >=4 would trigger a trim-half review."
2026-09-09T07:14:53Z,2026-09-09 AM,CAKE,Neutral,Bearish,Bearish,Bullish,Neutral,Bullish,Bullish,Bullish,Bullish,Neutral,5,2,none,"sentiment.py: flat interest, mild euphoria ('chart looks primed', 'attractive investment') framed around genuine buyback/burn fundamentals rather than manic hype, zero capitulation -- too thin/fundamentals-grounded for a clean dominance call, Neutral."
2026-09-09T07:14:53Z,2026-09-09 AM,JUP,Bearish,Bearish,Bullish,Bullish,Neutral,Bullish,Bullish,Bullish,Bullish,Neutral,6,2,held,"sentiment.py: flat interest, euphoria dominant (price targets $0.255-$0.275, rocket emojis, 'WE ARE GOING TO EXPLODE', 'always bullish on JUP', 'exploding higher'), zero capitulation offset -- the same recurring euphoria pattern flagged nearly every checkpoint of this hold, contrarian Bearish. HOLD, no changes -- full target size already reached. Price $0.2521 (+15.88% vs avg entry $0.217553, +5.39% vs PM 09-08 close $0.2392), a strong continued move. Dev-from-50DMA stretched to +26.0% -- back past the 25% overextension line (p2_dma flipped Bullish->Bearish again, echoing the early-September episode). RSI 60.1 mid-band, comfortably under 75. rvol 1.53 (expansion) still reads Bullish per the breakout branch. Funding flat (0.01%/8h). OI very strongly confirming (24h +0.2%, 7d +65.0%). Invalidation $0.203 not breached (~24.2% headroom, the widest on the book). Confluence eased 7/10(0 Bearish) PM 09-08 -> 6/10(2 Bearish: p1 + fresh p2_dma overextension) AM 09-09 -- still well short of the >=4/10-for-1-checkpoint trim gate. Thesis stays Playing Out, conviction stays Intact -- hold, no changes, watching the overextension the same way as its own early-September episode (unwound within two checkpoints without ever threatening the trim gate)."
2026-09-09T07:14:53Z,2026-09-09 AM,VET,Neutral,Bearish,Bearish,Neutral,Neutral,Neutral,Neutral,Bullish,Bullish,Neutral,2,2,none,"mechanical count <5 this checkpoint -- not fetched per standing rule, p1 Neutral"
2026-09-09T07:14:53Z,2026-09-09 AM,HBAR,Bullish,Neutral,Bullish,Neutral,Neutral,Bullish,Bullish,Bullish,Bullish,Neutral,6,0,none,"sentiment.py: flat interest, zero euphoria, genuine capitulation despair over the 2026 price collapse ('painful collapse from $0.40 to $0.08', 'damaged macro structure, no leadership') paired with real ongoing partnership catalysts (WISeKey, Mastercard, RiskStream) and quiet-accumulation chatter -- a clean capitulation-while-thesis-intact fit, contrarian Bullish."
2026-09-09T07:14:53Z,2026-09-09 AM,PENDLE,Neutral,Bearish,Neutral,Neutral,Bearish,Bullish,Bullish,Bullish,Bullish,Neutral,4,2,none,"mechanical count <5 this checkpoint -- not fetched per standing rule, p1 Neutral"
2026-09-09T07:14:53Z,2026-09-09 AM,PEPE,Neutral,Neutral,Bullish,Bullish,Neutral,Bullish,Bullish,Bullish,Bullish,Neutral,6,0,none,"sentiment.py: flat interest, thin euphoria (WAGMI, rocket emojis, OG energy) with an absurdist/hyperbolic '-1000000% return' comment that doesn't read as genuine capitulation -- no clean crowd-extreme dominance, consistent with the prior consolidation-framing reads."
2026-09-09T07:14:53Z,2026-09-09 AM,TAO,Bearish,Neutral,Bullish,Neutral,Neutral,Bullish,Bullish,Bullish,Bullish,Neutral,5,1,none,"sentiment.py: rising interest, euphoria dominant this checkpoint (a spread of price targets $290-$500, AI-narrative and meme-driven FOMO attention), zero capitulation offset (unlike the prior mixed reads that included scam-accusation capitulation markers) -- clean shift into euphoria dominance, contrarian Bearish."
2026-09-09T07:14:53Z,2026-09-09 AM,POL,Bearish,Neutral,Bullish,Bullish,Neutral,Bullish,Bullish,Bullish,Bullish,Neutral,6,1,none,"sentiment.py: falling interest, genuinely deteriorating narrative continuing (unverified VC-dump and emissions-exploit claims, '$0.01 target', 'chart destroyed over 4 years') outweighing the payments-hype euphoria markers -- contrarian Bearish, same recurring read as prior checkpoints."
2026-09-09T07:14:53Z,2026-09-09 AM,PENGU,Neutral,Neutral,Neutral,Bullish,Neutral,Bullish,Neutral,Bullish,Bullish,Neutral,4,0,none,"mechanical count <5 this checkpoint -- not fetched per standing rule, p1 Neutral"
2026-09-09T07:14:53Z,2026-09-09 AM,ARB,Bearish,Bearish,Neutral,Bullish,Neutral,Bullish,Bullish,Bullish,Bullish,Neutral,5,2,none,"sentiment.py: rising interest, euphoria dominant (rocket-emoji price targets, Robinhood/Arbitrum-ecosystem hype, 'accumulation phase' calls after a 45% move), zero capitulation offset -- contrarian Bearish, consistent with the still-extreme mechanical overextension (dev +78.2%)."
2026-09-09T07:14:53Z,2026-09-09 AM,PYTH,Neutral,Bullish,Bullish,Bullish,Neutral,Bullish,Neutral,Bullish,Bullish,Neutral,6,0,none,"sentiment.py: flat interest, genuinely mixed -- euphoria ($0.30+/$0.55 price targets) AND capitulation (bearish weekly-structure calls, downside-to-0.023 expectations) both present -- no clean dominance."
2026-09-09T07:14:53Z,2026-09-09 AM,ASTER,Neutral,Neutral,Bullish,Bullish,Neutral,Bullish,Bullish,Bullish,Bullish,Neutral,6,0,none,"sentiment.py: flat interest, genuinely mixed this checkpoint -- euphoria (price targets, rocket emojis) alongside real capitulation-flavored markers ('rugged' claims, bagholder despair) for the first time this week (vs prior checkpoints' 'zero capitulation offset' euphoria-dominant reads) -- no clean dominance, Neutral."
2026-09-09T07:14:53Z,2026-09-09 AM,NEAR,Neutral,Bearish,Bullish,Neutral,Neutral,Neutral,Bullish,Bullish,Bullish,Neutral,4,1,none,"mechanical count <5 this checkpoint -- not fetched per standing rule, p1 Neutral"
2026-09-09T07:14:53Z,2026-09-09 AM,FIL,Neutral,Neutral,Bullish,Bullish,Bearish,Bullish,Bullish,Bullish,Bullish,Neutral,6,1,none,"sentiment.py: flat interest, zero euphoria/capitulation markers -- purely factual AI-storage/DePIN infrastructure narrative -- no clean crowd-extreme dominance, a cooldown from the prior wedge-breakout-price-target euphoria read."
2026-09-09T19:08:00Z,2026-09-09 PM,BTC,Neutral,Bullish,Bullish,Neutral,Neutral,Bullish,Neutral,Bullish,Bullish,Neutral,5,0,none,"sentiment.py: flat interest, zero euphoria/capitulation markers this checkpoint -- narrative purely factual (F&G at 71 cited descriptively) -- a cooldown from AM's euphoria-dominant read, no clean crowd-extreme dominance."
2026-09-09T19:08:00Z,2026-09-09 PM,ETH,Neutral,Bullish,Bullish,Bullish,Neutral,Bullish,Bullish,Bullish,Bullish,Neutral,7,0,held,"sentiment.py: flat interest, genuinely mixed -- euphoria ($3500-4000 targets, bullish-flag chart calls) AND capitulation (short setups, an anonymous 11k-ETH sale report) both present -- no clean dominance. HOLD, no changes -- full target size already reached. Price $2478.91 (-0.85% vs avg entry $2500.099323), still golden-cross (dev +15.9%, comfortably under the 25% overextension line). RSI 62.2 mid-band with room. OI still confirming both windows (24h +0.7%, 7d +11.2%), funding flat. Invalidation $2355 not breached (~4.98% headroom, tightest cushion on the book). Confluence held at 7/10, 0/10 Bearish (p5_volz cleared back to Neutral from AM's single flag). Thesis stays Playing Out, conviction stays Intact -- hold, no changes."
2026-09-09T19:08:00Z,2026-09-09 PM,BNB,Neutral,Bullish,Bullish,Bullish,Neutral,Bullish,Bullish,Bullish,Bullish,Neutral,7,0,held,"sentiment.py: flat interest, mild euphoria (rocket emojis, bStocks-meta live) alongside mild capitulation-flavored grumbling ('BNB szn never lasts'), narrative shifting toward RWA/bStocks fundamentals over hype -- no clean dominance. HOLD, no changes -- full target size already reached. Price $739.90 (-0.62% vs avg entry $744.5063), still golden-cross (dev +15.4%, comfortably under the 25% overextension line). RSI 64.4 mid-band with room (cooled from AM's borderline 70.1). p5_volz cleared back to Neutral from AM's single flag. OI still confirming 7d (+29.2%) despite a 24h dip (-4.8%). Funding flat. Invalidation $695 not breached (~6.1% headroom). Confluence held at 7/10, 0/10 Bearish (improved from AM's 6/10, 1 Bearish). Thesis stays Playing Out, conviction stays Intact -- hold, no changes."
2026-09-09T19:08:00Z,2026-09-09 PM,XRP,Neutral,Neutral,Bullish,Bullish,Neutral,Bullish,Bullish,Bullish,Bullish,Neutral,6,0,none,"sentiment.py: rising interest, genuinely mixed -- euphoria (ETF-inflow rocket emojis, Japan/US institutional-attention hype) AND capitulation ('sell and get out', 'zero utilization' despair) both present -- no clean dominance, same disambiguation as prior checkpoints."
2026-09-09T19:08:00Z,2026-09-09 PM,SOL,Neutral,Bullish,Bullish,Bullish,Neutral,Bullish,Neutral,Bullish,Bullish,Neutral,6,0,none,"sentiment.py: flat interest, zero euphoria/capitulation markers -- ecosystem memecoin shilling dominates, not genuinely SOL-specific price hype -- no clean dominance, a cooldown from AM's SOL-specific euphoria read."
2026-09-09T19:08:00Z,2026-09-09 PM,TRX,Bullish,Bullish,Bullish,Bullish,Neutral,Bullish,Neutral,Bullish,Bullish,Neutral,7,0,confirmed,"sentiment.py: rising interest, euphoria markers remain factual catalyst coverage of the live Cboe TRXS staked-ETF launch and TRON Inc./TRXS dual-structure narrative rather than manic crowd hype, zero capitulation -- same standard as AM, Bullish. CONFIRMED -- 2nd consecutive checkpoint >=7/10 (AM 09-09 7/10 armed -> PM 09-09 7/10 confirmed, 0/10 Bearish both checkpoints; mechanical p2-10 held clean 6/9 Bullish, 0/9 Bearish both times). Sole confirmed candidate this checkpoint (PYTH newly armed 7/10, first occurrence, not yet confirmed). See PORTFOLIO.json/JOURNAL.md for the full expectancy sheet and entry record."
2026-09-09T19:08:00Z,2026-09-09 PM,DOGE,Neutral,Neutral,Bullish,Neutral,Neutral,Bullish,Bullish,Bullish,Bullish,Neutral,5,0,none,"sentiment.py: falling interest, zero euphoria/capitulation markers -- scattered low-engagement shill posts referencing DOGE as a past meme leader while promoting newer tokens -- no clean dominance."
2026-09-09T19:08:00Z,2026-09-09 PM,ZEC,Bearish,Bearish,Bearish,Neutral,Bullish,Bullish,Bullish,Bullish,Bullish,Neutral,5,3,none,"sentiment.py: rising interest, euphoria dominant (rocket emojis, 'top performer' claims vs NEAR/VVV), zero capitulation offset -- classic crowd pile-on, contrarian Bearish."
2026-09-09T19:08:00Z,2026-09-09 PM,ADA,Neutral,Neutral,Bullish,Neutral,Neutral,Bullish,Bullish,Bullish,Bullish,Neutral,5,0,none,"sentiment.py: flat interest, zero euphoria/capitulation markers -- ecosystem updates and low-key trading setups -- no clean dominance."
2026-09-09T19:08:00Z,2026-09-09 PM,LINK,Neutral,Bullish,Bullish,Neutral,Neutral,Bullish,Bullish,Bullish,Bullish,Neutral,6,0,none,"sentiment.py: flat interest, euphoria markers ($100/$90 price-target promotions) trace to unverified scam links and paid signal-group promotions rather than organic crowd conviction, zero capitulation offset -- too thin/promotional for clean dominance, Neutral (same standard as AM)."
2026-09-09T19:08:00Z,2026-09-09 PM,UNI,Bearish,Bearish,Bullish,Neutral,Neutral,Bullish,Bullish,Bullish,Bullish,Neutral,5,2,none,"sentiment.py: rising interest, euphoria dominant (price targets $6.9-$11, 'moon that', breakout calls tied to fee-switch/Robinhood-volume catalysts), zero capitulation offset -- classic euphoria pile-on, contrarian Bearish."
2026-09-09T19:08:00Z,2026-09-09 PM,AAVE,Neutral,Bullish,Bullish,Bullish,Neutral,Bullish,Neutral,Bullish,Bullish,Neutral,6,0,none,"sentiment.py: flat interest, zero euphoria/capitulation markers -- narrative purely factual (AI-agent MCP integration, Japan app access, Arc onchain credit) -- a cooldown from the prior euphoria-dominant Bearish reads, no clean dominance."
2026-09-09T19:08:00Z,2026-09-09 PM,ENA,Bearish,Bearish,Bullish,Bullish,Neutral,Bullish,Bullish,Bullish,Bullish,Neutral,6,2,none,"sentiment.py: flat interest, capitulation-flavored technicals (double-top calls, short setups) compounding with an unverified red flag (team-linked wallets moved ~$6.75M ENA to CEXs) and vesting/unlock supply-pressure narrative, zero euphoria offset -- reads as genuine deteriorating-narrative risk (insider-selling-pressure concern) rather than a clean capitulation-with-thesis-intact buy signal, same standard applied to ONDO/POL/LINK's own unverified-claim reads, contrarian Bearish."
2026-09-09T19:08:00Z,2026-09-09 PM,MORPHO,Neutral,Bullish,Neutral,Bullish,Neutral,Bullish,Neutral,Bullish,Bullish,Neutral,5,0,none,"sentiment.py: falling interest, zero euphoria/capitulation markers -- thin technical/TVL talk plus an unverified high-token-inflation red flag, genuinely ambiguous -- too thin for clean dominance, Neutral."
2026-09-09T19:08:00Z,2026-09-09 PM,ONDO,Bearish,Bullish,Neutral,Bullish,Neutral,Bullish,Bullish,Bullish,Bullish,Neutral,6,1,none,"sentiment.py: flat interest, euphoria (price targets $0.50, 'ready to pop', rocket emojis) paired with two fresh unverified red-flag claims (a company-ending legal dispute, fees not accruing to the token) -- reads as genuine deteriorating-narrative risk outweighing the euphoria, contrarian Bearish, same read as AM."
2026-09-09T19:08:00Z,2026-09-09 PM,ETHFI,Neutral,Bullish,Bullish,Bullish,Neutral,Bullish,Bullish,Bullish,Bullish,Neutral,7,0,held,"sentiment.py: flat interest, zero euphoria/capitulation markers this checkpoint -- narrative purely technical/factual (rewards-vote mechanics, whale-position brags, bullish-pennant chart calls without hype language) -- a genuine cooldown from six straight checkpoints of euphoria-dominant Bearish reads, no clean dominance. HOLD, no changes -- full target size already reached. Price $0.6060 (+5.48% vs avg entry $0.574441, -2.87% vs AM close $0.6239). Dev-from-50DMA eased sharply to +25.0% (right at the overextension line, down from AM's +28.6%) -- the deepening-overextension watch item flagged at AM is now unwinding rather than deepening, echoing JUP's own early-September pattern. RSI 62.8 mid-upper band, comfortably under 75. p5_volz cleared back to Neutral. Funding flat. OI still strongly confirming (24h +4.3%, 7d +32.2%). Invalidation $0.52 not breached (~14.2% headroom). Confluence improved 6/10(3 Bearish) AM -> 7/10(0 Bearish) PM -- the sharpest single-checkpoint clean-up on the book this run (p1 cooled to Neutral, p2_dma eased back to Bullish, p5_volz cleared). Thesis stays Playing Out, conviction stays Intact -- hold, no changes."
2026-09-09T19:08:00Z,2026-09-09 PM,CAKE,Bearish,Bearish,Bearish,Bullish,Neutral,Bullish,Bullish,Bullish,Bullish,Neutral,5,3,none,"sentiment.py: rising interest, euphoria dominant (price targets $2.60/$25+, rocket emojis, 'buy more daily and log out'), zero capitulation offset -- classic crowd pile-on, contrarian Bearish."
2026-09-09T19:08:00Z,2026-09-09 PM,JUP,Neutral,Bullish,Bullish,Bullish,Neutral,Bullish,Bullish,Bullish,Bullish,Neutral,7,0,held,"sentiment.py: flat interest, zero euphoria/capitulation markers this checkpoint -- narrative purely factual trade-setup talk (specific entries/targets, a leveraged-long position note) without hype language -- a genuine cooldown from the recurring euphoria-dominant Bearish pattern flagged nearly every checkpoint of this hold, no clean dominance. HOLD, no changes -- full target size already reached. Price $0.2478 (-0.31% vs AM close $0.2521, +13.90% vs avg entry $0.217553). Dev-from-50DMA eased to +23.9% (back under the 25% overextension line, from AM's +26.0%), p2_dma flipped back Bullish -- the same unwind-within-two-checkpoints pattern as JUP's own early-September overextension episode. RSI 59.1 mid-band, comfortably under 75. rvol 1.53 (expansion) still reads Bullish. Funding flat. OI very strongly confirming (24h +5.1%, 7d +60.2%). Invalidation $0.203 not breached (~22.4% headroom). Confluence improved 6/10(2 Bearish) AM -> 7/10(0 Bearish) PM. Thesis stays Playing Out, conviction stays Intact -- hold, no changes."
2026-09-09T19:08:00Z,2026-09-09 PM,VET,Neutral,Bearish,Neutral,Neutral,Neutral,Neutral,Neutral,Bullish,Bullish,Neutral,2,1,none,"mechanical count <5 this checkpoint -- not fetched per standing rule, p1 Neutral"
2026-09-09T19:08:00Z,2026-09-09 PM,HBAR,Bullish,Neutral,Bullish,Neutral,Neutral,Bullish,Bullish,Bullish,Bullish,Neutral,6,0,none,"sentiment.py: flat interest, zero euphoria, capitulation markers present (frustration with price lagging network activity, 'painful 2026' performance complaints) paired with real ongoing partnership catalysts (network-metrics/partnership mentions) and an unverified USDOT-integration claim -- a clean capitulation-while-thesis-intact fit, contrarian Bullish, same read as AM."
2026-09-09T19:08:00Z,2026-09-09 PM,PENDLE,Neutral,Bearish,Bullish,Neutral,Neutral,Bullish,Bullish,Bullish,Bullish,Neutral,5,1,none,"sentiment.py: flat interest, zero euphoria/capitulation markers -- factual tokenized-stock-yield product expansion (NVDA/PFE PTs) and protocol-metrics narrative -- no clean dominance."
2026-09-09T19:08:00Z,2026-09-09 PM,PEPE,Neutral,Neutral,Neutral,Bullish,Neutral,Bullish,Bullish,Bullish,Bullish,Neutral,5,0,none,"sentiment.py: flat interest, zero euphoria/capitulation markers -- established-meme/liquidity-advantage narrative discussed neutrally -- no clean dominance."
2026-09-09T19:08:00Z,2026-09-09 PM,TAO,Neutral,Neutral,Bullish,Neutral,Neutral,Bullish,Bullish,Bullish,Bullish,Neutral,5,0,none,"sentiment.py: flat interest, thin mild euphoria ('breakout anticipation') alongside an unverified scam-like airdrop-claim red flag, zero capitulation offset -- too thin for a clean crowd-extreme dominance call, Neutral (a cooldown from AM's clean euphoria-dominance read)."
2026-09-09T19:08:00Z,2026-09-09 PM,POL,Neutral,Neutral,Neutral,Bullish,Neutral,Bullish,Bullish,Bullish,Bullish,Neutral,5,0,none,"sentiment.py: flat interest, zero euphoria/capitulation markers, zero fresh red flags this checkpoint -- purely factual network-activity growth (17.5% activity rise, record transactions, stablecoin dominance) -- a genuine cooldown from the prior recurring deteriorating-narrative reads, no clean dominance."
2026-09-09T19:08:00Z,2026-09-09 PM,PENGU,Neutral,Neutral,Neutral,Bullish,Neutral,Bullish,Neutral,Bullish,Bullish,Neutral,4,0,none,"mechanical count <5 this checkpoint -- not fetched per standing rule, p1 Neutral"
2026-09-09T19:08:00Z,2026-09-09 PM,ARB,Bearish,Bearish,Bullish,Bullish,Bearish,Bullish,Bullish,Bullish,Bullish,Neutral,6,3,none,"sentiment.py: falling interest, zero euphoria this checkpoint, capitulation-flavored community distrust ('foundation pocketing revenue while token holders get nothing') paired with an unverified red flag (foundation dumping ARB to fund ecosystem growth) -- reads as a genuine deteriorating-narrative/governance-trust concern rather than a capitulation-with-thesis-intact signal, especially against ARB's still-extreme mechanical overextension, contrarian Bearish."
2026-09-09T19:08:00Z,2026-09-09 PM,PYTH,Bullish,Bullish,Bullish,Bullish,Neutral,Bullish,Neutral,Bullish,Bullish,Neutral,7,0,armed,"sentiment.py: rising interest, zero euphoria/capitulation markers -- narrative purely factual record-metrics reporting (96% RWA perp volume share, $10.4M ARR, expanded Asian equity feeds, 1882 live price feeds) -- improving interest without euphoria fits the Bullish branch cleanly. ARMED -- first occurrence at >=7/10 (6/10 PM 09-08 -> 7/10 PM 09-09, mechanical p2-10 held flat at 6/9 Bullish/0 Bearish across many checkpoints; p1 flip from its usual mixed/Neutral read to clean Bullish is what tipped it over the gate this time). Needs a second consecutive >=7/10 read (AM 09-10) to confirm. Book at 5/5 positions post-TRX-entry this checkpoint -- no open slot; would require anti-churn displacement (>=2 confluence-count edge over a Playing-Out/Intact holding) to enter if confirmed."
2026-09-09T19:08:00Z,2026-09-09 PM,ASTER,Bearish,Neutral,Bullish,Bullish,Neutral,Bullish,Neutral,Bullish,Bullish,Neutral,5,1,none,"sentiment.py: falling interest, mixed (mild euphoria '100xgem' hype vs capitulation-flavored despair over repeated pump-and-dump cycles and continued decline), capitulation reads dominant given falling interest and no positive counter-narrative -- reads as genuine deteriorating community trust rather than thesis-intact capitulation, contrarian Bearish."
2026-09-09T19:08:00Z,2026-09-09 PM,NEAR,Neutral,Bearish,Neutral,Neutral,Bullish,Bullish,Bullish,Bullish,Bullish,Neutral,5,1,none,"sentiment.py: flat interest, genuinely mixed -- euphoria (price targets 2.499/2.80, rocket emojis, inverted-H&S chart calls) AND capitulation (short calls to 2.10, bearish-pressure notes) both present -- no clean dominance."
2026-09-09T19:08:00Z,2026-09-09 PM,FIL,Neutral,Neutral,Bullish,Bullish,Neutral,Bullish,Bullish,Bullish,Bullish,Neutral,6,0,none,"sentiment.py: falling interest, zero euphoria/capitulation markers -- search returned essentially no relevant FIL-specific content (scattered unrelated name/brand mentions) -- too thin/noisy for a clean dominance call, Neutral."
2026-09-10T07:08:41Z,2026-09-10 AM,BTC,Neutral,Bullish,Bullish,Bullish,Neutral,Bullish,Neutral,Bullish,Bullish,Neutral,6,0,none,"sentiment.py: flat interest, zero euphoria/capitulation markers -- narrative purely factual price-level reporting ($78-79k range) -- no clean dominance."
2026-09-10T07:08:41Z,2026-09-10 AM,ETH,Neutral,Bullish,Bullish,Bullish,Neutral,Bullish,Bearish,Bullish,Bullish,Neutral,6,1,held,"sentiment.py: flat interest, a single mild euphoria marker ($4000-4500 price targets) amid otherwise factual technical narrative (exchange-supply multi-year lows, channel-breakout talk), zero capitulation offset -- too thin for clean crowd-extreme dominance, Neutral. HOLD, no changes -- full target size already reached. Price $2474.09 (-0.24% vs avg entry $2500.099323, -0.19% vs PM 09-09 close $2478.91), still golden-cross (dev-from-50DMA +15.1%, comfortably under the 25% overextension line). RSI 61.4 mid-band with room. p7_oi flipped Bullish->Bearish this checkpoint (7d OI eased to +5.2% from PM's +11.2%, against a now-negative 7d price print of -1.33% -- the standard OI-vs-price divergence branch). Funding flat. Invalidation $2355 not breached (~5.06% headroom, still the tightest cushion on the book). Confluence eased 7/10(0 Bearish) PM 09-09 -> 6/10(1 Bearish) AM 09-10. Thesis stays Playing Out, conviction stays Intact -- hold, no changes."
2026-09-10T07:08:41Z,2026-09-10 AM,BNB,Neutral,Bullish,Bullish,Neutral,Neutral,Bullish,Bearish,Bullish,Bullish,Neutral,5,1,held,"sentiment.py: flat interest, genuinely mixed -- capitulation-flavored technical worry ('bearish distribution with sellers unloading', 'BNB season may be nearing its end', a regulatory-dependency concern) against a countervailing dip-buying narrative ('45% below ATH', 'oversold... conviction play with real fees and burns'), zero euphoria -- no clean dominance. HOLD, no changes -- full target size already reached. Price $718.52 (-3.49% vs avg entry $744.5063, -2.89% vs PM 09-09 close $739.90), a sharp overnight pullback. Still golden-cross (dev-from-50DMA +11.7%, comfortably under the 25% overextension line, easing further from PM's +15.4%). RSI 57.3 mid-band, cooled from PM's 64.4. p4_rvol cleared to Neutral. p7_oi stayed Bearish (24h -22.3%, 7d +8.7% -- OI-vs-price divergence on the pullback). Funding flipped mildly negative (-0.0068%/8h, still reads Bullish per the near-zero/crowded-short band). Invalidation $695.00 not breached but the cushion has narrowed sharply to ~3.38% -- now the tightest on the book, tighter than ETH's ~5.06%. Confluence eased 7/10(0 Bearish) PM 09-09 -> 5/10(1 Bearish) AM 09-10 on the overnight pullback. Thesis stays Playing Out, conviction stays Intact -- hold, no changes, but flagging the invalidation-cushion compression as the checkpoint's primary watch item for BNB specifically."
2026-09-10T07:08:41Z,2026-09-10 AM,XRP,Neutral,Neutral,Bullish,Bullish,Neutral,Bullish,Bearish,Bullish,Bullish,Neutral,5,1,none,"sentiment.py: rising interest, genuinely mixed -- a large euphoria stack ($3000-41000 targets, rocket emojis, 'BOOM') AND real capitulation ('XRP is DEAD', 'hopium', quiet-exit signals, RLUSD-share-loss narrative) -- no clean dominance, same disambiguation as prior checkpoints."
2026-09-10T07:08:41Z,2026-09-10 AM,SOL,Neutral,Bullish,Bullish,Bullish,Neutral,Bullish,Neutral,Bullish,Bullish,Neutral,6,0,none,"sentiment.py: flat interest, zero euphoria/capitulation markers -- ecosystem memecoin/airdrop shilling dominates, not genuinely SOL-specific price hype -- no clean dominance, same read as recent checkpoints."
2026-09-10T07:08:41Z,2026-09-10 AM,TRX,Bullish,Bullish,Bullish,Bullish,Neutral,Bullish,Neutral,Bullish,Bullish,Neutral,7,0,held-stage2-add,"sentiment.py: rising interest, narrative continues to center on the live Cboe TRXS staked-ETF launch expanding TRX's reach into traditional finance ('no artificial pump, just strong activity'), zero euphoria/capitulation markers -- improving interest without euphoria, same standard as both prior checkpoints. STAGE-2 ADD -- confluence held >=7/10 at the immediate next checkpoint since the PM 09-09 confirmation (7/10 -> 7/10, held, 0/10 Bearish both checkpoints). Price $0.3398, essentially flat vs the PM 09-09 entry price (TRX's own low-beta profile). Still golden-cross (dev-from-50DMA only +2.1%, the least-extended position on the book), RSI 58.0 mid-band with room. Funding flat. OI mixed but Neutral (24h +0.7%, 7d -9.5%). Invalidation $0.322 not breached (~5.53% headroom). BUY 1456.1881 TRX @ $0.3398 = $494.8127 notional (matching the stage-1 half's original ~$494.8127 sizing), 2026-09-10T07:10:00Z (Binance spot, same scripts/parameters.py refresh used for this checkpoint). Position now 2912.3762 TRX, avg entry $0.3398, full target size ~10.04% of portfolio. No sector-cap issue (Major L1/ETH+TRX ~39.80% of deployed capital post-add, within the 50% cap and the 2-of-5-positions-per-sector limit)."
2026-09-10T07:08:41Z,2026-09-10 AM,DOGE,Neutral,Neutral,Neutral,Bullish,Neutral,Bullish,Bearish,Bullish,Bullish,Neutral,4,1,none,"mechanical count <5 this checkpoint -- not fetched per standing rule, p1 Neutral"
2026-09-10T07:08:41Z,2026-09-10 AM,ZEC,Neutral,Bearish,Bearish,Neutral,Neutral,Bullish,Bullish,Bullish,Bullish,Neutral,4,2,none,"mechanical count <5 this checkpoint -- not fetched per standing rule, p1 Neutral"
2026-09-10T07:08:41Z,2026-09-10 AM,ADA,Neutral,Neutral,Neutral,Bullish,Neutral,Bullish,Bearish,Bullish,Bullish,Neutral,4,1,none,"mechanical count <5 this checkpoint -- not fetched per standing rule, p1 Neutral"
2026-09-10T07:08:41Z,2026-09-10 AM,LINK,Neutral,Bullish,Bullish,Neutral,Neutral,Bullish,Bearish,Bullish,Bullish,Neutral,5,1,none,"sentiment.py: falling interest, zero euphoria/capitulation markers -- narrative purely factual/technical (accumulation ratings, OI levels, breakout targets stated without hype language) -- no clean dominance."
2026-09-10T07:08:41Z,2026-09-10 AM,UNI,Neutral,Bearish,Bullish,Neutral,Neutral,Bullish,Neutral,Bullish,Bullish,Neutral,4,1,none,"mechanical count <5 this checkpoint -- not fetched per standing rule, p1 Neutral"
2026-09-10T07:08:41Z,2026-09-10 AM,AAVE,Neutral,Bullish,Neutral,Bullish,Neutral,Bullish,Neutral,Bullish,Bullish,Neutral,5,0,none,"sentiment.py: flat interest, a single euphoria marker ($140-206 price targets) amid mostly factual milestone reporting (V4 crossing $900M deposits, a TVL-discrepancy question), zero capitulation offset -- too thin for clean crowd-extreme dominance, Neutral."
2026-09-10T07:08:41Z,2026-09-10 AM,ENA,Neutral,Bearish,Neutral,Bullish,Neutral,Bullish,Neutral,Bullish,Bullish,Neutral,4,1,none,"mechanical count <5 this checkpoint -- not fetched per standing rule, p1 Neutral"
2026-09-10T07:08:41Z,2026-09-10 AM,MORPHO,Neutral,Bullish,Neutral,Bullish,Neutral,Bullish,Neutral,Bullish,Bullish,Neutral,5,0,none,"sentiment.py: flat interest, zero euphoria/capitulation markers -- sparse factual updates (mainnet rewards live) mixed with algorithmic bearish-confidence bot posts (not organic capitulation) -- no clean dominance."
2026-09-10T07:08:41Z,2026-09-10 AM,ONDO,Neutral,Neutral,Neutral,Bullish,Neutral,Bullish,Neutral,Bullish,Bullish,Neutral,4,0,none,"mechanical count <5 this checkpoint -- not fetched per standing rule, p1 Neutral"
2026-09-10T07:08:41Z,2026-09-10 AM,ETHFI,Bearish,Bearish,Bullish,Bullish,Bearish,Bullish,Bullish,Bullish,Bullish,Neutral,6,3,held,"sentiment.py: flat interest, euphoria markers re-emerged this checkpoint (rocket emojis in signal posts, multiple price targets 0.6108/0.6348/0.650, '90% up forming bullish pennant with 50-100% move potential'), zero capitulation offset -- the recurring euphoria-dominant pattern reasserting after PM 09-09's one-checkpoint cooldown, contrarian Bearish. HOLD, no changes -- full target size already reached. Price $0.6269 (+9.13% vs avg entry $0.574441, +3.45% vs PM 09-09 close $0.6060), a strong overnight continuation. Dev-from-50DMA deepened back past the 25% overextension line to +28.3% (from PM's +25.0%), p2_dma flipped Bearish again -- echoing the AM 09-09 deepening-overextension watch item that had resolved only one checkpoint ago. RSI 65.8 mid-upper band, comfortably under 75. p5_volz flipped Bearish again (volz -1.38 against a 7d print now +6.22%, back over the rally threshold) -- Bearish count back to 3/10 (p1+p2_dma+p5_volz), matching the AM 09-09 peak read. Funding flat. OI still strongly confirming (24h +8.1%, 7d +34.3%). Invalidation $0.52 not breached (~20.6% headroom). Thesis stays Playing Out, conviction stays Intact -- hold, no changes, but re-flagging the overextension/Bearish-count pattern as the checkpoint's primary watch item given it has resurfaced just one checkpoint after resolving: a further Bearish-count rise to >=4 would trigger a trim-half review."
2026-09-10T07:08:41Z,2026-09-10 AM,CAKE,Bearish,Bearish,Neutral,Bullish,Neutral,Bullish,Bullish,Bullish,Bullish,Neutral,5,2,none,"sentiment.py: flat interest, euphoria dominant ($2.50-2.80 price targets, rocket emojis, bullish breakout-chart calls, a fresh WEEX-listing airdrop promotion), zero capitulation offset -- classic crowd pile-on, contrarian Bearish, same read as prior checkpoints."
2026-09-10T07:08:41Z,2026-09-10 AM,JUP,Neutral,Bullish,Neutral,Bullish,Neutral,Bullish,Bullish,Bullish,Bullish,Neutral,6,0,held,"sentiment.py: flat interest, zero euphoria/capitulation markers -- narrative purely product/community talk (mobile-app swaps, gacha-game engagement) -- no clean dominance, a continuation of PM 09-09's cooldown from the recurring euphoria pattern. HOLD, no changes -- full target size already reached. Price $0.2312 (-6.70% vs PM 09-09 close $0.2478, +6.28% vs avg entry $0.217553), a sharp overnight pullback but still above 50DMA ($0.200428, dev +15.4%, well under the 25% overextension line, easing from PM's +23.9%) and 200DMA ($0.189521) in golden-cross structure. RSI 54.1, just below the 55-70 Bullish band (Neutral, from PM's 59.1). Funding flat. OI mixed (24h -22.8%, 7d +22.9% -- still confirming on the weekly window). Invalidation $0.203 not breached (~13.9% headroom). Confluence eased 7/10(0 Bearish) PM 09-09 -> 6/10(0 Bearish) AM 09-10 (RSI dipped out of the Bullish band on the pullback, the only mechanical change). Thesis stays Playing Out, conviction stays Intact -- hold, no changes."
2026-09-10T07:08:41Z,2026-09-10 AM,VET,Neutral,Bearish,Neutral,Neutral,Neutral,Neutral,Neutral,Bullish,Bullish,Neutral,2,1,none,"mechanical count <5 this checkpoint -- not fetched per standing rule, p1 Neutral"
2026-09-10T07:08:41Z,2026-09-10 AM,HBAR,Neutral,Neutral,Neutral,Bullish,Neutral,Bullish,Bearish,Bullish,Bullish,Neutral,4,1,none,"mechanical count <5 this checkpoint -- not fetched per standing rule, p1 Neutral"
2026-09-10T07:08:41Z,2026-09-10 AM,PENDLE,Neutral,Bearish,Bullish,Neutral,Neutral,Bullish,Bullish,Bullish,Bullish,Neutral,5,1,none,"sentiment.py: flat interest, zero euphoria/capitulation markers -- purely factual product news (NVDA/PFE tokenized-stock-dividend markets launching on Robinhood Chain) plus one ordinary bearish TA post -- no clean dominance."
2026-09-10T07:08:41Z,2026-09-10 AM,PEPE,Neutral,Neutral,Neutral,Bullish,Neutral,Bullish,Bearish,Bullish,Bullish,Neutral,4,1,none,"mechanical count <5 this checkpoint -- not fetched per standing rule, p1 Neutral"
2026-09-10T07:08:41Z,2026-09-10 AM,TAO,Bearish,Neutral,Bullish,Neutral,Bearish,Bullish,Bullish,Bullish,Bullish,Neutral,5,2,none,"sentiment.py: flat interest, euphoria dominant ('lfg', 'growth still ahead', 'will >100x as top AI leader', 'biggest crypto EVER'), zero capitulation offset -- clean crowd pile-on, contrarian Bearish, same read as AM 09-09."
2026-09-10T07:08:41Z,2026-09-10 AM,POL,Neutral,Neutral,Neutral,Bullish,Neutral,Bullish,Bullish,Bullish,Bullish,Neutral,5,0,none,"sentiment.py: flat interest, genuinely mixed -- positive factual USDT-adoption/staking-platform narrative against a single governance-trust criticism (CEO 'destroying $POL value'), zero euphoria -- too thin for clean dominance, Neutral."
2026-09-10T07:08:41Z,2026-09-10 AM,PENGU,Neutral,Neutral,Neutral,Bullish,Neutral,Bullish,Neutral,Bullish,Bullish,Neutral,4,0,none,"mechanical count <5 this checkpoint -- not fetched per standing rule, p1 Neutral"
2026-09-10T07:08:41Z,2026-09-10 AM,ARB,Neutral,Bearish,Bullish,Bullish,Neutral,Bullish,Bearish,Bullish,Bullish,Neutral,5,2,none,"sentiment.py: flat interest, a single capitulation-flavored technical marker (short setups/bearish pennant) against a genuinely positive infra narrative (Robinhood-chain revenue share, perp-volume leadership flipping Solana/ETH), zero euphoria -- no clean dominance, a cooldown from the prior euphoria-dominant Bearish reads."
2026-09-10T07:08:41Z,2026-09-10 AM,PYTH,Neutral,Bullish,Bullish,Bullish,Neutral,Bullish,Neutral,Bullish,Bullish,Neutral,6,0,lapsed,"sentiment.py: flat interest (cooled from PM 09-09's rising), mild community-fandom euphoria markers ('Pyth pilled', 'never stop cooking', gamified rewards-wheel hype) without a genuine price-target mania (target ~0.056, modest and near current levels), zero capitulation offset -- too thin/tribal for a clean price-euphoria dominance call, but also short of 'improving interest' given the flat trend -- Neutral. LAPSED -- confluence eased 7/10(0 Bearish) PM 09-09 -> 6/10(0 Bearish) AM 09-10 (p1 cooled from Bullish to Neutral; mechanical p2-10 held flat at 6/9 Bullish, 0/9 Bearish both checkpoints), one short of the 2nd-consecutive->=7/10 confirmation bar. Book was full (5/5) regardless, so no slot impact."
2026-09-10T07:08:41Z,2026-09-10 AM,ASTER,Neutral,Neutral,Neutral,Neutral,Neutral,Bullish,Neutral,Bullish,Bullish,Neutral,3,0,none,"mechanical count <5 this checkpoint -- not fetched per standing rule, p1 Neutral"
2026-09-10T07:08:41Z,2026-09-10 AM,NEAR,Neutral,Bearish,Neutral,Neutral,Neutral,Neutral,Bullish,Bullish,Bullish,Neutral,3,1,none,"mechanical count <5 this checkpoint -- not fetched per standing rule, p1 Neutral"
2026-09-10T07:08:41Z,2026-09-10 AM,FIL,Neutral,Neutral,Bullish,Bullish,Neutral,Bullish,Bullish,Bullish,Bullish,Neutral,6,0,none,"sentiment.py: flat interest, a single thin capitulation-flavored technical marker (struggling below resistance) amid an otherwise factual AI-data-storage narrative, zero euphoria -- too thin for clean dominance, Neutral."
2026-09-10T19:05:44Z,2026-09-10 PM,BTC,Neutral,Bullish,Bullish,Bullish,Neutral,Bullish,Neutral,Bullish,Bullish,Neutral,6,0,none,"sentiment.py: flat interest, genuinely mixed -- euphoria ($95K price target, 'bottom is in' calls) against real caution/anxiety ('bearish sentiment getting louder', 'anxiety and caution dominant' ahead of macro data, derisking language) -- no clean dominance, Neutral."
2026-09-10T19:05:44Z,2026-09-10 PM,ETH,Neutral,Bullish,Bullish,Bullish,Neutral,Bullish,Bearish,Bullish,Bullish,Neutral,6,1,held,"sentiment.py: flat interest, genuinely mixed -- euphoria ('pump soon', 'outperform every other asset', TP targets with rockets) against a contrarian-framed 'ETH can go parabolic when everyone is bearish' post (itself euphoria-adjacent, not real despair), zero genuine capitulation -- no clean dominance, Neutral. HOLD, no changes -- full target size already reached. Confluence held 6/10 (1/10 Bearish, p7_oi unchanged from AM: OI divergence against the down 7d window persists). Price $2465.04 (-1.40% vs avg entry $2500.099323, -0.37% vs AM close $2474.09), still golden-cross (dev +14.7%). RSI 60.7 mid-band. Invalidation $2355 not breached (~4.46% headroom, still the tightest cushion after BNB). Thesis Playing Out, conviction Intact."
2026-09-10T19:05:44Z,2026-09-10 PM,BNB,Neutral,Bullish,Bullish,Neutral,Neutral,Bullish,Bearish,Bullish,Bullish,Neutral,5,1,held,"sentiment.py: flat interest, thin community-loyalty euphoria only (diamond-hands/HODL calls, BNB-maximalist statements, 'something cooking') -- no specific price-target mania, zero capitulation markers -- too thin for clean dominance, Neutral. HOLD, no changes -- full target size already reached. Confluence held 5/10 (1/10 Bearish, p7_oi unchanged from AM). Price $713.73 (-4.13% vs avg entry $744.5063, -0.55% vs AM close $718.52), dev-from-50DMA 10.9% (comfortably under the 25% line). RSI 55.9. Invalidation $695.00 not breached, but the cushion has compressed further to ~2.62% -- now the tightest on the entire book (tighter than AM's ~3.38%), flagged explicitly as BNB's own primary watch item; a further leg down risks the exit trigger. Thesis stays Playing Out, conviction stays Intact -- hold, no changes, rule is a breach-triggers-exit rule, not a pre-emptive cushion-threshold rule."
2026-09-10T19:05:44Z,2026-09-10 PM,XRP,Neutral,Neutral,Neutral,Bullish,Neutral,Bullish,Neutral,Bullish,Bullish,Neutral,4,0,none,"mechanical count <5 this checkpoint -- not fetched per standing rule, p1 Neutral"
2026-09-10T19:05:44Z,2026-09-10 PM,SOL,Neutral,Bullish,Bullish,Bullish,Neutral,Bullish,Neutral,Bullish,Bullish,Neutral,6,0,none,"sentiment.py: flat interest, zero euphoria/capitulation markers -- pure airdrop/memecoin shilling dominates (JTO, PsyopAnime, BER, LPPP links via pump.fun), not genuinely SOL-specific price sentiment -- no clean dominance, Neutral, same read as recent checkpoints."
2026-09-10T19:05:44Z,2026-09-10 PM,TRX,Neutral,Bullish,Bullish,Bullish,Neutral,Bullish,Bullish,Bullish,Bullish,Neutral,7,0,held,"sentiment.py: interest cooled to flat (from rising at both PM 09-09 and AM 09-10), zero euphoria/capitulation markers -- narrative purely factual (TRON DAO promoting the live Staked-TRX-ETF filing and the Sept 11 institutional-focus discussion event), one unverified red-flag claim (money-laundering/USDT-freeze framing) noted but reads as background noise, not organic sentiment -- a genuine cooldown from 'improving interest' rather than a forced continuation of the prior Bullish read, honest Neutral this checkpoint despite the still-live catalyst. HOLD, no changes -- full target size already reached (stage-2 added AM 09-10). Confluence held 7/10 (0/10 Bearish), unchanged from AM -- still the cleanest read on the book. Price $0.3395, essentially flat vs avg entry $0.3398 and vs AM close, TRX's own low-beta profile intact (dev-from-50DMA only +2.0%, least-extended position on the book). RSI 57.6. Invalidation $0.322 not breached (~5.15% headroom). Thesis Playing Out, conviction Intact -- the live Sept 11 ETF event is tomorrow; no action needed pre-event."
2026-09-10T19:05:44Z,2026-09-10 PM,DOGE,Neutral,Neutral,Neutral,Neutral,Neutral,Bullish,Neutral,Bullish,Bullish,Neutral,3,0,none,"mechanical count <5 this checkpoint -- not fetched per standing rule, p1 Neutral"
2026-09-10T19:05:44Z,2026-09-10 PM,ZEC,Bearish,Bearish,Bullish,Neutral,Bearish,Bullish,Bullish,Bullish,Bullish,Neutral,5,3,none,"sentiment.py: flat interest, euphoria dominant ('crazy pump', 'massive short squeeze', 'billions in open interest') against only mild technical caution (weakening momentum, possible liquidity hunt) rather than genuine capitulation despair -- especially set against the extreme +66.7% dev-from-50DMA overextension and RSI 67.1, reads as mania language outweighing the caution, contrarian Bearish."
2026-09-10T19:05:44Z,2026-09-10 PM,ADA,Neutral,Neutral,Neutral,Bullish,Neutral,Bullish,Bearish,Bullish,Bullish,Neutral,4,1,none,"mechanical count <5 this checkpoint -- not fetched per standing rule, p1 Neutral"
2026-09-10T19:05:44Z,2026-09-10 PM,LINK,Neutral,Bullish,Neutral,Neutral,Neutral,Bullish,Bearish,Bullish,Bullish,Neutral,4,1,none,"mechanical count <5 this checkpoint -- not fetched per standing rule, p1 Neutral"
2026-09-10T19:05:44Z,2026-09-10 PM,UNI,Neutral,Bearish,Bullish,Neutral,Neutral,Bullish,Neutral,Bullish,Bullish,Neutral,4,1,none,"mechanical count <5 this checkpoint -- not fetched per standing rule, p1 Neutral"
2026-09-10T19:05:44Z,2026-09-10 PM,AAVE,Neutral,Bullish,Neutral,Bullish,Neutral,Bullish,Neutral,Bullish,Bullish,Neutral,5,0,none,"sentiment.py: rising interest, zero euphoria/capitulation markers -- purely factual protocol milestones (AI-agent MCP integration, V4 deposits crossing $900M, PAXG asset listing, scattered whale-buy mentions) -- no clean dominance, Neutral."
2026-09-10T19:05:44Z,2026-09-10 PM,ENA,Neutral,Bullish,Neutral,Bullish,Neutral,Bullish,Neutral,Bullish,Bullish,Neutral,5,0,none,"sentiment.py: flat interest, zero euphoria/capitulation markers -- sparse, low-engagement factual updates (Ethena Pay waitlist expansion) -- no clean dominance, Neutral."
2026-09-10T19:05:44Z,2026-09-10 PM,MORPHO,Neutral,Bullish,Neutral,Bullish,Neutral,Bullish,Neutral,Bullish,Bullish,Neutral,5,0,none,"sentiment.py: falling interest, zero euphoria/capitulation markers -- sparse factual DeFi-yield/RWA-integration mentions, very low engagement -- no clean dominance, Neutral."
2026-09-10T19:05:44Z,2026-09-10 PM,ONDO,Neutral,Neutral,Neutral,Bullish,Neutral,Bullish,Neutral,Bullish,Bullish,Neutral,4,0,none,"mechanical count <5 this checkpoint -- not fetched per standing rule, p1 Neutral"
2026-09-10T19:05:44Z,2026-09-10 PM,ETHFI,Bearish,Bearish,Neutral,Neutral,Bullish,Bullish,Bullish,Bullish,Bullish,Neutral,5,2,held,"sentiment.py: rising interest, euphoria dominant (rocket emojis on top-movers lists, price targets $0.75-$0.80, breakout-buying mentions, '+13-15% top gainer while BTC/most alts decline' framing), zero capitulation offset -- classic crowd pile-on amplified by the token's outsized relative-strength move, contrarian Bearish. HOLD, no changes -- full target size already reached. Confluence eased 6/10(AM, 3 Bearish) -> 5/10(2/10 Bearish: p1+p2_dma) as p5_volz cleared back to Bullish (genuine breakout volume, not a no-conviction spike). Price $0.7007 (+21.98% vs avg entry $0.574441, a very strong continued run), dev-from-50DMA deepened to +43.0% -- the deepest overextension of the entire hold -- and RSI 73.5, now within striking distance of the >75 override line. OI and funding both still strongly confirming (24h OI +48.1%, 7d +57.5%, funding 0.0136%/8h still near-zero). Invalidation $0.52 not breached (~25.8% headroom, the widest on the book). Thesis stays Playing Out, conviction stays Intact -- but flagged explicitly as the checkpoint's primary watch item: this is the deepest overextension and closest RSI approach to the overbought override of the hold, and a further RSI print above 75 or renewed p5_volz/p7_oi divergence would be the next mechanical flags to watch, even though the current confirming signals (OI, funding, volume) read as a genuine breakout rather than exhaustion."
2026-09-10T19:05:44Z,2026-09-10 PM,CAKE,Bearish,Bearish,Bullish,Bullish,Neutral,Bullish,Neutral,Bullish,Bullish,Neutral,5,2,none,"sentiment.py: flat interest, euphoria dominant (price targets $25+, accumulation-on-dips calls, bullish chart commentary), zero capitulation offset -- classic crowd pile-on, contrarian Bearish, same read as prior checkpoints."
2026-09-10T19:05:44Z,2026-09-10 PM,JUP,Neutral,Bullish,Neutral,Bearish,Neutral,Bullish,Neutral,Bullish,Bullish,Neutral,4,1,held,"sentiment.py: rising interest, genuinely mixed -- euphoria (price targets to $0.365 and long-term $4-8, 'HIGHERRRRRR' on Solana RWA/AI narrative, strong volume/bounce setup) against real community frustration over an underwhelming countdown reveal (anger, account-blocking, 'disappointment'), narrative_change explicitly notes a shift from hype to post-event letdown -- no clean dominance, contrarian Neutral. HOLD, no changes -- confluence eased 6/10(0 Bearish, AM) -> 4/10(1/10 Bearish) this checkpoint as p4_rvol flipped Bullish->Bearish (the only mechanical change); RSI 52.2 back inside the neutral zone, dev-from-50DMA 12.6% comfortably under the 25% overextension line. Price $0.2256 (+3.70% vs avg entry $0.217553, -2.42% vs AM close $0.2312). Invalidation $0.203 not breached (~10.0% headroom). Bearish count only 1/10 -- nowhere near either gate. Thesis Playing Out, conviction Intact."
2026-09-10T19:05:44Z,2026-09-10 PM,VET,Neutral,Bearish,Neutral,Neutral,Bullish,Neutral,Neutral,Bullish,Bullish,Neutral,3,1,none,"mechanical count <5 this checkpoint -- not fetched per standing rule, p1 Neutral"
2026-09-10T19:05:44Z,2026-09-10 PM,HBAR,Neutral,Neutral,Neutral,Bullish,Neutral,Bullish,Neutral,Bullish,Bullish,Neutral,4,0,none,"mechanical count <5 this checkpoint -- not fetched per standing rule, p1 Neutral"
2026-09-10T19:05:44Z,2026-09-10 PM,PENDLE,Neutral,Bearish,Bullish,Neutral,Neutral,Bullish,Bullish,Bullish,Bullish,Neutral,5,1,none,"sentiment.py: flat interest, mixed -- genuine positive catalyst narrative (Robinhood-chain NVDA/PFE tokenized-dividend markets launching, net-deflationary buyback/sPENDLE mechanics) alongside two informal enthusiasm quotes ('Booolishhhhh', 'holy moly glad to be holding'), zero capitulation, but interest itself reads flat rather than improving -- neither a clean 'improving interest without euphoria' Bullish case nor a euphoria-dominant Bearish one, Neutral."
2026-09-10T19:05:44Z,2026-09-10 PM,PEPE,Neutral,Neutral,Neutral,Bullish,Neutral,Bullish,Neutral,Bullish,Bullish,Neutral,4,0,none,"mechanical count <5 this checkpoint -- not fetched per standing rule, p1 Neutral"
2026-09-10T19:05:44Z,2026-09-10 PM,TAO,Neutral,Neutral,Neutral,Neutral,Neutral,Bullish,Neutral,Bullish,Bullish,Neutral,3,0,none,"mechanical count <5 this checkpoint -- not fetched per standing rule, p1 Neutral"
2026-09-10T19:05:44Z,2026-09-10 PM,POL,Neutral,Neutral,Neutral,Bullish,Neutral,Bullish,Bearish,Bullish,Bullish,Neutral,4,1,none,"mechanical count <5 this checkpoint -- not fetched per standing rule, p1 Neutral"
2026-09-10T19:05:44Z,2026-09-10 PM,PENGU,Neutral,Neutral,Neutral,Bullish,Neutral,Bullish,Neutral,Bullish,Bullish,Neutral,4,0,none,"mechanical count <5 this checkpoint -- not fetched per standing rule, p1 Neutral"
2026-09-10T19:05:44Z,2026-09-10 PM,ARB,Neutral,Bearish,Bullish,Bullish,Neutral,Bullish,Bearish,Bullish,Bullish,Neutral,5,2,none,"sentiment.py: flat interest, genuinely mixed -- euphoria (targets to $2.30, buyback/reflexive-loop optimism) against real capitulation-flavored technical caution (bearish pennant/breakdown targets, revenue-narrative reassessment after the 150% rally, short setups) -- no clean dominance, Neutral, a continued cooldown from the prior euphoria-dominant Bearish reads."
2026-09-10T19:05:44Z,2026-09-10 PM,PYTH,Neutral,Bullish,Neutral,Bullish,Neutral,Bullish,Neutral,Bullish,Bullish,Neutral,5,0,none,"sentiment.py: flat interest, zero euphoria/capitulation markers -- purely factual revenue/integration reporting ($10.4M ARR, Stellar RWA expansion), plus ordinary (non-manic) chart-target commentary -- no clean dominance, Neutral."
2026-09-10T19:05:44Z,2026-09-10 PM,ASTER,Neutral,Neutral,Neutral,Neutral,Neutral,Bullish,Neutral,Bullish,Bullish,Neutral,3,0,none,"mechanical count <5 this checkpoint -- not fetched per standing rule, p1 Neutral"
2026-09-10T19:05:44Z,2026-09-10 PM,NEAR,Neutral,Bearish,Neutral,Neutral,Neutral,Bullish,Bullish,Bullish,Bullish,Neutral,4,1,none,"mechanical count <5 this checkpoint -- not fetched per standing rule, p1 Neutral"
2026-09-10T19:05:44Z,2026-09-10 PM,FIL,Neutral,Neutral,Bullish,Bullish,Neutral,Bullish,Bullish,Bullish,Bullish,Neutral,6,0,none,"sentiment.py: flat interest, zero euphoria/capitulation markers -- mix of factual AI-data-storage narrative and ordinary technical long setups (targets stated matter-of-factly, not manic) -- too thin for clean dominance, Neutral."
2026-09-11T07:08:24.525377+00:00,2026-09-11 AM,BTC,Neutral,Bullish,Bullish,Bullish,Neutral,Bullish,Neutral,Neutral,Bullish,Bearish,5,1,none,"mechanical count 5>=5 this checkpoint -- fetched per standing rule. sentiment.py: flat interest, minor capitulation flavor (a missed-scam-fork regret, a sad emoji on a ~2% dip) amid routine giveaway/liquidity chatter, no euphoria -- too thin and non-BTC-specific for clean crowd-extreme dominance, contrarian Neutral."
2026-09-11T07:08:24.525377+00:00,2026-09-11 AM,ETH,Neutral,Bullish,Bullish,Bullish,Neutral,Bullish,Neutral,Neutral,Bullish,Bearish,5,1,held,"held. sentiment.py: flat interest, genuinely mixed -- some capitulation flavor (stagnant-price gripes, a 2.0/10 sentiment score, bearish MACD) alongside a later improvement to 6-7/10 and fundamentals-focused bulls, no clean dominance either way, contrarian Neutral. HOLD, no changes -- full target size already reached. Confluence eased 6/10(1 Bearish, PM 09-10) -> 5/10(1/10 Bearish) as p7_oi flipped back toward mixed/Neutral (24h -1.9%, 7d +0.8%, both thin). Price $2469.61 (+0.19% vs PM 09-10 close $2465.04, -1.22% vs avg entry $2500.099323), still golden-cross (dev-from-50DMA +14.3%, comfortably under the 25% overextension line). RSI 60.2 mid-band with room. Funding flat. Invalidation $2355 not breached (~4.65% headroom, still the tightest cushion on the book). Bearish count 1/10 (p10_fg global only) -- nowhere near either gate. Thesis stays Playing Out, conviction stays Intact -- hold, no changes."
2026-09-11T07:08:24.525377+00:00,2026-09-11 AM,BNB,Neutral,Bullish,Bullish,Bearish,Neutral,Bullish,Neutral,Neutral,Bullish,Bearish,4,2,held,"held. sentiment.py: falling interest, zero euphoria, zero capitulation -- narrative purely utility/payments (Binance Card real-world spend) and community memes, one thin low-engagement FOMO mention insufficient for dominance, contrarian Neutral. HOLD, no changes -- full target size already reached. Confluence eased 5/10(1 Bearish, PM 09-10) -> 4/10(2/10 Bearish) as p4_rvol flipped Bullish->Bearish (rv_ratio 1.32 against a mild down 7d print of -0.78% -- the rubric's >1.3-on-downside-moves branch). Price $715.77 (+0.04% vs PM 09-10 close, -3.86% vs avg entry $744.5063), still above 50DMA (dev +10.8%, comfortably under the 25% overextension line) in golden-cross structure. RSI 56.1 low-mid band with room. Funding flat. Invalidation $695 not breached (~2.99% headroom, still the tightest cushion on the book -- flagged again as the standing watch item). Bearish count 2/10 -- still well short of the >=4/10-for-1-checkpoint trim gate. Thesis stays Playing Out, conviction stays Intact -- hold, no changes."
2026-09-11T07:08:24.525377+00:00,2026-09-11 AM,XRP,Neutral,Neutral,Neutral,Bullish,Neutral,Bullish,Neutral,Neutral,Bullish,Bearish,3,1,none,"mechanical count 3<5 this checkpoint -- not fetched per standing rule, p1 Neutral"
2026-09-11T07:08:24.525377+00:00,2026-09-11 AM,SOL,Neutral,Bullish,Bullish,Bullish,Neutral,Bullish,Neutral,Neutral,Bullish,Bearish,5,1,none,"mechanical count 5>=5 this checkpoint -- fetched per standing rule. sentiment.py: flat interest, scattered and mostly not SOL-specific -- memecoin/airdrop promo euphoria (rocket emojis, 'insane numbers') on tokens riding the Solana chain rather than SOL itself, one 'SOL is trash' capitulation-flavored dismissal, no clean SOL-specific crowd extreme, contrarian Neutral."
2026-09-11T07:08:24.525377+00:00,2026-09-11 AM,TRX,Neutral,Bullish,Bullish,Bullish,Neutral,Bullish,Neutral,Neutral,Bullish,Bearish,5,1,held,"held. sentiment.py: flat interest, zero euphoria, zero capitulation -- narrative reverted to routine technical/educational content (gas-fee rental, GasFree stablecoin transfers) plus giveaway spam, with no further mention of the Cboe TRXS ETF-launch catalyst that drove the 09-09/09-10 Bullish reads, contrarian Neutral -- the launch-day news cycle has faded exactly as flagged as the risk in the original JOURNAL.md entry-snapshot red-team pass. HOLD, no changes -- full target size already reached (no further staging). Confluence eased 7/10(0 Bearish, PM 09-10) -> 5/10(1/10 Bearish) entirely on the p1 reversion (mechanical p2-10 held flat: golden-cross intact at only +1.7% dev-from-50DMA, the tightest extension on the book, RSI 56.1 mid-band, funding flat, OI thin/flat). Price $0.3388 (-0.03% vs PM 09-10 close $0.3388 flat, -0.29% vs avg entry $0.3398). Invalidation $0.322 not breached (~5.2% headroom). Bearish count 1/10 (p10_fg global only) -- nowhere near either gate. Thesis stays Playing Out, conviction stays Intact -- hold, no changes."
2026-09-11T07:08:24.525377+00:00,2026-09-11 AM,DOGE,Neutral,Neutral,Neutral,Neutral,Neutral,Bullish,Bearish,Neutral,Bullish,Bearish,2,2,none,"mechanical count 2<5 this checkpoint -- not fetched per standing rule, p1 Neutral"
2026-09-11T07:08:24.525377+00:00,2026-09-11 AM,ZEC,Neutral,Bearish,Bullish,Neutral,Neutral,Bullish,Neutral,Neutral,Bullish,Bearish,3,2,none,"mechanical count 3<5 this checkpoint -- not fetched per standing rule, p1 Neutral"
2026-09-11T07:08:24.525377+00:00,2026-09-11 AM,ADA,Neutral,Neutral,Neutral,Bullish,Neutral,Bullish,Bearish,Neutral,Bullish,Bearish,3,2,none,"mechanical count 3<5 this checkpoint -- not fetched per standing rule, p1 Neutral"
2026-09-11T07:08:24.525377+00:00,2026-09-11 AM,LINK,Neutral,Bullish,Neutral,Neutral,Neutral,Bullish,Neutral,Neutral,Bullish,Bearish,3,1,none,"mechanical count 3<5 this checkpoint -- not fetched per standing rule, p1 Neutral"
2026-09-11T07:08:24.525377+00:00,2026-09-11 AM,UNI,Neutral,Bearish,Bullish,Neutral,Neutral,Bullish,Neutral,Neutral,Bullish,Bearish,3,2,none,"mechanical count 3<5 this checkpoint -- not fetched per standing rule, p1 Neutral"
2026-09-11T07:08:24.525377+00:00,2026-09-11 AM,AAVE,Neutral,Bullish,Neutral,Bullish,Neutral,Bullish,Neutral,Neutral,Bullish,Bearish,4,1,none,"mechanical count 4<5 this checkpoint -- not fetched per standing rule, p1 Neutral"
2026-09-11T07:08:24.525377+00:00,2026-09-11 AM,ENA,Neutral,Bullish,Neutral,Bullish,Neutral,Bullish,Neutral,Neutral,Bullish,Bearish,4,1,none,"mechanical count 4<5 this checkpoint -- not fetched per standing rule, p1 Neutral"
2026-09-11T07:08:24.525377+00:00,2026-09-11 AM,MORPHO,Neutral,Bullish,Neutral,Bullish,Neutral,Bullish,Neutral,Neutral,Bullish,Bearish,4,1,none,"mechanical count 4<5 this checkpoint -- not fetched per standing rule, p1 Neutral"
2026-09-11T07:08:24.525377+00:00,2026-09-11 AM,ONDO,Neutral,Neutral,Neutral,Neutral,Neutral,Bullish,Neutral,Neutral,Bullish,Bearish,2,1,none,"mechanical count 2<5 this checkpoint -- not fetched per standing rule, p1 Neutral"
2026-09-11T07:08:24.525377+00:00,2026-09-11 AM,ETHFI,Bearish,Bearish,Neutral,Bullish,Neutral,Bullish,Bullish,Neutral,Bullish,Bearish,4,3,held,"held. sentiment.py: rising interest, clear euphoria dominance (price targets $0.75-$0.80, rocket emojis, 'extreme strength' framing, leading-gainers-board mentions), zero capitulation offset -- classic crowd pile-on, contrarian Bearish, consistent with the recurring pattern flagged nearly every checkpoint of this hold. HOLD, no changes -- full target size already reached. Confluence eased 5/10(2 Bearish, PM 09-10) -> 4/10(3/10 Bearish: p1 + p2_dma overextension, p7_oi flipped back to Bullish this checkpoint) as dev-from-50DMA eased only slightly to +37.8% (from PM's +43.0%, still the deepest overextension on the book) and RSI eased to 71.9 (from 73.5, still within striking distance of the >75 override line). OI and funding both still strongly confirming a genuine breakout (OI 24h +23.4%, 7d +53.9%, funding flat at 0.01%/8h, no crowding). Price $0.6807 (-2.85% vs PM 09-10 close $0.7007, +18.50% vs avg entry $0.574441). Invalidation $0.52 not breached (~30.9% headroom, the widest on the book). Bearish count 3/10 -- still short of the >=4/10-for-1-checkpoint trim gate, but flagged again as the checkpoint's primary watch item given the persistent deep overextension and RSI proximity to the mechanical override. Thesis stays Playing Out, conviction stays Intact -- hold, no changes."
2026-09-11T07:08:24.525377+00:00,2026-09-11 AM,CAKE,Neutral,Bearish,Bullish,Bullish,Neutral,Bullish,Neutral,Neutral,Bullish,Bearish,4,2,none,"mechanical count 4<5 this checkpoint -- not fetched per standing rule, p1 Neutral"
2026-09-11T07:08:24.525377+00:00,2026-09-11 AM,JUP,Neutral,Bullish,Neutral,Bullish,Neutral,Bullish,Bullish,Neutral,Bullish,Bearish,5,1,held,"held. sentiment.py: flat interest, zero euphoria, zero capitulation -- narrative purely technical/trading-signal chatter with measured price targets ($0.25-$0.27), one unrelated '-94% top loser' post that reads as noise from a different asset/context, no clean crowd extreme (interest itself reads flat, not improving, so doesn't cleanly fit the 'improving interest without euphoria' Bullish case either), contrarian Neutral. HOLD, no changes -- full target size already reached. Confluence improved 4/10(1 Bearish, PM 09-10) -> 5/10(1/10 Bearish) as p4_rvol flipped back to Bullish (rv_ratio 1.52, genuine breakout expansion) and p7_oi held Bullish (24h -1.6%/7d +4.9% against a rising 7d price of +8.12%). Price $0.2344 (+3.90% vs PM 09-10 close $0.2256, +7.74% vs avg entry $0.217553), still above 50DMA (dev +16.5%, comfortably under the 25% overextension line) and 200DMA in golden-cross structure. RSI 54.8, just under the 55-70 Bullish band (Neutral). Funding flat (0.0026%/8h). Invalidation $0.203 not breached (~15.5% headroom). Bearish count 1/10 (p10_fg global only) -- nowhere near either gate. Thesis stays Playing Out, conviction stays Intact -- hold, no changes."
2026-09-11T07:08:24.525377+00:00,2026-09-11 AM,VET,Neutral,Bearish,Bullish,Neutral,Neutral,Neutral,Neutral,Neutral,Bullish,Bearish,2,2,none,"mechanical count 2<5 this checkpoint -- not fetched per standing rule, p1 Neutral"
2026-09-11T07:08:24.525377+00:00,2026-09-11 AM,HBAR,Neutral,Neutral,Neutral,Bullish,Neutral,Bullish,Neutral,Neutral,Bullish,Bearish,3,1,none,"mechanical count 3<5 this checkpoint -- not fetched per standing rule, p1 Neutral"
2026-09-11T07:08:24.525377+00:00,2026-09-11 AM,PENDLE,Neutral,Bearish,Bullish,Neutral,Neutral,Bullish,Bullish,Neutral,Bullish,Bearish,4,2,none,"mechanical count 4<5 this checkpoint -- not fetched per standing rule, p1 Neutral"
2026-09-11T07:08:24.525377+00:00,2026-09-11 AM,PEPE,Neutral,Neutral,Neutral,Bullish,Neutral,Bullish,Neutral,Neutral,Bullish,Bearish,3,1,none,"mechanical count 3<5 this checkpoint -- not fetched per standing rule, p1 Neutral"
2026-09-11T07:08:24.525377+00:00,2026-09-11 AM,TAO,Neutral,Neutral,Neutral,Neutral,Bearish,Bullish,Neutral,Neutral,Bullish,Bearish,2,2,none,"mechanical count 2<5 this checkpoint -- not fetched per standing rule, p1 Neutral"
2026-09-11T07:08:24.525377+00:00,2026-09-11 AM,POL,Neutral,Neutral,Neutral,Bullish,Neutral,Bullish,Bullish,Neutral,Bullish,Bearish,4,1,none,"mechanical count 4<5 this checkpoint -- not fetched per standing rule, p1 Neutral"
2026-09-11T07:08:24.525377+00:00,2026-09-11 AM,PENGU,Neutral,Neutral,Neutral,Bullish,Neutral,Bullish,Neutral,Neutral,Bullish,Bearish,3,1,none,"mechanical count 3<5 this checkpoint -- not fetched per standing rule, p1 Neutral"
2026-09-11T07:08:24.525377+00:00,2026-09-11 AM,ARB,Neutral,Bearish,Bullish,Bullish,Neutral,Bullish,Bearish,Neutral,Bullish,Bearish,4,3,none,"mechanical count 4<5 this checkpoint -- not fetched per standing rule, p1 Neutral"
2026-09-11T07:08:24.525377+00:00,2026-09-11 AM,PYTH,Neutral,Bullish,Neutral,Bullish,Neutral,Bullish,Neutral,Neutral,Bullish,Bearish,4,1,none,"mechanical count 4<5 this checkpoint -- not fetched per standing rule, p1 Neutral"
2026-09-11T07:08:24.525377+00:00,2026-09-11 AM,ASTER,Neutral,Neutral,Neutral,Neutral,Neutral,Bullish,Neutral,Neutral,Bullish,Bearish,2,1,none,"mechanical count 2<5 this checkpoint -- not fetched per standing rule, p1 Neutral"
2026-09-11T07:08:24.525377+00:00,2026-09-11 AM,NEAR,Neutral,Bearish,Neutral,Neutral,Neutral,Bullish,Bullish,Neutral,Bullish,Bearish,3,2,none,"mechanical count 3<5 this checkpoint -- not fetched per standing rule, p1 Neutral"
2026-09-11T07:08:24.525377+00:00,2026-09-11 AM,FIL,Neutral,Neutral,Bullish,Bullish,Neutral,Bullish,Bullish,Neutral,Bullish,Bearish,5,1,none,"mechanical count 5>=5 this checkpoint -- fetched per standing rule. sentiment.py: flat interest, zero euphoria/capitulation markers -- narrative purely factual (AI-data-storage positioning, decentralized-storage-for-ML-workloads framing, ordinary long-setup targets), too thin for clean dominance, contrarian Neutral."
2026-09-11T19:10:04.068113+00:00,2026-09-11 PM,BTC,Neutral,Bullish,Neutral,Bullish,Neutral,Bullish,Neutral,Neutral,Bullish,Bearish,4,1,none,"mechanical count 4<5 this checkpoint -- not fetched per standing rule, p1 Neutral"
2026-09-11T19:10:04.068113+00:00,2026-09-11 PM,ETH,Bearish,Bullish,Bullish,Bullish,Bullish,Bullish,Bullish,Neutral,Bullish,Bearish,7,2,held,"sentiment.py: rising interest, clear euphoria dominance (god-candle calls, rocket emojis, $3000 price targets, 'strong buying on Binance' framing), zero capitulation offset -- contrarian Bearish. HOLD, no changes -- full target size already reached. Confluence improved 5/10(1 Bearish, AM) -> 7/10(2/10 Bearish: fresh p1 euphoria-driven Bearish + p10_fg global) as p7_oi flipped back to Bullish (OI 24h +8.5%/7d +15.1%, confirming alongside rising price) and p5_volz held Bullish (volz 1.79). Price $2543.81 (+3.0% vs AM close $2469.61, +1.75% vs avg entry $2500.099323), still golden-cross (dev-from-50DMA +17.6%, comfortably under the 25% overextension line). RSI 64.8 mid-upper band with room. Funding flat (0.0086%/8h). Invalidation $2355 not breached (~8.0% headroom, still the tightest cushion on the book). Confluence at 7/10 -- the strongest read on the book this checkpoint (a level ETH has revisited several times this hold), but Bearish count (2/10) remains far short of the >=4/10-for-2-consecutive exit gate. Thesis stays Playing Out, conviction stays Intact -- hold, no changes, full target size. No sector-cap issue (Major L1/ETH+TRX ~39.19% of deployed capital, 2 of 5 positions at the max-2-per-sector limit but not breaching it)."
2026-09-11T19:10:04.068113+00:00,2026-09-11 PM,BNB,Neutral,Bullish,Bullish,Bullish,Neutral,Bullish,Neutral,Neutral,Bullish,Bearish,5,1,held,"sentiment.py: flat interest, zero euphoria/capitulation markers, narrative purely factual (RWA/tokenized-stock-DEX leadership, EM adoption via Binance distribution, mixed bull-case-vs-regulatory-bear-case framing) -- contrarian Neutral. HOLD, no changes -- full target size already reached. Confluence improved 4/10(2 Bearish, AM) -> 5/10(1/10 Bearish: p10_fg global only) as p5_volz cleared back to Neutral (volz 0.06, no longer a no-conviction flag). Price $723.70 (essentially flat vs AM's $... marks), still golden-cross (dev-from-50DMA +12.0%, comfortably under the 25% overextension line). RSI 57.9 low-mid band with room. Funding flat (0.0017%/8h). OI mixed both windows (24h -4.9%/7d -8.8%), reads Neutral. Invalidation $695 not breached (~4.1% headroom -- the tightest cushion on the book, standing watch item, unchanged). Thesis stays Playing Out, conviction stays Intact -- hold, no changes. No sector-cap issue (Exchange ~28.45% of deployed capital, single position)."
2026-09-11T19:10:04.068113+00:00,2026-09-11 PM,XRP,Neutral,Neutral,Neutral,Bullish,Neutral,Bullish,Neutral,Neutral,Bullish,Bearish,3,1,none,"mechanical count 3<5 this checkpoint -- not fetched per standing rule, p1 Neutral"
2026-09-11T19:10:04.068113+00:00,2026-09-11 PM,SOL,Bearish,Bullish,Bullish,Bullish,Neutral,Bullish,Neutral,Neutral,Bullish,Bearish,5,2,none,"sentiment.py: flat interest, clear euphoria dominance ($400-700 price targets, rocket emojis, wallet-drop hype), zero capitulation offset -- contrarian Bearish. not held, not a candidate (5/10 Bullish, 2/10 Bearish: p1 fresh contrarian Bearish on euphoria-dominant sentiment + p10_fg global) -- below the 7/10 entry gate, no action."
2026-09-11T19:10:04.068113+00:00,2026-09-11 PM,TRX,Neutral,Bullish,Neutral,Bullish,Neutral,Bullish,Bullish,Neutral,Bullish,Bearish,5,1,held,"sentiment.py: falling interest, no euphoria/capitulation markers, narrative purely factual/institutional (Tron Inc treasury buys, Canary Staked TRX ETF live on Vanguard, stablecoin-transfer volume stats) -- falling interest with a flat-to-positive narrative doesn't cleanly fit either extreme, contrarian Neutral. HOLD, no changes -- full target size already reached. Confluence held at 5/10 (1/10 Bearish: p10_fg global only), unchanged from AM. Price $0.3366 (flat vs AM close, -0.94% vs entry $0.3398), still above 50DMA (dev +1.1%, minimal extension) and 200DMA in golden-cross structure. RSI 52.6, just under the 55-70 Bullish band (Neutral). Funding -0.0355%/8h, deep-negative enough to read Bullish per the contrarian crowded-short branch. OI confirming both windows (24h -0.9%/7d +2.1%) against a flat-to-slightly-up price. Invalidation $0.322 not breached (~4.5% headroom -- tightest cushion on the book alongside BNB, standing watch item). Thesis stays Playing Out, conviction stays Intact -- hold, no changes. No sector-cap issue (Major L1/ETH+TRX ~39.19% of deployed capital, 2 of 5 positions at the max-2-per-sector limit but not breaching it)."
2026-09-11T19:10:04.068113+00:00,2026-09-11 PM,DOGE,Neutral,Neutral,Neutral,Neutral,Neutral,Bullish,Bearish,Neutral,Bullish,Bearish,2,2,none,"mechanical count 2<5 this checkpoint -- not fetched per standing rule, p1 Neutral"
2026-09-11T19:10:04.068113+00:00,2026-09-11 PM,ZEC,Neutral,Bearish,Bullish,Neutral,Bullish,Bullish,Neutral,Neutral,Bullish,Bearish,4,2,none,"mechanical count 4<5 this checkpoint -- not fetched per standing rule, p1 Neutral"
2026-09-11T19:10:04.068113+00:00,2026-09-11 PM,ADA,Neutral,Neutral,Neutral,Bullish,Neutral,Bullish,Bearish,Neutral,Bullish,Bearish,3,2,none,"mechanical count 3<5 this checkpoint -- not fetched per standing rule, p1 Neutral"
2026-09-11T19:10:04.068113+00:00,2026-09-11 PM,LINK,Neutral,Bullish,Neutral,Neutral,Neutral,Bullish,Neutral,Neutral,Bullish,Bearish,3,1,none,"mechanical count 3<5 this checkpoint -- not fetched per standing rule, p1 Neutral"
2026-09-11T19:10:04.068113+00:00,2026-09-11 PM,UNI,Neutral,Bearish,Bullish,Neutral,Neutral,Bullish,Neutral,Neutral,Bullish,Bearish,3,2,none,"mechanical count 3<5 this checkpoint -- not fetched per standing rule, p1 Neutral"
2026-09-11T19:10:04.068113+00:00,2026-09-11 PM,AAVE,Neutral,Bullish,Neutral,Bullish,Neutral,Bullish,Neutral,Neutral,Bullish,Bearish,4,1,none,"mechanical count 4<5 this checkpoint -- not fetched per standing rule, p1 Neutral"
2026-09-11T19:10:04.068113+00:00,2026-09-11 PM,ENA,Neutral,Bullish,Neutral,Bullish,Neutral,Bullish,Neutral,Neutral,Bullish,Bearish,4,1,none,"mechanical count 4<5 this checkpoint -- not fetched per standing rule, p1 Neutral"
2026-09-11T19:10:04.068113+00:00,2026-09-11 PM,MORPHO,Neutral,Bullish,Neutral,Bullish,Neutral,Bullish,Bearish,Neutral,Bullish,Bearish,4,2,none,"mechanical count 4<5 this checkpoint -- not fetched per standing rule, p1 Neutral"
2026-09-11T19:10:04.068113+00:00,2026-09-11 PM,ONDO,Neutral,Neutral,Neutral,Neutral,Neutral,Bullish,Neutral,Neutral,Bullish,Bearish,2,1,none,"mechanical count 2<5 this checkpoint -- not fetched per standing rule, p1 Neutral"
2026-09-11T19:10:04.068113+00:00,2026-09-11 PM,ETHFI,Bearish,Bearish,Neutral,Bullish,Bullish,Bullish,Bullish,Neutral,Bullish,Bearish,5,3,held,"sentiment.py: flat interest, clear euphoria dominance (price targets, rocket emojis, trending-list inclusion, '+110%-target-hit' brag), zero capitulation offset -- contrarian Bearish, consistent with the recurring pattern flagged nearly every checkpoint of this hold. HOLD, no changes -- full target size already reached. Confluence improved 4/10(3 Bearish, AM) -> 5/10(3/10 Bearish: p1 + p2_dma overextension + p10_fg global) as p7_oi flipped back to Bullish (OI 24h -16.3%/7d +49.3%, weekly window still strongly confirming). Price $0.6706 (-1.5% vs AM close $0.6807, +16.75% vs avg entry $0.574441), dev-from-50DMA eased slightly to +35.9% (from AM's +37.8%, still the deepest overextension on the book -- p2_dma stays Bearish per the >25% override). RSI 70.8, just above the 55-70 Bullish band but still short of the >75 override (Neutral). Funding flat (0.01%/8h, no crowding). Invalidation $0.52 not breached (~29.3% headroom, still the widest on the book). Bearish count held at 3/10 -- still short of the >=4/10-for-1-checkpoint trim gate, but the persistent deep overextension and RSI proximity to the mechanical override remain the standing watch item for this hold. Thesis stays Playing Out, conviction stays Intact -- hold, no changes. No sector-cap issue (Liquid Staking ~22.88% of deployed capital, single position)."
2026-09-11T19:10:04.068113+00:00,2026-09-11 PM,CAKE,Neutral,Bearish,Bullish,Bullish,Neutral,Bullish,Bullish,Neutral,Bullish,Bearish,5,2,none,"sentiment.py: flat interest, zero euphoria/capitulation markers, narrative thin (signal-group spam, one casual sell-the-pullback comment, mascot chatter), no clean crowd extreme -- contrarian Neutral. not held, not a candidate (5/10 Bullish, 2/10 Bearish: p2_dma overextension + p10_fg global) -- below the 7/10 entry gate, no action."
2026-09-11T19:10:04.068113+00:00,2026-09-11 PM,JUP,Neutral,Bullish,Bullish,Bullish,Bullish,Bullish,Neutral,Neutral,Bullish,Bearish,6,1,held,"sentiment.py: flat interest, mild euphoria (price targets 0.275-1.55) offset by unverified airdrop-scam claims and thin/low-engagement chatter, no clean crowd extreme -- contrarian Neutral. HOLD, no changes -- full target size already reached. Confluence improved 5/10(1 Bearish, AM) -> 6/10(1/10 Bearish: p10_fg global only) as p5_volz flipped back to Bullish (volz 1.45, genuine breakout confirmation) while p2/p3/p4/p6/p9 stayed clean. Price $0.2413 (+2.94% vs AM close $0.2344, +10.9% vs avg entry $0.217553), dev-from-50DMA now +19.8% (up from AM's +16.5%, still comfortably under the 25% overextension line). RSI 56.6 low-mid band with room. Funding flat (0.01%/8h, no crowding). OI thin/mixed both windows (24h +1.1%, 7d +0.7%), reads Neutral. Invalidation $0.203 not breached (~18.9% headroom). Thesis stays Playing Out, conviction stays Intact -- hold, no changes. No sector-cap issue (DEX ~9.48% of deployed capital)."
2026-09-11T19:10:04.068113+00:00,2026-09-11 PM,VET,Neutral,Bearish,Bullish,Neutral,Neutral,Neutral,Neutral,Neutral,Bullish,Bearish,2,2,none,"mechanical count 2<5 this checkpoint -- not fetched per standing rule, p1 Neutral"
2026-09-11T19:10:04.068113+00:00,2026-09-11 PM,HBAR,Neutral,Neutral,Neutral,Bullish,Neutral,Bullish,Neutral,Neutral,Bullish,Bearish,3,1,none,"mechanical count 3<5 this checkpoint -- not fetched per standing rule, p1 Neutral"
2026-09-11T19:10:04.068113+00:00,2026-09-11 PM,PENDLE,Bullish,Bullish,Bullish,Neutral,Neutral,Bullish,Bullish,Neutral,Bullish,Bearish,6,1,none,"sentiment.py: rising interest without euphoria -- genuine fundamental narrative (net-deflationary tokenomics, revenue-funded buybacks absorbing 3x emissions, 35%+ supply locked), zero hype markers -- contrarian Bullish (improving interest without euphoria, the clean rubric case). not held, not a candidate (6/10 Bullish, 1/10 Bearish: p10_fg global only) -- closest non-held read on the board this checkpoint but still below the 7/10 entry gate, no action. Fundamental deflationary-tokenomics narrative (buybacks, falling emissions) is a genuine standing watch item for a future checkpoint."
2026-09-11T19:10:04.068113+00:00,2026-09-11 PM,PEPE,Neutral,Neutral,Neutral,Bullish,Neutral,Bullish,Neutral,Neutral,Bullish,Bearish,3,1,none,"mechanical count 3<5 this checkpoint -- not fetched per standing rule, p1 Neutral"
2026-09-11T19:10:04.068113+00:00,2026-09-11 PM,TAO,Neutral,Neutral,Neutral,Neutral,Neutral,Bullish,Bullish,Neutral,Bullish,Bearish,3,1,none,"mechanical count 3<5 this checkpoint -- not fetched per standing rule, p1 Neutral"
2026-09-11T19:10:04.068113+00:00,2026-09-11 PM,POL,Neutral,Neutral,Neutral,Bullish,Neutral,Bullish,Neutral,Neutral,Bullish,Bearish,3,1,none,"mechanical count 3<5 this checkpoint -- not fetched per standing rule, p1 Neutral"
2026-09-11T19:10:04.068113+00:00,2026-09-11 PM,PENGU,Neutral,Bearish,Bearish,Bullish,Neutral,Bullish,Neutral,Neutral,Bullish,Bearish,3,3,none,"mechanical count 3<5 this checkpoint -- not fetched per standing rule, p1 Neutral"
2026-09-11T19:10:04.068113+00:00,2026-09-11 PM,ARB,Neutral,Bearish,Bullish,Bullish,Neutral,Bullish,Neutral,Neutral,Bullish,Bearish,4,2,none,"mechanical count 4<5 this checkpoint -- not fetched per standing rule, p1 Neutral"
2026-09-11T19:10:04.068113+00:00,2026-09-11 PM,PYTH,Neutral,Bullish,Neutral,Bullish,Neutral,Bullish,Neutral,Neutral,Bullish,Bearish,4,1,none,"mechanical count 4<5 this checkpoint -- not fetched per standing rule, p1 Neutral"
2026-09-11T19:10:04.068113+00:00,2026-09-11 PM,ASTER,Neutral,Neutral,Neutral,Neutral,Neutral,Bullish,Neutral,Neutral,Bullish,Bearish,2,1,none,"mechanical count 2<5 this checkpoint -- not fetched per standing rule, p1 Neutral"
2026-09-11T19:10:04.068113+00:00,2026-09-11 PM,NEAR,Neutral,Bearish,Neutral,Neutral,Bullish,Bullish,Bullish,Neutral,Bullish,Bearish,4,2,none,"mechanical count 4<5 this checkpoint -- not fetched per standing rule, p1 Neutral"
2026-09-11T19:10:04.068113+00:00,2026-09-11 PM,FIL,Neutral,Neutral,Neutral,Bullish,Neutral,Bullish,Bullish,Neutral,Bullish,Bearish,4,1,none,"mechanical count 4<5 this checkpoint -- not fetched per standing rule, p1 Neutral"
2026-09-12T07:10:56.632975+00:00,2026-09-12 AM,AAVE,Neutral,Bullish,Neutral,Bullish,Neutral,Bullish,Neutral,Bullish,Bullish,Neutral,5,0,none,"sentiment.py: falling interest, zero euphoria/capitulation, sparse factual mentions (whale USDC transfer, partnership chatter) -- too thin for clean dominance, contrarian Neutral."
2026-09-12T07:10:56.632975+00:00,2026-09-12 AM,ADA,Neutral,Neutral,Neutral,Bullish,Neutral,Bullish,Bearish,Bullish,Bullish,Neutral,4,1,none,"mechanical count 4<5 this checkpoint -- not fetched per standing rule, p1 Neutral"
2026-09-12T07:10:56.632975+00:00,2026-09-12 AM,ARB,Neutral,Bearish,Bullish,Bullish,Neutral,Bullish,Neutral,Bullish,Bullish,Neutral,5,1,none,"sentiment.py: flat interest, zero euphoria/capitulation, casual thin mentions (altcoin-list inclusion, airdrop-claim-window reminder) -- too thin for clean dominance, contrarian Neutral."
2026-09-12T07:10:56.632975+00:00,2026-09-12 AM,ASTER,Neutral,Neutral,Neutral,Bullish,Neutral,Bullish,Neutral,Bullish,Bullish,Neutral,4,0,none,"mechanical count 4<5 this checkpoint -- not fetched per standing rule, p1 Neutral"
2026-09-12T07:10:56.632975+00:00,2026-09-12 AM,BNB,Neutral,Bullish,Bullish,Neutral,Neutral,Bullish,Neutral,Bullish,Bullish,Neutral,5,0,held,"sentiment.py: flat interest, zero euphoria/capitulation markers, narrative purely factual (ecosystem activity, trading tournament, one factual funding/OI note) -- contrarian Neutral."
2026-09-12T07:10:56.632975+00:00,2026-09-12 AM,BTC,Neutral,Bullish,Bullish,Bullish,Neutral,Bullish,Neutral,Bullish,Bullish,Neutral,6,0,none,"sentiment.py: falling interest, one isolated 'moonshot' aside insufficient for euphoria dominance, zero capitulation, narrative thin/technical (wave-4 pullback-then-upside chatter) -- too thin for clean dominance, contrarian Neutral."
2026-09-12T07:10:56.632975+00:00,2026-09-12 AM,CAKE,Neutral,Bearish,Bullish,Bullish,Neutral,Bullish,Bearish,Bullish,Bullish,Neutral,5,2,none,"sentiment.py: flat interest, zero euphoria/capitulation, sparse thin mentions (automated top-gainers/bullish-trends-list inclusion, one throwaway meme post) -- too thin for clean dominance, contrarian Neutral."
2026-09-12T07:10:56.632975+00:00,2026-09-12 AM,DOGE,Neutral,Neutral,Neutral,Bullish,Neutral,Bullish,Bearish,Bullish,Bullish,Neutral,4,1,none,"mechanical count 4<5 this checkpoint -- not fetched per standing rule, p1 Neutral"
2026-09-12T07:10:56.632975+00:00,2026-09-12 AM,ENA,Neutral,Bullish,Neutral,Bullish,Neutral,Bullish,Neutral,Bullish,Bullish,Neutral,5,0,none,"sentiment.py: flat interest, one meme-style euphoric post ('until $ENA reaches $3') amid otherwise factual TVL-growth/perps-listing coverage -- insufficient for clean euphoria dominance, zero capitulation, contrarian Neutral."
2026-09-12T07:10:56.632975+00:00,2026-09-12 AM,ETH,Neutral,Bullish,Bullish,Bullish,Neutral,Bullish,Bullish,Bullish,Bullish,Neutral,7,0,held,"sentiment.py: flat/falling interest, zero clean euphoria dominance (one unverified 'moonshot' aside) or capitulation, narrative mixed technical (resistance tests, ETF outflows, minor bridge-timeout gripe) -- no clean crowd extreme, contrarian Neutral."
2026-09-12T07:10:56.632975+00:00,2026-09-12 AM,ETHFI,Bearish,Bearish,Bearish,Bullish,Neutral,Bullish,Bullish,Bullish,Bullish,Neutral,5,3,held-trim,"sentiment.py: flat interest, clear euphoria dominance (price targets 0.7117-0.7432, bullish-structure claims, 'leading gainers' mentions, breakout-potential hype), zero capitulation offset -- contrarian Bearish, the same recurring pattern flagged nearly every checkpoint of this hold."
2026-09-12T07:10:56.632975+00:00,2026-09-12 AM,FIL,Neutral,Neutral,Bullish,Bullish,Neutral,Bullish,Bullish,Bullish,Bullish,Neutral,6,0,none,"sentiment.py: flat interest, mild euphoria markers (rocket emojis, ATH-comparison question) but explicitly described as low-volume trading-signal spam, zero capitulation -- too thin for clean dominance, contrarian Neutral."
2026-09-12T07:10:56.632975+00:00,2026-09-12 AM,HBAR,Neutral,Neutral,Neutral,Bullish,Neutral,Bullish,Neutral,Bullish,Bullish,Neutral,4,0,none,"mechanical count 4<5 this checkpoint -- not fetched per standing rule, p1 Neutral"
2026-09-12T07:10:56.632975+00:00,2026-09-12 AM,JUP,Neutral,Bullish,Bullish,Bullish,Neutral,Bullish,Bullish,Bullish,Bullish,Neutral,7,0,held,"sentiment.py: flat interest, mild dip-buying/DCA trader chatter with stop-adjustment discipline and measured targets (0.25-0.275-0.36), no rocket-emoji euphoria or capitulation despair -- no clean crowd extreme, contrarian Neutral."
2026-09-12T07:10:56.632975+00:00,2026-09-12 AM,LINK,Neutral,Bullish,Neutral,Neutral,Neutral,Bullish,Neutral,Bullish,Bullish,Neutral,4,0,none,"mechanical count 4<5 this checkpoint -- not fetched per standing rule, p1 Neutral"
2026-09-12T07:10:56.632975+00:00,2026-09-12 AM,MORPHO,Neutral,Bullish,Neutral,Bullish,Neutral,Bullish,Bearish,Bullish,Bullish,Neutral,5,1,none,"sentiment.py: flat interest, zero clean euphoria/capitulation dominance, narrative genuinely mixed (bullish-momentum calls balanced by a 'bull trap' risk warning) -- contrarian Neutral."
2026-09-12T07:10:56.632975+00:00,2026-09-12 AM,NEAR,Bearish,Bearish,Bullish,Neutral,Bearish,Bullish,Bullish,Bullish,Bullish,Neutral,5,3,none,"sentiment.py: rising interest with clear euphoria dominance (66x/$156-562 Bitwise price-target calls, rocket emojis, bullish charts, Paradigm-CTO AI-convergence hype), one dismissive 'scam' comment far too thin to offset -- rising interest plus euphoria is the clean contrarian Bearish rubric case."
2026-09-12T07:10:56.632975+00:00,2026-09-12 AM,ONDO,Neutral,Neutral,Neutral,Bullish,Neutral,Bullish,Neutral,Bullish,Bullish,Neutral,4,0,none,"mechanical count 4<5 this checkpoint -- not fetched per standing rule, p1 Neutral"
2026-09-12T07:10:56.632975+00:00,2026-09-12 AM,PENDLE,Neutral,Bearish,Bullish,Neutral,Neutral,Bullish,Bullish,Bullish,Bullish,Neutral,5,1,none,"sentiment.py: flat interest (a genuine shift from PM 09-11's 'rising' read), zero euphoria/capitulation, narrative factual/technical (USDD PT/YT/LP yield-farming mechanics, one 5x long entry, one gainers-list mention) -- no longer the clean 'improving interest' case now that interest itself has flattened, contrarian Neutral."
2026-09-12T07:10:56.632975+00:00,2026-09-12 AM,PENGU,Neutral,Bearish,Bearish,Bullish,Neutral,Bullish,Neutral,Bullish,Bullish,Neutral,4,2,none,"mechanical count 4<5 this checkpoint -- not fetched per standing rule, p1 Neutral"
2026-09-12T07:10:56.632975+00:00,2026-09-12 AM,PEPE,Neutral,Neutral,Neutral,Bullish,Neutral,Bullish,Neutral,Bullish,Bullish,Neutral,4,0,none,"mechanical count 4<5 this checkpoint -- not fetched per standing rule, p1 Neutral"
2026-09-12T07:10:56.632975+00:00,2026-09-12 AM,POL,Neutral,Neutral,Neutral,Bullish,Neutral,Bullish,Neutral,Bullish,Bullish,Neutral,4,0,none,"mechanical count 4<5 this checkpoint -- not fetched per standing rule, p1 Neutral"
2026-09-12T07:10:56.632975+00:00,2026-09-12 AM,PYTH,Neutral,Bullish,Bullish,Bullish,Neutral,Bullish,Neutral,Bullish,Bullish,Neutral,6,0,none,"sentiment.py: flat interest, zero euphoria, thin low-engagement short-signal-bot chatter (bearish trade maps, short calls hitting targets) rather than genuine crowd capitulation or narrative deterioration -- too thin for clean dominance, contrarian Neutral."
2026-09-12T07:10:56.632975+00:00,2026-09-12 AM,SOL,Neutral,Bullish,Bullish,Bullish,Neutral,Bullish,Neutral,Bullish,Bullish,Neutral,6,0,none,"sentiment.py: flat interest, zero euphoria markers, genuine but thin capitulation-flavored risk chatter (inflation-debasement concern, bearish stochastic divergence) embedded in a broader staking/ETF/memecoin-promo narrative -- mixed, no clean dominance either way, contrarian Neutral."
2026-09-12T07:10:56.632975+00:00,2026-09-12 AM,TAO,Neutral,Neutral,Neutral,Neutral,Neutral,Bullish,Neutral,Bullish,Bullish,Neutral,3,0,none,"mechanical count 3<5 this checkpoint -- not fetched per standing rule, p1 Neutral"
2026-09-12T07:10:56.632975+00:00,2026-09-12 AM,TRX,Neutral,Bullish,Bullish,Bullish,Neutral,Bullish,Bullish,Bullish,Bullish,Neutral,7,0,held,"sentiment.py: flat interest, zero euphoria/capitulation markers, narrative purely factual/institutional (Cboe TRXS ETF live, Tron Inc treasury buys, Energy Rental/GasFree UX) -- contrarian Neutral."
2026-09-12T07:10:56.632975+00:00,2026-09-12 AM,UNI,Neutral,Bearish,Bullish,Neutral,Neutral,Bullish,Neutral,Bullish,Bullish,Neutral,4,1,none,"mechanical count 4<5 this checkpoint -- not fetched per standing rule, p1 Neutral"
2026-09-12T07:10:56.632975+00:00,2026-09-12 AM,VET,Neutral,Bearish,Bullish,Neutral,Neutral,Neutral,Neutral,Bullish,Bullish,Neutral,3,1,none,"mechanical count 3<5 this checkpoint -- not fetched per standing rule, p1 Neutral"
2026-09-12T07:10:56.632975+00:00,2026-09-12 AM,XRP,Neutral,Neutral,Neutral,Bullish,Neutral,Bullish,Neutral,Bullish,Bullish,Neutral,4,0,none,"mechanical count 4<5 this checkpoint -- not fetched per standing rule, p1 Neutral"
2026-09-12T07:10:56.632975+00:00,2026-09-12 AM,ZEC,Neutral,Bearish,Bullish,Neutral,Neutral,Bullish,Neutral,Bullish,Bullish,Neutral,4,1,none,"mechanical count 4<5 this checkpoint -- not fetched per standing rule, p1 Neutral"
2026-09-12T19:10:56.000000+00:00,2026-09-12 PM,BTC,Neutral,Bullish,Neutral,Bullish,Neutral,Bullish,Neutral,Bullish,Bullish,Neutral,5,0,none,"sentiment.py FAILED (HTTP 403 x2, retried) -- web-search fallback: mixed/contradictory technical-sentiment split across sources (~37% bullish read vs a separately-cited 'bearish' framing), F&G elevated (Greed-range) but not at a euphoric extreme, ETF inflows strong but price capped at resistance -- no clean crowd extreme, contrarian Neutral."
2026-09-12T19:10:56.000000+00:00,2026-09-12 PM,ETH,Bearish,Bullish,Bullish,Bullish,Neutral,Bullish,Bullish,Bullish,Bullish,Neutral,7,1,held,"sentiment.py: interest turned rising (from flat/falling AM), fresh clean euphoria cluster (price targets ~$4,700, 'Ethereum is STRONG' language, ETF-inflow highlights, narrative shift from years of FUD to institutional acceptance) -- rising interest plus euphoria is the clean contrarian Bearish rubric case, a new read this checkpoint."
2026-09-12T19:10:56.000000+00:00,2026-09-12 PM,BNB,Neutral,Bullish,Bullish,Neutral,Neutral,Bullish,Neutral,Bullish,Bullish,Neutral,5,0,held,"sentiment.py: flat interest, sparse factual price-level chatter ($728 level, GameFi/payments mentions), no crowd extreme -- contrarian Neutral."
2026-09-12T19:10:56.000000+00:00,2026-09-12 PM,XRP,Neutral,Neutral,Neutral,Bullish,Neutral,Bullish,Neutral,Bullish,Bullish,Neutral,4,0,none,"mechanical count 4<5 this checkpoint -- not fetched per standing rule, p1 Neutral"
2026-09-12T19:10:56.000000+00:00,2026-09-12 PM,SOL,Neutral,Bullish,Bullish,Bullish,Neutral,Bullish,Neutral,Bullish,Bullish,Neutral,6,0,none,"sentiment.py: flat interest, dominant narrative is unrelated memecoin/airdrop promotion riding the Solana network rather than SOL-specific sentiment -- too thin/off-topic for a clean dominance read, contrarian Neutral."
2026-09-12T19:10:56.000000+00:00,2026-09-12 PM,TRX,Neutral,Bullish,Bullish,Bullish,Neutral,Bullish,Neutral,Bullish,Bullish,Neutral,6,0,held,"sentiment.py: flat interest, factual DeFi-tool (JustLend gasfree/energy rental) and Cboe TRXS ETF narrative, no crowd extreme -- contrarian Neutral."
2026-09-12T19:10:56.000000+00:00,2026-09-12 PM,DOGE,Neutral,Neutral,Neutral,Bullish,Neutral,Bullish,Neutral,Bullish,Bullish,Neutral,4,0,none,"mechanical count 4<5 this checkpoint -- not fetched per standing rule, p1 Neutral"
2026-09-12T19:10:56.000000+00:00,2026-09-12 PM,ZEC,Neutral,Bearish,Bullish,Neutral,Neutral,Bullish,Neutral,Bullish,Bullish,Neutral,4,1,none,"mechanical count 4<5 this checkpoint -- not fetched per standing rule, p1 Neutral"
2026-09-12T19:10:56.000000+00:00,2026-09-12 PM,ADA,Neutral,Neutral,Neutral,Bullish,Neutral,Bullish,Bearish,Bullish,Bullish,Neutral,4,1,none,"mechanical count 4<5 this checkpoint -- not fetched per standing rule, p1 Neutral"
2026-09-12T19:10:56.000000+00:00,2026-09-12 PM,LINK,Neutral,Bullish,Neutral,Neutral,Neutral,Bullish,Neutral,Bullish,Bullish,Neutral,4,0,none,"mechanical count 4<5 this checkpoint -- not fetched per standing rule, p1 Neutral"
2026-09-12T19:10:56.000000+00:00,2026-09-12 PM,UNI,Neutral,Bearish,Bullish,Neutral,Neutral,Bullish,Neutral,Bullish,Bullish,Neutral,4,1,none,"mechanical count 4<5 this checkpoint -- not fetched per standing rule, p1 Neutral"
2026-09-12T19:10:56.000000+00:00,2026-09-12 PM,AAVE,Neutral,Bullish,Bullish,Bullish,Neutral,Bullish,Neutral,Bullish,Bullish,Neutral,6,0,none,"sentiment.py: flat interest, factual whale-transfer (193M USDC) and TVL chatter plus scattered long/short setups -- no clean crowd extreme, contrarian Neutral."
2026-09-12T19:10:56.000000+00:00,2026-09-12 PM,ENA,Neutral,Bullish,Neutral,Bullish,Neutral,Bullish,Neutral,Bullish,Bullish,Neutral,5,0,none,"sentiment.py FAILED (HTTP 403 x2, retried) -- web-search fallback: Twitter mostly neutral (61.9% neutral, 38.1% bull vs 9.2% bear), narrative genuinely mixed (protocol optimism vs ongoing token-unlock/dilution debate) -- no clean dominance, contrarian Neutral."
2026-09-12T19:10:56.000000+00:00,2026-09-12 PM,MORPHO,Neutral,Bullish,Neutral,Bullish,Neutral,Bullish,Bearish,Bullish,Bullish,Neutral,5,1,none,"sentiment.py FAILED (HTTP 403 x2, retried) -- web-search fallback: Twitter mostly neutral (63.2%), whale/retail sentiment diverging (whale signal flipped 3x in 7d, tug-of-war framing) -- no clean dominance, contrarian Neutral."
2026-09-12T19:10:56.000000+00:00,2026-09-12 PM,ONDO,Neutral,Neutral,Neutral,Bullish,Neutral,Bullish,Neutral,Bullish,Bullish,Neutral,4,0,none,"mechanical count 4<5 this checkpoint -- not fetched per standing rule, p1 Neutral"
2026-09-12T19:10:56.000000+00:00,2026-09-12 PM,ETHFI,Bearish,Bearish,Bearish,Bullish,Bullish,Bullish,Bullish,Bullish,Bullish,Neutral,6,3,exit,"sentiment.py: flat interest, continuing price-target euphoria (0.65/0.75/$1 targets, 'raise targets to $1+', bullish 4h structure calls), zero capitulation offset -- the same recurring pattern flagged nearly every checkpoint of this hold, contrarian Bearish."
2026-09-12T19:10:56.000000+00:00,2026-09-12 PM,CAKE,Neutral,Bearish,Bullish,Bullish,Neutral,Bullish,Neutral,Bullish,Bullish,Neutral,5,1,none,"sentiment.py FAILED (HTTP 403 x2, retried) -- web-search fallback: contradictory technical-sentiment read (a bearish-leaning sentiment % cited alongside a separately-optimistic analyst narrative), genuine deflationary burn data (net -427K CAKE) but overall crowd mood unclear/muddled -- too inconsistent for a clean call, contrarian Neutral."
2026-09-12T19:10:56.000000+00:00,2026-09-12 PM,JUP,Neutral,Bullish,Bullish,Bullish,Neutral,Bullish,Bullish,Bullish,Bullish,Neutral,7,0,held,"sentiment.py: flat interest, low-engagement DCA/technical-setup chatter, no clean crowd extreme either way -- contrarian Neutral."
2026-09-12T19:10:56.000000+00:00,2026-09-12 PM,VET,Neutral,Bearish,Bullish,Neutral,Neutral,Neutral,Neutral,Bullish,Bullish,Neutral,3,1,none,"mechanical count 3<5 this checkpoint -- not fetched per standing rule, p1 Neutral"
2026-09-12T19:10:56.000000+00:00,2026-09-12 PM,HBAR,Neutral,Neutral,Neutral,Bullish,Neutral,Bullish,Neutral,Bullish,Bullish,Neutral,4,0,none,"mechanical count 4<5 this checkpoint -- not fetched per standing rule, p1 Neutral"
2026-09-12T19:10:56.000000+00:00,2026-09-12 PM,PENDLE,Neutral,Bearish,Bullish,Neutral,Neutral,Bullish,Bullish,Bullish,Bullish,Neutral,5,1,none,"sentiment.py FAILED (HTTP 403 x2, retried) -- web-search fallback: genuine bullish catalysts (Robinhood Chain sNET market live 09-08, growing revenue/TVL) offset by a real $36M liquidation-event risk flag raised the same window -- mixed, no clean dominance, contrarian Neutral."
2026-09-12T19:10:56.000000+00:00,2026-09-12 PM,PEPE,Neutral,Neutral,Neutral,Bullish,Neutral,Bullish,Neutral,Bullish,Bullish,Neutral,4,0,none,"mechanical count 4<5 this checkpoint -- not fetched per standing rule, p1 Neutral"
2026-09-12T19:10:56.000000+00:00,2026-09-12 PM,TAO,Neutral,Neutral,Neutral,Neutral,Neutral,Bullish,Neutral,Bullish,Bullish,Neutral,3,0,none,"mechanical count 3<5 this checkpoint -- not fetched per standing rule, p1 Neutral"
2026-09-12T19:10:56.000000+00:00,2026-09-12 PM,POL,Neutral,Neutral,Neutral,Bullish,Neutral,Bullish,Neutral,Bullish,Bullish,Neutral,4,0,none,"mechanical count 4<5 this checkpoint -- not fetched per standing rule, p1 Neutral"
2026-09-12T19:10:56.000000+00:00,2026-09-12 PM,PENGU,Neutral,Bearish,Bearish,Bullish,Neutral,Bullish,Neutral,Bullish,Bullish,Neutral,4,2,none,"mechanical count 4<5 this checkpoint -- not fetched per standing rule, p1 Neutral"
2026-09-12T19:10:56.000000+00:00,2026-09-12 PM,ARB,Neutral,Bearish,Bullish,Bullish,Neutral,Bullish,Neutral,Bullish,Bullish,Neutral,5,1,none,"sentiment.py FAILED (HTTP 403 x2, retried) -- web-search fallback: 'cautiously optimistic' mood tied to Robinhood Chain revenue/ArbOS Elara upgrade, tempered by an overbought daily-chart flag and the pending Sept 16 unlock (92.63M ARB) overhang -- no euphoria or capitulation extreme, contrarian Neutral."
2026-09-12T19:10:56.000000+00:00,2026-09-12 PM,PYTH,Neutral,Bullish,Bullish,Neutral,Neutral,Bullish,Bearish,Bullish,Bullish,Neutral,5,1,none,"sentiment.py FAILED (HTTP 403 x2, retried) -- web-search fallback: split/contradictory Twitter reads across sources (44%/6%/56% vs 25%/27%/48% bull/bear/neutral), 'bullish with caution' consensus, some long-liquidation activity but not a clean capitulation signal -- contrarian Neutral."
2026-09-12T19:10:56.000000+00:00,2026-09-12 PM,ASTER,Neutral,Neutral,Neutral,Bullish,Neutral,Bullish,Neutral,Bullish,Bullish,Neutral,4,0,none,"mechanical count 4<5 this checkpoint -- not fetched per standing rule, p1 Neutral"
2026-09-12T19:10:56.000000+00:00,2026-09-12 PM,NEAR,Bearish,Bearish,Bullish,Neutral,Neutral,Bullish,Bullish,Bullish,Bullish,Neutral,5,2,none,"sentiment.py FAILED (HTTP 403 x2, retried) -- web-search fallback: rising-interest buzz (561M 24h volume spike flagged as notable), whale leveraged-long positioning, plus fresh scrutiny/allegations of influencer-driven 'exit liquidity' schemes -- consistent with this morning's clean rising-interest-plus-euphoria read (66x/$156-562 Bitwise targets), contrarian Bearish, same pattern persisting."
2026-09-12T19:10:56.000000+00:00,2026-09-12 PM,FIL,Neutral,Neutral,Bullish,Bullish,Neutral,Bullish,Bullish,Bullish,Bullish,Neutral,6,0,none,"sentiment.py: flat interest, one outsized $10 price-target/rocket-emoji post amid an otherwise technical (double-bottom) and macro-driven narrative -- too thin for clean euphoria dominance, contrarian Neutral."
2026-09-13T07:06:35.831566+00:00,2026-09-13 AM,BTC,Bearish,Bullish,Neutral,Bullish,Neutral,Bullish,Neutral,Bullish,Bullish,Neutral,5,1,none,"sentiment.py FAILED (HTTP 403 x2, retried) -- web-search fallback: CryptoQuant Unified Sentiment Index >89, most euphoric social readings since March 2024, F&G in Greed range with heavy price-target chatter despite spot demand already waning and macro headwinds building -- classic crowd euphoria, contrarian Bearish."
2026-09-13T07:06:35.831566+00:00,2026-09-13 AM,ETH,Bullish,Bullish,Bullish,Bullish,Neutral,Bullish,Bullish,Bullish,Bullish,Neutral,8,0,held,"sentiment.py FAILED (HTTP 403 x2, retried) -- web-search fallback: social sentiment collapsed into extreme fear with bearish/FUD posts dominating Crypto Twitter even as a whale opened a $102M 10x long betting on a rebound and the underlying L1/DeFi thesis is unchanged -- capitulation with intact thesis, contrarian Bullish. Sharp reversal from PM 09-12's euphoria-driven Bearish read -- logged as-found, not smoothed."
2026-09-13T07:06:35.831566+00:00,2026-09-13 AM,BNB,Bearish,Bullish,Bullish,Neutral,Neutral,Bullish,Neutral,Bullish,Bullish,Neutral,5,1,held,"sentiment.py FAILED (HTTP 403 x2, retried) -- web-search fallback: chatter dominated by declarative 'still bullish!!!' price-target posts (targets toward $850) referencing a recent push to new highs; our own feed shows price $722.53 (-4.05% 7d, off that referenced high) -- the crowd is still chanting breakout targets through the pullback rather than adjusting, a denial-phase euphoria marker if anything, contrarian Bearish."
2026-09-13T07:06:35.831566+00:00,2026-09-13 AM,XRP,Neutral,Neutral,Neutral,Bullish,Neutral,Bullish,Neutral,Bullish,Bullish,Neutral,4,0,none,"mechanical count <5 this checkpoint -- not fetched per standing rule, p1 Neutral"
2026-09-13T07:06:35.831566+00:00,2026-09-13 AM,SOL,Neutral,Bullish,Bullish,Bullish,Neutral,Bullish,Neutral,Bullish,Bullish,Neutral,6,0,none,"sentiment.py: aggregator commentary generically 'bullish' (stakeholder excitement) but no explicit mania language, price capped under the $100 psychological level with a bearish MACD divergence undercutting the narrative -- mixed/non-committal, contrarian Neutral."
2026-09-13T07:06:35.831566+00:00,2026-09-13 AM,TRX,Neutral,Bullish,Bullish,Bullish,Neutral,Bullish,Neutral,Bullish,Bullish,Neutral,6,0,held,"sentiment.py: tweet sentiment sample ~65-70% neutral, genuinely divided (bullish minority vs persistent Justin Sun distrust/regulatory overhang) against a mixed tape (record network usage but a broken trendline) -- no clean crowd extreme, contrarian Neutral."
2026-09-13T07:06:35.831566+00:00,2026-09-13 AM,DOGE,Neutral,Neutral,Neutral,Bullish,Neutral,Bullish,Neutral,Bullish,Bullish,Neutral,4,0,none,"mechanical count <5 this checkpoint -- not fetched per standing rule, p1 Neutral"
2026-09-13T07:06:35.831566+00:00,2026-09-13 AM,ZEC,Neutral,Bearish,Bullish,Neutral,Neutral,Bullish,Neutral,Bullish,Bullish,Neutral,4,1,none,"mechanical count <5 this checkpoint -- not fetched per standing rule, p1 Neutral"
2026-09-13T07:06:35.831566+00:00,2026-09-13 AM,ADA,Neutral,Neutral,Neutral,Bullish,Neutral,Bullish,Bearish,Bullish,Bullish,Neutral,4,1,none,"mechanical count <5 this checkpoint -- not fetched per standing rule, p1 Neutral"
2026-09-13T07:06:35.831566+00:00,2026-09-13 AM,LINK,Neutral,Bullish,Neutral,Bullish,Neutral,Bullish,Neutral,Bullish,Bullish,Neutral,5,0,none,"sentiment.py FAILED (HTTP 403 x2, retried) -- web-search fallback: source framed a breakout toward $12.50-13, but our own feed shows LINK $11.459 (-13.41% 7d, a real pullback, not a breakout) -- narrative is technical/catalyst-driven (Schwab listing) with sentiment merely 'constructive,' no despair language found despite the actual weekly decline and no euphoria either -- contrarian Neutral, price-framing corrected against our own feed."
2026-09-13T07:06:35.831566+00:00,2026-09-13 AM,UNI,Neutral,Bearish,Bullish,Neutral,Neutral,Bullish,Neutral,Bullish,Bullish,Neutral,4,1,none,"mechanical count <5 this checkpoint -- not fetched per standing rule, p1 Neutral"
2026-09-13T07:06:35.831566+00:00,2026-09-13 AM,AAVE,Neutral,Bullish,Bullish,Bullish,Neutral,Bullish,Neutral,Bullish,Bullish,Neutral,6,0,none,"sentiment.py FAILED (HTTP 403 x2, retried) -- web-search fallback: source framed a '+20% weekly' move as the basis for 'improving interest,' but our own feed shows AAVE -7.52% 7d (a real pullback, not a rally) -- with daily X chatter also thin (~40/day, low vs peers) despite real catalysts (Kalshi perps listing, wallet-growth day), the price premise for the Bullish call doesn't hold and engagement itself is too quiet for a clean dominance read either way -- overridden from the raw fallback's Bullish framing to contrarian Neutral, logged for the discrepancy."
2026-09-13T07:06:35.831566+00:00,2026-09-13 AM,ENA,Bullish,Bullish,Neutral,Bullish,Neutral,Bullish,Neutral,Bullish,Bullish,Neutral,6,0,none,"sentiment.py FAILED (HTTP 403 x2, retried) -- web-search fallback: our own feed shows ENA $0.1405, -20.26% 7d -- a real, sharp fresh decline, not the 'recovery' the source framed -- against that drawdown, community mood is described as moving from 'slowly dying' capitulation earlier in the cycle to cautious re-accumulation chatter, with the underlying staking/protocol-adoption thesis intact and no mania language -- fear-during-a-real-decline-with-intact-thesis fits the capitulation case, contrarian Bullish (price framing corrected against our own feed, label unchanged)."
2026-09-13T07:06:35.831566+00:00,2026-09-13 AM,MORPHO,Neutral,Neutral,Bearish,Bullish,Neutral,Bullish,Bearish,Bullish,Bullish,Neutral,4,2,none,"mechanical count <5 this checkpoint -- not fetched per standing rule, p1 Neutral"
2026-09-13T07:06:35.831566+00:00,2026-09-13 AM,ONDO,Neutral,Neutral,Neutral,Bullish,Neutral,Bullish,Neutral,Bullish,Bullish,Neutral,4,0,none,"mechanical count <5 this checkpoint -- not fetched per standing rule, p1 Neutral"
2026-09-13T07:06:35.831566+00:00,2026-09-13 AM,ETHFI,Bearish,Bearish,Bullish,Bullish,Neutral,Bullish,Bullish,Bullish,Bullish,Neutral,6,2,none,"sentiment.py FAILED (HTTP 403 x2, retried) -- web-search fallback: after a reported 62% 30d rally, Binance long/short positioning heavily skewed long (1.70 overall, 1.99 top traders) even as raw tweet sentiment stays mostly neutral -- crowded-long positioning chasing an extended move (dev-from-50DMA 34.9%, consistent with our own feed) is the 'everyone's in' mania marker, contrarian Bearish."
2026-09-13T07:06:35.831566+00:00,2026-09-13 AM,CAKE,Bearish,Bearish,Bullish,Bullish,Neutral,Bullish,Neutral,Bullish,Bullish,Neutral,5,2,none,"sentiment.py FAILED (HTTP 403 x2, retried) -- web-search fallback: sentiment loudly bullish (29/32 technical signals bullish per source) with strategists throwing out 2-4x price targets ($5.24, then $8.38) off an extended move (our own feed: dev-from-50DMA +30.1%, RSI 67.1, though this week itself is flat at -1.96% 7d -- the big move was earlier in the 30d window and the crowd is still chasing targets off the highs) -- stacking public price-target mania off an already-extended move, contrarian Bearish."
2026-09-13T07:06:35.831566+00:00,2026-09-13 AM,JUP,Neutral,Bullish,Neutral,Bullish,Neutral,Bullish,Neutral,Bullish,Bullish,Neutral,5,0,held,"sentiment.py FAILED (HTTP 403 x2, retried) -- web-search fallback: source cited 'price up 33.5% in 7d' as the basis for improving interest, but our own feed shows JUP -13.78% 7d -- a direct contradiction, not just a framing gap -- Twitter itself reads mostly neutral (58%) with no mania language, but with the stated price premise inverted from reality, the 'improving interest' call cannot be trusted -- overridden from the raw fallback's Bullish framing to contrarian Neutral, logged for the discrepancy."
2026-09-13T07:06:35.831566+00:00,2026-09-13 AM,VET,Neutral,Bearish,Bullish,Neutral,Neutral,Neutral,Neutral,Bullish,Bullish,Neutral,3,1,none,"mechanical count <5 this checkpoint -- not fetched per standing rule, p1 Neutral"
2026-09-13T07:06:35.831566+00:00,2026-09-13 AM,HBAR,Neutral,Neutral,Neutral,Bullish,Neutral,Bullish,Neutral,Bullish,Bullish,Neutral,4,0,none,"mechanical count <5 this checkpoint -- not fetched per standing rule, p1 Neutral"
2026-09-13T07:06:35.831566+00:00,2026-09-13 AM,PENDLE,Bearish,Bearish,Bullish,Neutral,Neutral,Bullish,Bullish,Bullish,Bullish,Neutral,5,2,none,"sentiment.py FAILED (HTTP 403 x2, retried) -- web-search fallback: 7d price surge cited (29.8-58%) reflects a longer window than our own feed's +1.42% 7d (our dev-from-50DMA +31.0% confirms the bigger move happened earlier in the 30d window and has since flattened), RSI-7d 78.99 (source's own metric, overbought) and F&G 66 (Greed) plus '$3 target' price-mania headlines -- euphoria/crowding markers persist off the highs even as the tape itself has cooled this week, contrarian Bearish."
2026-09-13T07:06:35.831566+00:00,2026-09-13 AM,PEPE,Neutral,Neutral,Neutral,Bullish,Neutral,Bullish,Neutral,Bullish,Bullish,Neutral,4,0,none,"mechanical count <5 this checkpoint -- not fetched per standing rule, p1 Neutral"
2026-09-13T07:06:35.831566+00:00,2026-09-13 AM,TAO,Neutral,Neutral,Neutral,Bullish,Neutral,Bullish,Neutral,Bullish,Bullish,Neutral,4,0,none,"mechanical count <5 this checkpoint -- not fetched per standing rule, p1 Neutral"
2026-09-13T07:06:35.831566+00:00,2026-09-13 AM,POL,Neutral,Neutral,Neutral,Bullish,Neutral,Bullish,Neutral,Bullish,Bullish,Neutral,4,0,none,"mechanical count <5 this checkpoint -- not fetched per standing rule, p1 Neutral"
2026-09-13T07:06:35.831566+00:00,2026-09-13 AM,PENGU,Neutral,Bearish,Bearish,Bullish,Neutral,Bullish,Neutral,Bullish,Bullish,Neutral,4,2,none,"mechanical count <5 this checkpoint -- not fetched per standing rule, p1 Neutral"
2026-09-13T07:06:35.831566+00:00,2026-09-13 AM,ARB,Neutral,Bearish,Bullish,Bullish,Neutral,Bullish,Neutral,Bullish,Bullish,Neutral,5,1,none,"sentiment.py FAILED (HTTP 403 x2, retried) -- web-search fallback: Twitter only mildly bullish (62.8% neutral, 37.2% bullish), daily chart overbought with hype coverage ('100x return' headlines, Robinhood Chain narrative) tempered by a real Sept 16 unlock/dilution overhang -- and our own feed shows a sharp -25.88% 7d pullback underneath that hype, a genuinely mixed/contradictory picture that clears neither the euphoria nor the capitulation bar cleanly, contrarian Neutral."
2026-09-13T07:06:35.831566+00:00,2026-09-13 AM,PYTH,Neutral,Bullish,Bullish,Neutral,Neutral,Bullish,Neutral,Bullish,Bullish,Neutral,5,0,none,"sentiment.py FAILED (HTTP 403 x2, retried) -- web-search fallback: coverage dry/technical/factual (indicator-support percentages, wide-ranging forecasts, a note that heavier long liquidations caught leveraged bulls offside) -- no euphoric mania and no despair/capitulation language found, contrarian Neutral."
2026-09-13T07:06:35.831566+00:00,2026-09-13 AM,ASTER,Neutral,Neutral,Neutral,Bullish,Neutral,Bullish,Neutral,Bullish,Bullish,Neutral,4,0,none,"mechanical count <5 this checkpoint -- not fetched per standing rule, p1 Neutral"
2026-09-13T07:06:35.831566+00:00,2026-09-13 AM,NEAR,Neutral,Bullish,Bullish,Bullish,Neutral,Bullish,Bearish,Bullish,Bullish,Neutral,6,1,none,"sentiment.py FAILED (HTTP 403 x2, retried) -- web-search fallback: signals genuinely split -- a bearish pennant/selloff call toward $2.15 sits alongside bullish adoption narratives (chain-abstraction/AI, NEAR Day catalyst), only 39% bullish vs 6% bearish tweet share with most tweets neutral -- no clear euphoria or capitulation, contrarian Neutral."
2026-09-13T07:06:35.831566+00:00,2026-09-13 AM,FIL,Neutral,Neutral,Bullish,Bullish,Neutral,Bullish,Bullish,Bullish,Bullish,Neutral,6,0,none,"sentiment.py FAILED (HTTP 403 x2, retried) -- web-search fallback: source framed a 'sharp 10-13% price surge' as the basis for improving interest, but our own feed shows FIL +0.87% 7d / +1.65% 24h (essentially flat, no surge) -- with the rally premise unsupported by our own price data and no clean euphoria or capitulation markers otherwise (Twitter itself 55% neutral), overridden from the raw fallback's Bullish framing to contrarian Neutral, logged for the discrepancy."
2026-09-13T19:05:48.616242+00:00,2026-09-13 PM,BTC,Neutral,Bullish,Bullish,Bullish,Neutral,Bullish,Neutral,Neutral,Bullish,Neutral,5,0,none,"sentiment.py FAILED (HTTP 403 x2, retried) -- web-search fallback: F&G readings moderate-greed (56-63, one tracker 50/Neutral), no mania/'everyone's in' language found this run -- a real cool-down from AM's CryptoQuant-euphoria-driven Bearish read (index >89); source framing BTC as a 'strong uptrend' contradicts our own feed (7d -3.69%), so that framing discarded -- no clean extreme survives, contrarian Neutral."
2026-09-13T19:05:48.616242+00:00,2026-09-13 PM,ETH,Neutral,Bullish,Bullish,Bullish,Neutral,Bullish,Bearish,Neutral,Bullish,Neutral,5,1,held,"sentiment.py FAILED (HTTP 403 x2, retried) -- web-search fallback: genuinely conflicting reads -- one ETH-specific index at 69 (Greed) vs. another outlet's 'extreme fear' headline (sourced from a stale/wrong-price article quoting $1,734, far off our $2,511.38 mark, discarded) -- no clean dominant mood survives the cross-check, contrarian Neutral. Sharp reversal from this AM's capitulation-driven Bullish read -- logged as-found, not smoothed."
2026-09-13T19:05:48.616242+00:00,2026-09-13 PM,BNB,Bearish,Bullish,Bullish,Neutral,Neutral,Bullish,Neutral,Neutral,Bullish,Neutral,4,1,held,"sentiment.py FAILED (HTTP 403 x2, retried) -- web-search fallback: sources describe a rally 'to a local high near $771' with F&G at 73 (Greed) and bullish framing -- directly contradicts our own feed (7d -4.0%, price $722.85, well off that referenced high) -- the crowd's bullish framing describing a high the price has since pulled back from is the same denial-phase-euphoria pattern flagged this AM, contrarian Bearish, persisting for a second checkpoint."
2026-09-13T19:05:48.616242+00:00,2026-09-13 PM,XRP,Neutral,Neutral,Neutral,Bullish,Neutral,Bullish,Neutral,Neutral,Bullish,Neutral,3,0,none,"mechanical count 3<5 this checkpoint -- not fetched per standing rule, p1 Neutral"
2026-09-13T19:05:48.616242+00:00,2026-09-13 PM,SOL,Neutral,Bullish,Bullish,Bullish,Neutral,Bullish,Neutral,Neutral,Bullish,Neutral,5,0,none,"sentiment.py FAILED (HTTP 403 x2, retried) -- web-search fallback: source cited '+25.50% 7d' as the basis for bullish-skewed long positioning (1.9:1) and 'confidence and excitement,' but our own feed shows SOL -4.97% 7d -- a direct contradiction, not just a framing gap -- with the stated price premise inverted from reality, the excitement/long-skew read cannot be trusted as a clean signal either way, contrarian Neutral."
2026-09-13T19:05:48.616242+00:00,2026-09-13 PM,TRX,Neutral,Bullish,Bullish,Bullish,Neutral,Bullish,Neutral,Neutral,Bullish,Neutral,5,0,held,"sentiment.py FAILED (HTTP 403 x2, retried) -- web-search fallback: 'cautious optimism' -- real fundamentals (largest USDT settlement chain, DeFi TVL >$5.18B) weighed against a broken technical trendline, no mania or despair language found, source's own price framing (+1.43% 24h) roughly consistent with our feed (no contradiction) -- no clean crowd extreme, contrarian Neutral, matches this AM's read."
2026-09-13T19:05:48.616242+00:00,2026-09-13 PM,DOGE,Neutral,Neutral,Neutral,Bullish,Neutral,Bullish,Neutral,Neutral,Bullish,Neutral,3,0,none,"mechanical count 3<5 this checkpoint -- not fetched per standing rule, p1 Neutral"
2026-09-13T19:05:48.616242+00:00,2026-09-13 PM,ZEC,Neutral,Bearish,Bullish,Neutral,Neutral,Bullish,Neutral,Neutral,Bullish,Neutral,3,1,none,"mechanical count 3<5 this checkpoint -- not fetched per standing rule, p1 Neutral"
2026-09-13T19:05:48.616242+00:00,2026-09-13 PM,ADA,Neutral,Neutral,Neutral,Bullish,Neutral,Bullish,Neutral,Neutral,Bullish,Neutral,3,0,none,"mechanical count 3<5 this checkpoint -- not fetched per standing rule, p1 Neutral"
2026-09-13T19:05:48.616242+00:00,2026-09-13 PM,LINK,Neutral,Bullish,Neutral,Bullish,Neutral,Bullish,Neutral,Neutral,Bullish,Neutral,4,0,none,"mechanical count 4<5 this checkpoint -- not fetched per standing rule, p1 Neutral"
2026-09-13T19:05:48.616242+00:00,2026-09-13 PM,UNI,Neutral,Bearish,Bullish,Neutral,Neutral,Bullish,Neutral,Neutral,Bullish,Neutral,3,1,none,"mechanical count 3<5 this checkpoint -- not fetched per standing rule, p1 Neutral"
2026-09-13T19:05:48.616242+00:00,2026-09-13 PM,AAVE,Bullish,Bullish,Bullish,Bullish,Neutral,Bullish,Neutral,Neutral,Bullish,Neutral,6,0,none,"sentiment.py FAILED (HTTP 403 x2, retried) -- web-search fallback: AAVE-specific Fear&Greed reading 27.69 (Fear), broader market also fear-leaning, against a real -7.07% 7d pullback our own feed confirms (no price contradiction) -- but whales net-bought $157.5M (54% buy ratio) over 30d into the weakness, i.e. smart money accumulating through fear rather than capitulating alongside it -- fear-with-accumulation fits the capitulation-while-narrative-intact case, contrarian Bullish (mechanical count now 5/9 for a second checkpoint running -- watch item, still short of arming)."
2026-09-13T19:05:48.616242+00:00,2026-09-13 PM,ENA,Neutral,Bullish,Neutral,Bullish,Neutral,Bullish,Neutral,Neutral,Bullish,Neutral,4,0,none,"mechanical count 4<5 this checkpoint -- not fetched per standing rule, p1 Neutral"
2026-09-13T19:05:48.616242+00:00,2026-09-13 PM,MORPHO,Neutral,Neutral,Bearish,Bullish,Neutral,Bullish,Neutral,Neutral,Bullish,Neutral,3,1,none,"mechanical count 3<5 this checkpoint -- not fetched per standing rule, p1 Neutral"
2026-09-13T19:05:48.616242+00:00,2026-09-13 PM,ONDO,Neutral,Neutral,Neutral,Bullish,Neutral,Bullish,Neutral,Neutral,Bullish,Neutral,3,0,none,"mechanical count 3<5 this checkpoint -- not fetched per standing rule, p1 Neutral"
2026-09-13T19:05:48.616242+00:00,2026-09-13 PM,ETHFI,Neutral,Bearish,Bullish,Neutral,Neutral,Bullish,Bullish,Neutral,Bullish,Neutral,4,1,none,"mechanical count 4<5 this checkpoint -- not fetched per standing rule, p1 Neutral"
2026-09-13T19:05:48.616242+00:00,2026-09-13 PM,CAKE,Neutral,Bearish,Neutral,Bullish,Neutral,Bullish,Bullish,Neutral,Bullish,Neutral,4,1,none,"mechanical count 4<5 this checkpoint -- not fetched per standing rule, p1 Neutral"
2026-09-13T19:05:48.616242+00:00,2026-09-13 PM,JUP,Bearish,Bullish,Neutral,Bullish,Neutral,Bullish,Neutral,Neutral,Bullish,Neutral,4,1,held,"sentiment.py FAILED (HTTP 403 x2, retried) -- web-search fallback: one source's '+33.5% 7d' claim directly contradicts our own feed (-14.51% 7d) and is discarded -- but other reads are consistent with our feed and genuinely negative: a -7.7% single-day drop tied to market-wide risk-off, and a separate report of JUP's DAO governance halted amid stated 'trust issues' -- a real narrative-deterioration marker distinct from the discarded price claim, contrarian Bearish (flips from this AM's Neutral read; flagged as a fresh watch item on the held position's thesis, not yet action-triggering per Section 3 rule 6 -- sentiment alone is never a standalone reason to act)."
2026-09-13T19:05:48.616242+00:00,2026-09-13 PM,VET,Neutral,Bearish,Bullish,Neutral,Neutral,Neutral,Neutral,Neutral,Bullish,Neutral,2,1,none,"mechanical count 2<5 this checkpoint -- not fetched per standing rule, p1 Neutral"
2026-09-13T19:05:48.616242+00:00,2026-09-13 PM,HBAR,Neutral,Neutral,Neutral,Bullish,Neutral,Bullish,Neutral,Neutral,Bullish,Neutral,3,0,none,"mechanical count 3<5 this checkpoint -- not fetched per standing rule, p1 Neutral"
2026-09-13T19:05:48.616242+00:00,2026-09-13 PM,PENDLE,Neutral,Bearish,Bullish,Neutral,Neutral,Bullish,Bullish,Neutral,Bullish,Neutral,4,1,none,"mechanical count 4<5 this checkpoint -- not fetched per standing rule, p1 Neutral"
2026-09-13T19:05:48.616242+00:00,2026-09-13 PM,PEPE,Neutral,Neutral,Neutral,Bullish,Neutral,Bullish,Neutral,Neutral,Bullish,Neutral,3,0,none,"mechanical count 3<5 this checkpoint -- not fetched per standing rule, p1 Neutral"
2026-09-13T19:05:48.616242+00:00,2026-09-13 PM,TAO,Neutral,Neutral,Neutral,Bullish,Neutral,Bullish,Neutral,Neutral,Bullish,Neutral,3,0,none,"mechanical count 3<5 this checkpoint -- not fetched per standing rule, p1 Neutral"
2026-09-13T19:05:48.616242+00:00,2026-09-13 PM,POL,Neutral,Neutral,Neutral,Bullish,Neutral,Bullish,Neutral,Neutral,Bullish,Neutral,3,0,none,"mechanical count 3<5 this checkpoint -- not fetched per standing rule, p1 Neutral"
2026-09-13T19:05:48.616242+00:00,2026-09-13 PM,PENGU,Neutral,Bearish,Bearish,Bullish,Neutral,Bullish,Neutral,Neutral,Bullish,Neutral,3,2,none,"mechanical count 3<5 this checkpoint -- not fetched per standing rule, p1 Neutral"
2026-09-13T19:05:48.616242+00:00,2026-09-13 PM,ARB,Neutral,Bearish,Bullish,Bullish,Neutral,Bullish,Neutral,Neutral,Bullish,Neutral,4,1,none,"mechanical count 4<5 this checkpoint -- not fetched per standing rule, p1 Neutral"
2026-09-13T19:05:48.616242+00:00,2026-09-13 PM,PYTH,Neutral,Bullish,Bullish,Neutral,Neutral,Bullish,Bearish,Neutral,Bullish,Neutral,4,1,none,"mechanical count 4<5 this checkpoint -- not fetched per standing rule, p1 Neutral"
2026-09-13T19:05:48.616242+00:00,2026-09-13 PM,ASTER,Neutral,Neutral,Neutral,Bullish,Neutral,Bullish,Neutral,Neutral,Bullish,Neutral,3,0,none,"mechanical count 3<5 this checkpoint -- not fetched per standing rule, p1 Neutral"
2026-09-13T19:05:48.616242+00:00,2026-09-13 PM,NEAR,Neutral,Bearish,Bullish,Bullish,Neutral,Bullish,Neutral,Neutral,Bullish,Neutral,4,1,none,"mechanical count 4<5 this checkpoint -- not fetched per standing rule, p1 Neutral"
2026-09-13T19:05:48.616242+00:00,2026-09-13 PM,FIL,Bearish,Bearish,Neutral,Bullish,Bullish,Bullish,Bullish,Neutral,Bullish,Neutral,5,2,none,"sentiment.py FAILED (HTTP 403 x2, retried) -- web-search fallback: matches our own feed's sharp overnight move (+23.8% 24h, RSI 73.1, 35.3% above 50DMA, no price contradiction) -- but the social read is hype-heavy target-chasing ('rare momentum setup that rarely fails') stacked on an already-overbought, overextended move, with low open interest and continued spot outflows underneath the hype (thin actual conviction) -- textbook euphoria/mania on an extended move, contrarian Bearish. AI-data-storage demand narrative + Oct 15 vesting-cliff story cited as the move's driver."
2026-09-14T07:07:32.891680+00:00,2026-09-14 AM,BTC,Neutral,Bullish,Bullish,Bullish,Neutral,Bullish,Neutral,Bullish,Bullish,Neutral,6,0,none,"web-search fallback: interest steady/elevated (F&G 63/Greed cited by sources, vs our own global F&G 57), calm-to-greedy mood with no mania language, some caution tied to the Sept 15 CLARITY Act Senate vote as a swing-risk event -- no clean crowd extreme either way, contrarian Neutral. Price claim ('$77,453, +0.4% 24h') roughly agrees with our feed, no contradiction."
2026-09-14T07:07:32.891680+00:00,2026-09-14 AM,ETH,Neutral,Bullish,Bullish,Bullish,Neutral,Bullish,Bullish,Bullish,Bullish,Neutral,7,0,held,"web-search fallback: genuinely mixed -- no euphoria, but real hedging/caution language ('bears gaining control', downside protection bought ahead of Fed/Senate events) against continuing ETF inflows ($1.85B Aug, $104M early Sept) -- a real tug-of-war, no clean extreme, contrarian Neutral. Source's '-1.22% 24h, $2,495.42' price framing contradicts our feed's +1.67%/$2,518.36 (opposite direction) -- flagged as a likely stale snapshot, discarded, doesn't change the qualitative read. Mechanical read is the cleanest of the hold (7/9, 0 Bearish) -- total 7/10, 0 Bearish this checkpoint, but already at full target size, no rule provides for adding."
2026-09-14T07:07:32.891680+00:00,2026-09-14 AM,BNB,Bearish,Bullish,Bullish,Neutral,Neutral,Bullish,Neutral,Bullish,Bullish,Neutral,5,1,held,"web-search fallback: 'unwavering bullish conviction' language persists near resistance even as our own feed shows a real -2.13% 7d pullback off referenced highs -- the same denial-phase-euphoria pattern flagged the last two checkpoints (crowd chanting continuation targets through a pullback rather than adjusting), contrarian Bearish, third checkpoint running. No price contradiction this round (source's early-Sept-high framing is consistent with a subsequent pullback to our $724.21 mark). Invalidation cushion ~4.03%, still tightest on the book -- standing watch item, held Intact (no other deterioration signal to pair with the sentiment read; Section 3 rule 6 bars sentiment alone from triggering action)."
2026-09-14T07:07:32.891680+00:00,2026-09-14 AM,XRP,Neutral,Neutral,Bullish,Bullish,Neutral,Bullish,Neutral,Bullish,Bullish,Neutral,5,0,none,"web-search fallback: whale futures positioning described as 'extremely bullish' despite market-wide chop, but zero euphoria/mania language found and one source itself flags a sentiment/price divergence (F&G 71-Greed cited market-wide against a market-cap pullback) -- crowd conviction without confirming price action, no clean extreme, contrarian Neutral. Source price ('$1.40', ~1wk stale) agrees directionally with our $1.3878, no material contradiction."
2026-09-14T07:07:32.891680+00:00,2026-09-14 AM,SOL,Bullish,Bullish,Bullish,Bullish,Neutral,Bullish,Neutral,Bullish,Bullish,Neutral,7,0,armed,"web-search fallback: interest firm, constructive-not-manic bullish positioning (ETF-approval speculation, falling exchange supply, DeFi/NFT pickup), long/short ratio elevated (~1.8-1.9x) but funding itself flat (0.01%/8h, no crowding) -- improving interest without euphoria fits the Bullish branch cleanly, contrarian Bullish. Source price ('$102.93', ~6d stale) roughly agrees with our $101.60, no material contradiction. Not held -- 7/10 total (0 Bearish), first occurrence this checkpoint (PM 09-13 was 5/10) -- ARMED, confirmation needed next trading checkpoint."
2026-09-14T07:07:32.891680+00:00,2026-09-14 AM,TRX,Neutral,Bullish,Bullish,Bullish,Neutral,Bullish,Neutral,Bullish,Bullish,Neutral,6,0,held,"web-search fallback: mood neutral/cautious -- a genuine technical caution flag (TRX 'lost a trendline held since February') offset by real fundamental strength (record $91.8B USDT settlement volume, DeFi TVL >$5.18B) -- mixed, no clean extreme, contrarian Neutral. Source's '-2.2% 24h, $0.3225' price claim contradicts our feed's +0.33%/$0.3395 (opposite direction, different level), undated -- discarded per standing cross-check rule."
2026-09-14T07:07:32.891680+00:00,2026-09-14 AM,DOGE,Neutral,Neutral,Neutral,Bullish,Neutral,Bullish,Neutral,Bullish,Bullish,Neutral,4,0,none,"mechanical count 4<5 this checkpoint -- not fetched per standing rule, p1 Neutral"
2026-09-14T07:07:32.891680+00:00,2026-09-14 AM,ZEC,Neutral,Bearish,Bullish,Neutral,Neutral,Bullish,Neutral,Bullish,Bullish,Neutral,4,1,none,"mechanical count 4<5 this checkpoint -- not fetched per standing rule, p1 Neutral"
2026-09-14T07:07:32.891680+00:00,2026-09-14 AM,ADA,Neutral,Neutral,Neutral,Bullish,Neutral,Bullish,Bearish,Bullish,Bullish,Neutral,4,1,none,"mechanical count 4<5 this checkpoint -- not fetched per standing rule, p1 Neutral"
2026-09-14T07:07:32.891680+00:00,2026-09-14 AM,LINK,Neutral,Bullish,Neutral,Bullish,Neutral,Bullish,Neutral,Bullish,Bullish,Neutral,5,0,none,"web-search fallback: mixed/cautious, one snippet citing 'bearish sentiment 63%, F&G 28' (a genuine fear reading) against a modest positive catalyst (new institutional-adoption leadership hire, ongoing BitGo $7.7B WBTC-to-CCIP migration story). Source price data was internally inconsistent across snippets and directly contradicts our feed's +1.99% 24h/-10.37% 7d on both direction and magnitude -- too noisy/low-confidence to support even a contrarian capitulation call, contrarian Neutral."
2026-09-14T07:07:32.891680+00:00,2026-09-14 AM,UNI,Neutral,Bearish,Bullish,Neutral,Neutral,Bullish,Neutral,Bullish,Bullish,Neutral,4,1,none,"mechanical count 4<5 this checkpoint -- not fetched per standing rule, p1 Neutral"
2026-09-14T07:07:32.891680+00:00,2026-09-14 AM,AAVE,Neutral,Bullish,Neutral,Bullish,Neutral,Bullish,Neutral,Bullish,Bullish,Neutral,5,0,none,"web-search fallback: strong genuine positive news (CFTC-regulated USD-settled perps listing, new Stable Vaults product, 1,806 new wallets in one day) but the momentum framing around it ('+20% this week', '~40% above 50/200DMA') directly contradicts our feed's real -4.56% 7d / 14.9%-above-50DMA read -- a large divergence, discarded -- with the exaggerated-momentum premise stripped out, what's left is real news without a matching euphoric price backdrop, no clean crowd extreme, contrarian Neutral (no fear-with-accumulation angle surfaced this round, unlike PM 09-13's read)."
2026-09-14T07:07:32.891680+00:00,2026-09-14 AM,ENA,Bullish,Bullish,Neutral,Bullish,Neutral,Bullish,Neutral,Bullish,Bullish,Neutral,6,0,none,"web-search fallback: F&G 30 (Fear) cited amid real derivatives-market caution, against our feed's genuine -14.62% 7d decline -- a real fear reading on a real pullback -- combined with a fresh, concrete reform catalyst (buyback vote + VC-unlock overhaul aimed at reviving USDe growth, not just hopeful chatter) arguing the thesis isn't broken -- fear-with-a-repair-catalyst fits the capitulation-while-narrative-intact Bullish branch, contrarian Bullish. Price levels ($0.14-0.17 range cited) cluster consistent with our $0.1402, no material contradiction."
2026-09-14T07:07:32.891680+00:00,2026-09-14 AM,MORPHO,Neutral,Bullish,Neutral,Bullish,Neutral,Bullish,Neutral,Bullish,Bullish,Neutral,5,0,none,"web-search fallback: no euphoria or panic, measured caution ('whale distribution presents headwinds') -- narrative mixed (RWA/RedStone integration, continued Coinbase/Robinhood vault inflows vs. the whale-distribution caution) -- no clean extreme, contrarian Neutral. Source's '-3.80% 24h, $2.56' price claim contradicts our feed's +2.91%/$2.227 (opposite direction, materially different level) -- discarded; 7d figure (-11.70%) roughly agrees with our -9.95%."
2026-09-14T07:07:32.891680+00:00,2026-09-14 AM,ONDO,Neutral,Neutral,Neutral,Bullish,Neutral,Bullish,Neutral,Bullish,Bullish,Neutral,4,0,none,"mechanical count 4<5 this checkpoint -- not fetched per standing rule, p1 Neutral"
2026-09-14T07:07:32.891680+00:00,2026-09-14 AM,ETHFI,Bearish,Bearish,Bullish,Neutral,Neutral,Bullish,Bullish,Bullish,Bullish,Neutral,5,2,none,"web-search fallback: agent's own read 'leaning euphoric' -- crowded long positioning (long/short 1.70, top traders 1.99), breakout-target pieces ($0.75), '62% in 30 days' headline hype -- stacked on a real overextension (29.9% above 50DMA, our own p2_dma already Bearish) -- crowded-long euphoria on an extended move, contrarian Bearish. Source's 7d figure (+11.79%) closely agrees with our +11.87%; 24h (+4.38% vs our +5.78%) directionally consistent, no material contradiction. EIP-8363 controversy (ether.fi CEO opposing a tapered-issuance-burn proposal) read as a protocol-policy dispute, not a red flag."
2026-09-14T07:07:32.891680+00:00,2026-09-14 AM,CAKE,Neutral,Bearish,Neutral,Neutral,Neutral,Bullish,Bullish,Bullish,Bullish,Neutral,4,1,none,"mechanical count 4<5 this checkpoint -- not fetched per standing rule, p1 Neutral"
2026-09-14T07:07:32.891680+00:00,2026-09-14 AM,JUP,Neutral,Bullish,Neutral,Bullish,Neutral,Bullish,Neutral,Bullish,Bullish,Neutral,5,0,held,"web-search fallback: calm/neutral, mild technical-breakout chatter ('bullish engulfing pattern' after a ~2-week correction), no euphoria or despair language. Specifically re-checked the DAO-governance-halt/'trust issues' story flagged as a fresh watch item last checkpoint: independently corroborated by 4 sources (DL News, CoinDesk, The Block, blockchain.news) but dated **June 2025**, with governance already resumed in 2026 (emissions-cut vote, Litterbox Trust burn vote since held) -- confirmed stale/resolved, not a current red flag, watch item cleared. No price contradiction ($0.223-0.22 cited vs our $0.2373, consistent)."
2026-09-14T07:07:32.891680+00:00,2026-09-14 AM,VET,Neutral,Bearish,Neutral,Neutral,Neutral,Neutral,Neutral,Bullish,Bullish,Neutral,2,1,none,"mechanical count 2<5 this checkpoint -- not fetched per standing rule, p1 Neutral. OI/funding history still insufficient (futures_source: null) -- continuing data-outage note."
2026-09-14T07:07:32.891680+00:00,2026-09-14 AM,HBAR,Neutral,Neutral,Neutral,Bullish,Neutral,Bullish,Neutral,Bullish,Bullish,Neutral,4,0,none,"mechanical count 4<5 this checkpoint -- not fetched per standing rule, p1 Neutral"
2026-09-14T07:07:32.891680+00:00,2026-09-14 AM,PENDLE,Bearish,Bearish,Bullish,Neutral,Neutral,Bullish,Bullish,Bullish,Bullish,Neutral,5,2,none,"web-search fallback: enthusiastic, FOMO-adjacent narrative tied to a concrete retail-accessibility catalyst (Robinhood 'Hood Chain' listing, cited via a named crypto-Twitter commentator) stacked on a real, significant overextension (37.2% above 50DMA, RSI 66.8, our own p2_dma mechanical flag already Bearish) -- retail-accessibility hype layered on an already-extended move mirrors the euphoria-on-extension pattern flagged for FIL last checkpoint, contrarian Bearish. Source's '+20.8% 7d' claim conflicts with our feed's +1.12% 7d (discarded); 24h figure (+6.08% vs our +7.99%) roughly agrees. A 2024 Penpie exploit surfaced in search is confirmed stale (Sept 2024), not a current red flag."
2026-09-14T07:07:32.891680+00:00,2026-09-14 AM,PEPE,Neutral,Neutral,Neutral,Bullish,Neutral,Bullish,Bearish,Bullish,Bullish,Neutral,4,1,none,"mechanical count 4<5 this checkpoint -- not fetched per standing rule, p1 Neutral"
2026-09-14T07:07:32.891680+00:00,2026-09-14 AM,TAO,Neutral,Neutral,Neutral,Bullish,Neutral,Bullish,Neutral,Bullish,Bullish,Neutral,4,0,none,"mechanical count 4<5 this checkpoint -- not fetched per standing rule, p1 Neutral"
2026-09-14T07:07:32.891680+00:00,2026-09-14 AM,POL,Neutral,Neutral,Neutral,Bullish,Neutral,Bullish,Neutral,Bullish,Bullish,Neutral,4,0,none,"mechanical count 4<5 this checkpoint -- not fetched per standing rule, p1 Neutral"
2026-09-14T07:07:32.891680+00:00,2026-09-14 AM,PENGU,Neutral,Bearish,Bearish,Bullish,Neutral,Bullish,Neutral,Bullish,Bullish,Neutral,4,2,none,"mechanical count 4<5 this checkpoint -- not fetched per standing rule, p1 Neutral"
2026-09-14T07:07:32.891680+00:00,2026-09-14 AM,ARB,Neutral,Bearish,Bullish,Bullish,Neutral,Bullish,Neutral,Bullish,Bullish,Neutral,5,1,none,"web-search fallback: genuinely split -- some bullish breakout calls ($0.50+ targets) vs. explicit overbought warnings (RSI ~80 cited by one source) -- no clean crowd extreme. Source's '+28.32% 24h, +13.90% 7d, RSI 80.08' price/momentum claims directly contradict our feed's +3.01%/-19.13%/RSI 55.4 -- a large divergence, discarded per the cross-check rule; real narrative (Robinhood Chain buzz vs. the Sept 16 92.63M-ARB unlock overhang, a standing watch item) stays mixed either way, contrarian Neutral."
2026-09-14T07:07:32.891680+00:00,2026-09-14 AM,PYTH,Bullish,Bullish,Bullish,Neutral,Neutral,Bullish,Bearish,Bullish,Bullish,Neutral,6,1,none,"web-search fallback: bullish-but-not-manic framing ('confirming bullish control') tied to concrete institutional catalysts (Nasdaq TotalView on-chain data, Arc testnet, a Core/Pro paid-subscription tier) rather than hype language -- improving interest without euphoria, contrarian Bullish. Source price ('$0.05673-0.05575') agrees with our $0.0575; one stale 'September target $0.0389' figure internally inconsistent with the rest of the sourcing, discarded."
2026-09-14T07:07:32.891680+00:00,2026-09-14 AM,ASTER,Neutral,Neutral,Neutral,Bullish,Neutral,Bullish,Neutral,Bullish,Bullish,Neutral,4,0,none,"mechanical count 4<5 this checkpoint -- not fetched per standing rule, p1 Neutral"
2026-09-14T07:07:32.891680+00:00,2026-09-14 AM,NEAR,Neutral,Bearish,Bullish,Bullish,Bearish,Bullish,Bullish,Bullish,Bullish,Neutral,6,2,none,"web-search fallback: enthusiasm building but fundamentals-framed (AI/agent-settlement narrative, 118M monthly active addresses) rather than mania language; one source itself flags a 'bearish pennant'/technical caution amid the rally -- notable given NEAR is already 29.7% above its 50DMA (this run's own p2_dma mechanical Bearish flag) -- enthusiasm stacked on a real overextension keeps this short of a clean 'improving interest without euphoria' call, contrarian Neutral rather than compounding the overextension flag. Source price trajectory agrees with our feed's +6.01%/+5.55% moves, no contradiction."
2026-09-14T07:07:32.891680+00:00,2026-09-14 AM,FIL,Neutral,Bearish,Neutral,Neutral,Neutral,Bullish,Bullish,Bullish,Bullish,Neutral,4,1,none,"mechanical count 4<5 this checkpoint -- not fetched per standing rule, p1 Neutral"
